audio_file,type,merged_id,normalized_key,sentence_id
Word_0100.01.m4a,base_form,8d0bc60dd9228319,,
1552.1.m4a,base_form,ad38cb8fad5fefb2,,
Word_CNLD_boy_4.1.m4a,base_form,b8ea59d860ba3d25,,
0005.1.m4a,base_form,9fbc053b0248efe2,,
Word_0006.1.m4a,base_form,c73307b1cc0b6ee1,,
0007.1.m4a,base_form,6032a2e5be2929c2,,
Word_0010.1.m4a,base_form,30d423acd3adf296,,
Word_0012.1.m4a,base_form,16245648be73c139,,
Word_0013.1.m4a,base_form,5197d1054c8f3845,,
Word_0016.1.m4a,base_form,e7b7ae6ab327a5c0,,
0017.1.m4a,base_form,d53ed5f7038fe5f2,,
Word_0018.1.m4a,base_form,b829803ea8edcd44,,
Word_CNLD_gift_19.1.m4a,base_form,ab2837c47a09d47a,,
Word_CNLD_fan_21.1.m4a,base_form,8ea3256ee12db92d,,
Word_0024.1.m4a,base_form,a315955ec891de56,,
Word-0027.1.m4a,base_form,17f352435ae4d53c,,
Word_0028.1.m4a,base_form,20fcdaa9f10f8e73,,
Word_0030.1.m4a,base_form,5f94225a5d942562,,
0032.1.m4a,base_form,889259edb8b08911,,
Word_CNLD_store_35.1.m4a,base_form,0e65e797db6bb930,,
0039.1.m4a,base_form,b299252fb51cd5e6,,
0040.1.m4a,base_form,692bfeef6c6a901e,,
Word_0041.1.m4a,base_form,56bbfbff8eb643f3,,
Word_0042.1.m4a,base_form,b0fc45028f893c0c,,
Word_0043.1.m4a,base_form,b98e8ebd66548398,,
0044.1.m4a,base_form,9a2fb077eb3a67e4,,
Word_0045.1.m4a,base_form,1d0b1a36ef01cb24,,
Word_0047.1.m4a,base_form,8e9c9785c69a6436,,
0051.1.m4a,base_form,6c080091945371a7,,
0053.1.m4a,base_form,2245a077e719e51b,,
Word_0055.1.m4a,base_form,50c3fa12efd8fdf6,,
0056.1.m4a,base_form,22cdab7c28cbf3c0,,
Word_0057.1.m4a,base_form,53f21936c19d75dc,,
0061.1.m4a,base_form,1a8ee04f79e546c6,,
Word_0062.1.m4a,base_form,b3235050b6bb0de2,,
Word_0068.1.m4a,base_form,f5e756b4fdfd35dd,,
0070.1.m4a,base_form,628354d6cba0bf8c,,
0072.1.m4a,base_form,ae2b133b57fc7701,,
0075.1.m4a,base_form,6a1ef36b2ab737c0,,
Word_0080.1.m4a,base_form,3875233daac0346e,,
0085.1.m4a,base_form,18bbdb492391d814,,
Word_0087.1.m4a,base_form,64bd44efa1b63764,,
Word_0088.1.m4a,base_form,8a6c765a0ddce3cf,,
0090.1.m4a,base_form,bb5d72529b002ce7,,
Word_0093.1.m4a,base_form,09f798c74b01bf1e,,
Word_0094.1.m4a,base_form,f4c107715b1b287d,,
Word_0095.1.m4a,base_form,782f7cea419377f8,,
Word_0096.1.m4a,base_form,52826352d34a3127,,
0097.1.m4a,base_form,20cdd561a4d9fca0,,
Word_0099.1.m4a,base_form,ecb4abaea0562db4,,
0101.1.m4a,base_form,26a303e52db87c70,,
0106.1.m4a,base_form,7f1336726d7e7e9e,,
Word_0107.1.m4a,base_form,7104fb63adba3626,,
Word_0108.1.m4a,base_form,fe11b2b82da4cf61,,
0109.1.m4a,base_form,dad05922743095aa,,
Word_0111.1.m4a,base_form,a8b152b1fbbd37b9,,
Word_0112.1.m4a,base_form,8ac5a89c3007acb7,,
Word_0115.1.m4a,base_form,69d113d3cc7b75f8,,
Word_0118.1.m4a,base_form,2c79412072ca10bf,,
Word_0120.1.m4a,base_form,c5a639aabc366f6d,,
Word_0123.1.m4a,base_form,41266b7e36c2ecd7,,
Word_0124.1.m4a,base_form,fabc06528327e820,,
Word_0125.1.m4a,base_form,6bd614b452335b59,,
Word_0126.1.m4a,base_form,af2d83b2ae561a37,,
0127.1.m4a,base_form,082dcf25e079f74f,,
Word_0128.1.m4a,base_form,81fcb6cc4f89adfb,,
Word_0129.1.m4a,base_form,b635500252a18ec0,,
0130.1.m4a,base_form,4c14c0fec6b8e32b,,
0134.1.m4a,base_form,32aaf37b823e2df7,,
Word_0136.1.m4a,base_form,82f00cb803218c4e,,
Word_0137.1.m4a,base_form,e070eef42d0a667c,,
0139.1.m4a,base_form,2cb5e89ee99782d9,,
Word_0141.1.m4a,base_form,5602141f079e4b0f,,
0142.1.m4a,base_form,6309e94bc5491e83,,
0144.1.m4a,base_form,d78dbd8c2a80af93,,
Word_0145.1.m4a,base_form,c7bc6eea412ff4b6,,
0146.1.m4a,base_form,525c6261d1c113fb,,
Word_0147.1.m4a,base_form,36f12635220220d6,,
0149.1.m4a,base_form,cf141fd724f1cf49,,
0151.1.m4a,base_form,d40f7dee0b8113fd,,
Word_0152.1.m4a,base_form,4eda248dd36bfaf8,,
0156.1.m4a,base_form,6ba5a17660c615f8,,
Word_0157.1.m4a,base_form,9018cb83b4fc56c3,,
Word_0160.1.m4a,base_form,93c1ef6997baf6d6,,
Word_0162.1.m4a,base_form,65003d68052348e9,,
0163.1.m4a,base_form,0acdb1e2a68d0da3,,
Word_0165.1.m4a,base_form,86329e8364457dac,,
Word_0168.1.m4a,base_form,6db12884f177adc6,,
Word_0170.1.m4a,base_form,f23b24c1c0386c37,,
Word_0174.1.m4a,base_form,1f033de7e2f4537a,,
0176.1.m4a,base_form,31b43993a827246b,,
Word_0180.1.m4a,base_form,6bc7d42dda01ac3e,,
0184.1.m4a,base_form,8827a313cd827cef,,
0187.1.m4a,base_form,35985e0bb75e990e,,
Word_0190.1.m4a,base_form,66e8114e65921f53,,
Word_0194.1.m4a,base_form,5460f48b2515a739,,
Word_CNLD_Translation_0199.1.m4a,base_form,f696f6f50dfe019f,,
Word_0205.1.m4a,base_form,696ea2a9973ae7d8,,
0208.1.m4a,base_form,c582ec578f8125b4,,
Word_CNLD_Drum_0209.1.m4a,base_form,c7ffaf2937a33497,,
Word_0219.1.m4a,base_form,f13e7fa98344e139,,
Word_0221.1.m4a,base_form,a5adc2c3ec36d96b,,
0227.1.m4a,base_form,1a66735665e778d7,,
0231.1.m4a,base_form,871ab4fd59562ff3,,
0232.1.m4a,base_form,1499590597bc72e2,,
Word_0233.1.m4a,base_form,0e91e727936cf5cb,,
0235.1.m4a,base_form,2877e3daff7d2c2e,,
Word_0237.2.m4a,base_form,a72f73317df99b29,,
Word_0242.1.m4a,base_form,b03af5820d0e7d09,,
0243.1.m4a,base_form,df78c7500909f083,,
0247.1.m4a,base_form,1dc9c25e673da60b,,
Word_0248.1.m4a,base_form,2887f172b43bf909,,
Word_0249.1.m4a,base_form,b0addfe89d894f7d,,
Word_0250.1.m4a,base_form,f75c1b4f49aa5c09,,
Word_0251.1.m4a,base_form,6c990992fda2c8e6,,
Word_0252.1.m4a,base_form,5326dd518b1633b2,,
Word_0253.1.m4a,base_form,d867136dd5ea738a,,
Word_0254.1.m4a,base_form,2fa151c987a74f08,,
Word_0255.1.m4a,base_form,a42e80d2733545c5,,
Word_CNLD_Flower_257.1.m4a,base_form,b20c3c8e475585f9,,
Word_0258.1.m4a,base_form,5757aa3d954dfdb8,,
Word_0262.2.m4a,base_form,face012b7a598770,,
Word_0264.1.m4a,base_form,badd26e614faecf6,,
Word_0265.1.m4a,base_form,1d642ab1923a7bb8,,
Word_0267.1.m4a,base_form,2a3a59d953282900,,
0269.1.m4a,base_form,b700027706b7fc35,,
Word_0271.1.m4a,base_form,d2d3333cd7532a5b,,
Word_0272.2.m4a,base_form,c357b7970f64bde3,,
Word_0273.1.m4a,base_form,4dc5056c8975a69e,,
Word_0274.1.m4a,base_form,0b2b12ee9220402b,,
Word_0275.1.m4a,base_form,ecdfb0dc8ae179c8,,
Word_0276.1.m4a,base_form,0da6f1d692644b07,,
Word_0277.1.m4a,base_form,2dfc49747319c444,,
Word_0279.1.m4a,base_form,d5963611cf67038a,,
Word_0281.1.m4a,base_form,c325526368a39135,,
Word_0282.1.m4a,base_form,d92c1462cb4a0299,,
Word_0288.1.m4a,base_form,ee7b9c78fefa3d4a,,
Word_0289.1.m4a,base_form,fec7ba87bfb7cce6,,
0291.1.m4a,base_form,85589ea48685dc50,,
Word_0292.1.m4a,base_form,f8a0dda72a221ae8,,
Word_0294.1.m4a,base_form,1143c5313cc5e614,,
Word_0296.1.m4a,base_form,1d79f73818d27804,,
Word_0298.1.m4a,base_form,684be809c313d1a1,,
0299.1.m4a,base_form,ccd2e510cc83794c,,
0302.1.m4a,base_form,2dbb0ed7c5b6c54a,,
0306.1.m4a,base_form,b952bfacd3e9fc93,,
Word_0308.1.m4a,base_form,a252cfca35fcf64e,,
0309.1.m4a,base_form,d4be88a0c86f867d,,
Word_0310.1.m4a,base_form,bb91104fa3221340,,
Word_0311.1.m4a,base_form,e5b8c00ece1f5b99,,
Word_0317.1.m4a,base_form,4c0dad0802fc5e62,,
Word_0318.1.m4a,base_form,ac7f1013a32652e4,,
Word_0319.1.m4a,base_form,205e89f03849cb0f,,
Word_0320.2.m4a,base_form,e1b631d738edd13f,,
Word_0321.1.m4a,base_form,4705fcf746893e93,,
Word_0322.1.m4a,base_form,7cf2416caef037ab,,
Word_0323.1.m4a,base_form,c7fe14149e67e02a,,
0326.1.m4a,base_form,481c3af254963f18,,
Word_0328.1.m4a,base_form,47c01bfffa2decba,,
0330.1.m4a,base_form,431d5d8127c6275c,,
Word_0333.1.m4a,base_form,dc57f44b915781f1,,
Word_0335.1.m4a,base_form,4d0716a4190d7ff5,,
0340.1.m4a,base_form,ac799ad78fa89eb8,,
Word_0350.1.m4a,base_form,48f300a6f1db1970,,
Word_0351.1.m4a,base_form,0207cba564635bcd,,
Word_0353.1.m4a,base_form,bc4508bfacb740fc,,
Word_0356.1.m4a,base_form,9c0cacde7a0d8412,,
Word_0357.1.m4a,base_form,c517d9d721e2a2c7,,
Word_0358.1.m4a,base_form,e9594e98c57154e7,,
Word_0359.1.m4a,base_form,e839043153f0e679,,
Word_0360.1.m4a,base_form,1347236358e3e8dd,,
0355.1.MP3,base_form,724d4b65b5efaf52,,
Word_0362.1.m4a,base_form,4b85f26c39bbb4e5,,
Word_0363.1.m4a,base_form,6425ad0c00d7af2d,,
Word_0364.1.m4a,base_form,884c0a7fdddb80e7,,
0365.1.m4a,base_form,087372353c02131c,,
0367.1.m4a,base_form,3b2f00e433597efd,,
Word_0368.1.m4a,base_form,8e82dc4823f6fdc7,,
Word_0371.1.m4a,base_form,610d016169bdfae0,,
Word_0372.1.m4a,base_form,be7aba423a93e242,,
Word_0375.1.m4a,base_form,5fc9bf080fa5afee,,
Word_0376.1.m4a,base_form,acb4d364a5f84a1a,,
Word_0377.1.m4a,base_form,3986ebfea2b6f790,,
Word_0378.1.m4a,base_form,bd3e34fce17fb0e7,,
Word_0379.1.m4a,base_form,d48e2c458f77c1dc,,
Word_CNLD_Dress_0383.1.m4a,base_form,11eeeef87b5daad1,,
0386.1.m4a,base_form,545715ed9ba250d6,,
Word_0388.1.m4a,base_form,db8b35833b0376d7,,
0392.1.m4a,base_form,6c213afc415d7077,,
Word_0394.1.m4a,base_form,85db14b6b7f00b8b,,
0398.1.m4a,base_form,99f448b3a081b9a4,,
Word_0400.1.m4a,base_form,ab184a5ded7a019b,,
Word_0401.1.m4a,base_form,148913748a2edc06,,
Word_0403.1.m4a,base_form,178bfdadcab0df36,,
Word_0406.1.m4a,base_form,34659f365615342d,,
Word_0410.1.m4a,base_form,91ed803b1a594c61,,
0411.1.m4a,base_form,44450aa4fe6c5558,,
Word_0413.1.m4a,base_form,7ad43d4fdd46f191,,
Word_0414.1.m4a,base_form,6e036f66304e6533,,
Word_0415.1.m4a,base_form,af79b4bd9080ae21,,
Word_0416.1.m4a,base_form,c5c2328736516173,,
0422.1.m4a,base_form,4ec54991b9fbe22b,,
Word_0423.1.m4a,base_form,d11ab5dacaf1b943,,
0425.1.m4a,base_form,793d33c2778a79b4,,
Word_0427.1.m4a,base_form,02cdb5da31494bb5,,
0433.1.m4a,base_form,278ecc62e31ee104,,
Word_0435.1.m4a,base_form,2d69ee0d2eebb3f5,,
0440.1.m4a,base_form,ce5fcbcd2d55ba09,,
Word_0441.1.m4a,base_form,40bcafc10c36f9de,,
Word_0442.1.m4a,base_form,a94b8b496e81bd2a,,
0445.1.m4a,base_form,262ef311b05f7f08,,
Word_0499.1.m4a,base_form,da7bfa01c3867053,,
Word_0451.1.m4a,base_form,122b7d9b261dc861,,
Word_0457.1.m4a,base_form,a5cc47a73036a9c3,,
Word_0458.1.m4a,base_form,beb0edff8afb3553,,
Word_0462.1.m4a,base_form,8a55a732f9144aeb,,
Word_0463.1.m4a,base_form,6b524006e3661674,,
Word_CNLD_Bridge_0464.1.m4a,base_form,3e6f5829578901b8,,
Word_0467.1.m4a,base_form,462b717e16834a73,,
0468.1.m4a,base_form,9460254e0d044e01,,
Word_0469.1.m4a,base_form,b4f3c2eb1ded9c41,,
0473.1.m4a,base_form,2bc586c85d6c0594,,
Word_0475.1.m4a,base_form,4519715293725781,,
0478.1.m4a,base_form,94a6b0802c1fc167,,
Word_0480.1.m4a,base_form,7f04920a1b2acdc3,,
Word_CNLD_plate_0483.1.m4a,base_form,afd47ae3f22f7dbc,,
Word_0485.1.m4a,base_form,cdb9240d2d76e24d,,
Word_0486.1.m4a,base_form,bfc08a1c3e842ffd,,
Word_0488.1.m4a,base_form,3bafcc59ca68d091,,
Word_0491.1.m4a,base_form,5d4b6ff6d7e319b0,,
Word_0492.1.m4a,base_form,e2463b6dbaaaca20,,
Word_0495.1.m4a,base_form,0602ce6a605adf0f,,
Word_0499.1.m4a,base_form,c9248af40ffe872f,,
Word_0505.1.m4a,base_form,a7150a3f30377e03,,
Word_0506.1.m4a,base_form,5c5ce06ad5bd4143,,
0507.1.m4a,base_form,86c720d8caa6e0fc,,
Word_0508.1.m4a,base_form,2a756dd2c89354b9,,
Word_0509.1.m4a,base_form,4080c94a6f958e15,,
Word_0510.1.m4a,base_form,74c102ff8813a29d,,
Word_0511.3.m4a,base_form,1d038931bc5df277,,
Word_0512.1.m4a,base_form,dd8cd9ac189e826c,,
Word_0513.1.m4a,base_form,3926442a6aae884d,,
Word_0515.1.m4a,base_form,7b07974998a053e6,,
0517.1.m4a,base_form,d8af6f43046e20b3,,
Word_0521.1.m4a,base_form,ef5f7f9e1222fff4,,
0525.1.m4a,base_form,420d7bd70c25fd3c,,
Word_0527.1.m4a,base_form,beda1d585e044979,,
0532.1.m4a,base_form,a94d6e6b9d4d7db1,,
Word_0534.1.m4a,base_form,519cb74533b3fad4,,
Word_0539.1.m4a,base_form,0a8f5d14b4429827,,
0540.1.m4a,base_form,285865ef30eb249a,,
Word_0541.1.m4a,base_form,82f1b37b9cddab8c,,
Word_0542.2.m4a,base_form,a29b23e852f2c159,,
Word_0544.1.m4a,base_form,4552f6e3e52fec78,,
0545.1.m4a,base_form,e4298dbde00d643c,,
Word_0550.1.m4a,base_form,85b7701c89268bde,,
Word_0559.1.m4a,base_form,6bf5d74ce40a96cf,,
Word_0560.1.m4a,base_form,b9ffb165698f51d3,,
Word_0561.1.m4a,base_form,6ba74acd28c3a6b5,,
Word_0566.1.m4a,base_form,5de6b71cbcba8c56,,
0570.1.m4a,base_form,57a1dc0e0132c3a9,,
Word_0573.1.m4a,base_form,b1a70c729f768536,,
Word_0579.1.m4a,base_form,c37f5a8aef5b61d9,,
Word_0580.1.m4a,base_form,4d67b2cd21c65692,,
0590.1.m4a,base_form,2ede01d3a87cee64,,
Word_0591.1.m4a,base_form,8cb2ee6d23e38ab3,,
Word_0596.1.m4a,base_form,e6c670cd4897c567,,
0598.1.m4a,base_form,fdc0da1c6ea0471b,,
0605.1.m4a,base_form,e0692aaf6aabb2d1,,
0612.1.m4a,base_form,e4f334a20e2693e2,,
Word_0617.1.m4a,base_form,775f2ded0041076c,,
Word_0624.1.m4a,base_form,c15bac5b417c91fe,,
Word_0625.1.m4a,base_form,408b62d44278a191,,
Word_0626.1.m4a,base_form,b28ff004dc8d1803,,
Word_0627.1.m4a,base_form,cda8937e96def606,,
Word_0630.1.m4a,base_form,de1736f7a66b7a42,,
Word_0640.1.m4a,base_form,1b11f7e4381df38e,,
Word_0649.1.m4a,base_form,32c314a6dec023dc,,
Word_0650.1.m4a,base_form,0e59f86b83698276,,
0651.1.m4a,base_form,8aae008a3de13bcb,,
Word_0651.2.m4a,base_form,d10395f68b3f5442,,
Word_0653.1.m4a,base_form,c66c11a5d767de26,,
Word_0654.1.m4a,base_form,0d80893f889c19b4,,
Word_0655.1.m4a,base_form,9bb769a93f504aad,,
Word_0656.1.m4a,base_form,5cdb2d258bc98df9,,
Word_0657.1.m4a,base_form,179439e8106f9887,,
Word_0659.1.m4a,base_form,1b869959812b4847,,
Word_0660.1.m4a,base_form,0758b352888b0c11,,
Word_0661.1.m4a,base_form,0ef7faaaeb7a7b1d,,
Word_0662.1.m4a,base_form,30ed575c1e66d29c,,
0663.1.m4a,base_form,cdd7b62144c7cb89,,
0664.1.m4a,base_form,15f91dd0439956a2,,
Word_0665.1.m4a,base_form,3c475e73b8196ed3,,
0666.1.m4a,base_form,ce500584b2e186c0,,
0667.1.m4a,base_form,d2a589de8130b671,,
0668.1.m4a,base_form,395720dcb8513360,,
Word_0669.1.m4a,base_form,db73bac5f29b01e4,,
Word_0670.1.m4a,base_form,f0a0d09a6fd8d2f5,,
Word_0671.1.m4a,base_form,35944ffa10e32b90,,
Word_0672.1.m4a,base_form,6ab9d2912955a569,,
Word_0673.1.m4a,base_form,39f90ee3bf985952,,
0674.1.m4a,base_form,43fad2f3b77e0f4c,,
Word_0675.1.m4a,base_form,6c8ec3fe1447ea21,,
0676.1.m4a,base_form,05f496cc50738691,,
Word_0677.1.m4a,base_form,ddcfe8c2f3098194,,
0678.1.m4a,base_form,ed28f3d49154ef7f,,
Word_0679.1.m4a,base_form,be52cf83ea0421e5,,
Word_0680.1.m4a,base_form,e4a4ad3465777884,,
0681.1.m4a,base_form,e792e5a0fa6ed41c,,
0682.1.m4a,base_form,9fd2bdf09abc7961,,
Word_0683.1.m4a,base_form,e8bcd082c61b6609,,
0684.1.m4a,base_form,536fbd7a0a25cdea,,
Word_0685.1.m4a,base_form,315d7c014082fbf3,,
Word_0686.1.m4a,base_form,159024bacca9e07b,,
Word_0687.1.m4a,base_form,882e2c89048f6afe,,
Word_0688.1.m4a,base_form,27009e98c91c14d2,,
0689.1.m4a,base_form,99ce93953dfe34cf,,
Word_0690.1.m4a,base_form,f84b1781339fd054,,
Word_0691.1.m4a,base_form,b0ab96e768d0688b,,
Word_0692.1.m4a,base_form,07856b55c0346358,,
0693.1.m4a,base_form,8267d1dd20125e06,,
Word_0694.1.m4a,base_form,4c788ae2438548eb,,
0695.1.m4a,base_form,00f2abf86a755832,,
Word_0697.1.m4a,base_form,957a231648246138,,
0698.1.m4a,base_form,fb40118f482bea6a,,
Word_0699.1.m4a,base_form,0ada8c66fa3aca0e,,
0700.1.m4a,base_form,c88a4204587eb7a1,,
Word_0701.1.m4a,base_form,5abf2ae8810b33f8,,
Word_0702.1.m4a,base_form,5942dd729a65005c,,
0703.1.m4a,base_form,b0392bbbcea21791,,
Word_0704.1.m4a,base_form,dc29d18645a17af8,,
Word_0705.1.m4a,base_form,8cc8530a24742a8e,,
Word_0706.1.m4a,base_form,c30d967d70bffa19,,
Word_0707.1.m4a,base_form,2effd9136aef0501,,
Word_0708.1.m4a,base_form,a697e85280f6d4e7,,
Word_0709.1.m4a,base_form,80b4f0cae37b3dc6,,
0711.1.m4a,base_form,65bcc894df1be4d7,,
Word_0712.1.m4a,base_form,0c58120d957ae280,,
Word_0713.1.m4a,base_form,2186b76cc5194e77,,
Word_0714.1.m4a,base_form,c8c7bc743e4240e7,,
Word_0715.1.m4a,base_form,825eab18465695f7,,
0716.1.m4a,base_form,071e9ef830ec5000,,
Word_0717.1.m4a,base_form,a0252941b208763f,,
Word_0718.1.m4a,base_form,a046292634fd6882,,
Word_0719.1.m4a,base_form,80173417b28ea248,,
Word_0720.1.m4a,base_form,38f3a67a51b91c66,,
Word_0721.1.m4a,base_form,a970b25b88c96acd,,
Word_0722.1.m4a,base_form,5fbe08e34087c73a,,
Word_0723.1.m4a,base_form,be00e18607b59701,,
Word_0724.1.m4a,base_form,cd6b8bfa82bb97cf,,
Word_0725.1.m4a,base_form,190bdad5e99b144f,,
Word_0726.1.m4a,base_form,c7b1edd0649173a4,,
Word_0727.1.m4a,base_form,f6254508aadd55b8,,
Word_0728.1.m4a,base_form,44d70de80c0261b0,,
Word_0730.1.m4a,base_form,9d949efbe82f6d5d,,
Word_0731.1.m4a,base_form,dcdd663a896965cb,,
Word_0732.1.m4a,base_form,95269acd2483ce19,,
Word_0734.1.m4a,base_form,cf42e8765edb6b53,,
Word_0735.1.m4a,base_form,035417020fd97ee6,,
Word_0736.1.m4a,base_form,158ecdac9be95b73,,
Word_0737.1.m4a,base_form,7ff0d0d864f26810,,
Word_0738.1.m4a,base_form,2714c5bec71555d9,,
Word_0739.1.m4a,base_form,999703135caa9fe7,,
Word_0741.1.m4a,base_form,905f2e89c419ec52,,
Word_0749.1.m4a,base_form,e5762065a73a113c,,
Word_0751.1.m4a,base_form,ac79b3886c9250b7,,
0752.1.m4a,base_form,ddf3aebf4023d488,,
Word_0754.1.m4a,base_form,3cc5ac34378143d9,,
Word_0759.1.m4a,base_form,8d64fde447725bee,,
Word_0767.1.m4a,base_form,3c8aea710333f340,,
Word_0768.1.m4a,base_form,207d6e1d0e1b997b,,
Word_0769.1.m4a,base_form,a65d5db438b95136,,
0770.1.m4a,base_form,b4928bf391a7e5e8,,
0771.1.m4a,base_form,74abceb2c0d5985c,,
Word_0772.1.m4a,base_form,0268b94ebb24f157,,
Word_0773.1.m4a,base_form,f882b40692939ad4,,
Word_0775.1.m4a,base_form,3c72ee832dc117dd,,
Word_0777.1.m4a,base_form,75bab2dc1f65b758,,
Word_0778.1.m4a,base_form,958b39f75d2f4ede,,
Word_0779.1.m4a,base_form,1019614cde57bbed,,
Word_0786.1.m4a,base_form,b7f7c2d1713abe43,,
Word_0788.1.m4a,base_form,25b27a88444d7a2a,,
Word_0790.1.m4a,base_form,b534f84c7acd8550,,
0791.1.m4a,base_form,5f95728103adafbd,,
0792.1.m4a,base_form,7edf59efd929b507,,
Word_0795.1.m4a,base_form,703b5929c3b615bc,,
Word_0798.1.m4a,base_form,5649c67d08a0221f,,
Word_0801.1.m4a,base_form,60dfe59c0398e826,,
Word_0803.1.m4a,base_form,1294b23d736b0adf,,
Word_0804.1.m4a,base_form,9041fea7309ad77d,,
0808.1.m4a,base_form,ca57e669f1a9744d,,
Word_0809.1.m4a,base_form,b80757ebc8186184,,
Word_0810.1.m4a,base_form,1edeb30b4ed73b53,,
Word_0811.1.m4a,base_form,5ac70da1abc183b9,,
Word_0812.1.m4a,base_form,2d0eca17986979de,,
Word_0813.1.m4a,base_form,a958a4de0f5dc1a5,,
0816.1.m4a,base_form,d71c1f9acc951616,,
0817.1.m4a,base_form,24231370212fbe34,,
Word_0819.1.m4a,base_form,6e5878befce2a00c,,
Word_0820.1.m4a,base_form,17325b4e5b549764,,
Word_0822.1.m4a,base_form,e762d3fe17e8f138,,
Word_0823.1.m4a,base_form,c55cc6655eac8f19,,
Word_0824.1.m4a,base_form,33f1d70f9b7d85e2,,
Word_0825.1.m4a,base_form,04317684f42ac251,,
0827.1.m4a,base_form,5950fe833b59666c,,
Word_0829.1.m4a,base_form,e91dcc5a11095ec1,,
Word_0832.1.m4a,base_form,9f7630d9e2138147,,
Word_0835.1.m4a,base_form,7afdbaca57bffa0b,,
Word_0836.1.m4a,base_form,5dcb555665a1d7f1,,
Word_0837.1.m4a,base_form,c5304a92fa917de6,,
0838.1.m4a,base_form,e06d026fe0f8eaea,,
Word_0845.1.m4a,base_form,ea180509747f7732,,
0846.1.m4a,base_form,899a53c90c888f6f,,
Word_0847.1.m4a,base_form,391d206c7f207c79,,
0849.1.m4a,base_form,62f41bcdb2b7fa30,,
Word_0852.1.m4a,base_form,7251696d5513136e,,
0858.1.m4a,base_form,138ccb65eebd690c,,
0861.1.m4a,base_form,c69c4cf79104cfeb,,
Word_0862.1.m4a,base_form,0960d061afc583d1,,
0865.1.m4a,base_form,7920e71f52696208,,
0866.1.m4a,base_form,e5b848323c8f44ad,,
Word_0876.1.m4a,base_form,a439ffebed9f64db,,
Word_0877.1.m4a,base_form,82120df9103fbc55,,
Word_0879.1.m4a,base_form,1918153e2fc07380,,
Word_0881.1.m4a,base_form,2e48f0bef70a82d2,,
Word_0890.1.m4a,base_form,e6c3611a6ed2e918,,
Word_0891.1.m4a,base_form,94210a96997ec4cb,,
Word_0892.1.m4a,base_form,7e6b588c68ccd99d,,
0893.1.m4a,base_form,610409dabfd82431,,
Word_0895.1.m4a,base_form,da1d42a38773bc1a,,
Word_0896.1.m4a,base_form,f9aae2d24af435a8,,
Word_0897.1.m4a,base_form,794a04adb7949c10,,
0899.1.m4a,base_form,51950114eae99ef6,,
0902.1.m4a,base_form,06fce20027b22669,,
0904.1.m4a,base_form,b82e1d115bcc8b76,,
0911.1.m4a,base_form,62ab6576d948b6e2,,
Word_0917.1.m4a,base_form,7c09d5b98e9fc1c8,,
Word_0922.1.m4a,base_form,191684f8f17f6441,,
Word_0923.1.m4a,base_form,dab2a7e9f42677a2,,
0924.1.m4a,base_form,aa64054589b7de81,,
Word_0927.1.m4a,base_form,d51b14c6ca11cb7c,,
0928.1.m4a,base_form,b30805fa52322653,,
0930.1.m4a,base_form,9bb5acf9aba17c04,,
Word_0934.1.m4a,base_form,e0a268b9b66cb4cb,,
Word_0935.1.m4a,base_form,fb5c8ec5cad01d0b,,
Word_0936.1.m4a,base_form,ece2640542950a9e,,
Word_0937.1.m4a,base_form,7429dd5e21d1ec61,,
Word_0941.1.m4a,base_form,b94a60211f3fd00e,,
Word_0942.1.m4a,base_form,f2fafd969247501a,,
Word_0947.1.m4a,base_form,8fe9bd6eaf53f30e,,
Word_0949.1.m4a,base_form,f36f55e574492a2c,,
Word_0953.1.m4a,base_form,cc77f382ac0f7db0,,
Word_0955.1.m4a,base_form,35dfa3033b6e59d6,,
Word_0956.1.m4a,base_form,02b293d4c2388fad,,
0957.1.m4a,base_form,b54eefecdd957fdb,,
Word_0958.1.m4a,base_form,32febe24c8205bda,,
Word_0960.1.m4a,base_form,9689ef547748b3dd,,
0963.1.m4a,base_form,d2248da2607c0772,,
Word_0964.1.m4a,base_form,be8eaca312ef6f9c,,
Word_0965.1.m4a,base_form,11c5ff2ca7027698,,
Word_0966.1.m4a,base_form,332ec955ce80d20b,,
Word_0967.1.m4a,base_form,9a91a88eb59eebd4,,
Word_0969.1.m4a,base_form,df7466a6c797c5c0,,
Word_0972.1.m4a,base_form,5764764a05608a11,,
Word_0973.1.m4a,base_form,7bdbe6ac9b0a54fe,,
0974.1.m4a,base_form,8530c40022bc6cf0,,
Word_0975.1.m4a,base_form,0a9c1362c3881372,,
Word_0977.1.m4a,base_form,fee4573001d20b2f,,
0978.1.m4a,base_form,4268d6b516312338,,
Word_0979.3.m4a,base_form,8fa369642887597d,,
Word_0981.1.m4a,base_form,aa0a2a01f8a7d779,,
Word_0982.1.m4a,base_form,6c96d5d6b1ef634f,,
Word_0983.1.m4a,base_form,8b967edcce92231f,,
0984.1.m4a,base_form,92edde4cede005c7,,
Word_0988.1.m4a,base_form,ddf48f6c48d9fefa,,
Word_0989.1.m4a,base_form,eb89b09ef3c7d8b2,,
Word_0990.1.m4a,base_form,7fbbb6f009442328,,
0991.1.m4a,base_form,b7655fd9a137e65e,,
Word_0992.1.m4a,base_form,7d2b9e759b0d9a22,,
Word_0993.1.m4a,base_form,d7331f2d6c1f7027,,
Word_0994.1.m4a,base_form,fb6ae9b0639a122d,,
Word_0995.1.m4a,base_form,f0670e35688541a1,,
Word_0996.1.m4a,base_form,34a3907adc2a83db,,
Word_0997.1.m4a,base_form,c0d360a6d339fc06,,
Word_0998.1.m4a,base_form,0130e74bd57824c3,,
Word_0999.1.m4a,base_form,34a1fcdbcf223edc,,
Word_1000.1.m4a,base_form,6bf26e4899149498,,
1001.1.m4a,base_form,3c2e71c9a5a947ae,,
Word_1002.1.m4a,base_form,dd6dd98df18acd7f,,
Word_1004.1.m4a,base_form,0151cb47ab255c76,,
Word_1005.1.m4a,base_form,71e0085002c028d1,,
Word_1006.1.m4a,base_form,05d94cec0705e6cb,,
Word_1012.1.m4a,base_form,4b29168d651e875e,,
Word_1013.1.m4a,base_form,deea0605daeea48a,,
1014.1.m4a,base_form,5581b1a7b738181f,,
1015.1.m4a,base_form,34a500633311118a,,
Word_1016.1.m4a,base_form,036db06c487c7398,,
1017.1.m4a,base_form,7676b5e6237316a3,,
1018.1.m4a,base_form,148045cacfd11aed,,
Word_1019.1.m4a,base_form,8804f7a60bcbe509,,
Word_1020.1.m4a,base_form,8e8cdb336af7fb17,,
Word_1022.5.m4a,base_form,116c4dc0fb2aa4c3,,
Word_1025.1.m4a,base_form,4e75c5abb9dc641d,,
1026.1.m4a,base_form,0e1595f66eb24b70,,
Word_1027.1.m4a,base_form,c48bbc06d640fcbc,,
1028.1.m4a,base_form,2192e0fcfbe25b05,,
1029.1.m4a,base_form,e1b50c6e40c6d802,,
1030.1.m4a,base_form,ca08cb4c0b47c49a,,
Word_1031.5.m4a,base_form,92027d3471f7defd,,
Word_1032.1.m4a,base_form,1fbd70ec2bce9368,,
Word_1033.1.m4a,base_form,93a8e78d8bd5d417,,
1034.1.m4a,base_form,6061b1e03e95f3d3,,
1035.1.m4a,base_form,fdeef7901d2736b0,,
Word_1036.1.m4a,base_form,5ff5cb8cbca3b6b8,,
1037.1.m4a,base_form,e958be07ed16cb3c,,
1038.1.m4a,base_form,b6287f469c43c7db,,
Word_1039.1.m4a,base_form,9bb31032737f95ec,,
Word_1041.1.m4a,base_form,50245929867b5204,,
Word_1042.1.m4a,base_form,6649111bc236590b,,
1043.1.m4a,base_form,b85c4cd8aa68a29f,,
1046.1.m4a,base_form,cf01ebbbb439a7fa,,
1049.1.m4a,base_form,56c4870a528b84b1,,
1050.1.m4a,base_form,2ad747afc02dc0e7,,
Word_1052.1.m4a,base_form,29fcad549ff88769,,
Word_1055.1.m4a,base_form,8f3450f09a7239ae,,
1056.1.m4a,base_form,6fcb0f71ab854c76,,
1058.1.m4a,base_form,74c3e65ad795fdc8,,
1062.1.m4a,base_form,771206b2867eebfd,,
1063.1.m4a,base_form,9b7341f1a45452dc,,
Word_1065.1.m4a,base_form,bca7b8e2264c4cb2,,
1066.1.m4a,base_form,7a0ff6498aa5f872,,
1070.1.m4a,base_form,ca7ff9b20f5d6181,,
1073.1.m4a,base_form,ac8f95a49dda458d,,
1077.1.m4a,base_form,246758da2f68c5d7,,
Word_1078.1.m4a,base_form,0a60d138d7c3f8a3,,
1079.1.m4a,base_form,24c563edf97378be,,
Word_1080.1.m4a,base_form,dd4204a68318cc28,,
Word_1082.1.m4a,base_form,8c7186d295be9a64,,
Word_1084.1.m4a,base_form,f3b54873e61885fe,,
1085.1.m4a,base_form,7f6253d0fe0f47e3,,
1088.1.m4a,base_form,9d30d2c10e0bc3a9,,
1089.1.m4a,base_form,812422ac5dcb2de2,,
Word_1090.1.m4a,base_form,5bd1a7513c10512a,,
Word_1093.1.m4a,base_form,c8c3358fe0ae2c46,,
Word_1094.1.m4a,base_form,181acc81f3dfadc8,,
Word_1096.1.m4a,base_form,d98d99e631e4ae6f,,
Word_1097.1.m4a,base_form,f0fc857b68114900,,
1104.1.m4a,base_form,7d26250c4ea49056,,
Word_1105.1.m4a,base_form,4b3f5da12ac958a1,,
Word_1108.1.m4a,base_form,faae615c0db0b9b2,,
1111.1.m4a,base_form,b672fe1911d67e3b,,
1120.1.m4a,base_form,3e88df1a539f0de4,,
1125.1.m4a,base_form,73af00fcdd451350,,
1126.1.m4a,base_form,c291b4b12072a113,,
1127.1.m4a,base_form,a1871cde83e44b90,,
Word_1132.1.m4a,base_form,314f11aedcb2102f,,
Word_1133.1.m4a,base_form,1b9f3f7f65d1c4a3,,
1135.1.m4a,base_form,846f614930d72979,,
Word_1136.1.m4a,base_form,4d5570a67d4062d5,,
1141.1.m4a,base_form,7c0e7a51ea1fec04,,
1143.1.m4a,base_form,f701504b2417111b,,
1146.1.m4a,base_form,2ba2588afdb91ebc,,
1147.1.m4a,base_form,e5835f0ad234c0ab,,
1148.1.m4a,base_form,1fc7b9efef814918,,
1150.1.m4a,base_form,046804147f571fdf,,
1152.1.m4a,base_form,ba99386eeb496181,,
1154.1.m4a,base_form,698cbea72053235c,,
1160.1.m4a,base_form,35fd6a82ff107d63,,
1161.1.m4a,base_form,80a408bafc39d3a0,,
1150.1.m4a,base_form,e5b8b31231403552,,
Word_1136.1.m4a,base_form,e47ada6d39b8fe4e,,
1164.1.m4a,base_form,0f465eeada1bf902,,
1165.1.m4a,base_form,85fc74520e58dd4e,,
1166.1.m4a,base_form,ec3035e9bac06414,,
1167.1.m4a,base_form,d31eab818f8ab51e,,
1168.1.m4a,base_form,9ef3d22c22c6f5b6,,
1174.1.m4a,base_form,1cfa2bccd8319dc6,,
1175.1.m4a,base_form,43b0e932c462b2ed,,
1176.1.m4a,base_form,6572252ef3fd23bf,,
1178.1.m4a,base_form,4bfe73dda32d7316,,
1179.1.m4a,base_form,452fda9e6a53b223,,
1181.1.m4a,base_form,da7e4dda744d1dac,,
1182.1.m4a,base_form,a5f94e6c894c7760,,
1183.1.m4a,base_form,252dced642dbec70,,
1184.1.m4a,base_form,b22cc670218380b7,,
1185.1.m4a,base_form,63ad8f23f2d50369,,
1186.1.m4a,base_form,8affd155cf796ef9,,
1187.1.m4a,base_form,5ef9398e40a4ca94,,
1188.1.m4a,base_form,daf692192a95bb4d,,
1189.1.m4a,base_form,a8106955b2fb06cd,,
1190.1.m4a,base_form,51ce0c6ae1461e37,,
1191.1.m4a,base_form,a962f28491250077,,
1192.1.m4a,base_form,5b2c3447d9fdd02e,,
1193.1.m4a,base_form,005ffd93d9cb9ca4,,
1194.1.m4a,base_form,76bb3ad530451d89,,
1195.1.m4a,base_form,ddc5a9c89d67fb3a,,
1196.1.m4a,base_form,099ee671db08858f,,
1197.1.m4a,base_form,ca890380efbe32ca,,
1201.1.m4a,base_form,ab780f7019046f3e,,
1202.1.m4a,base_form,c807233822c41717,,
1203.1.m4a,base_form,889ab2ae0dde0b12,,
1205.1.m4a,base_form,1e2f659b4ed4b295,,
1206.1.m4a,base_form,cc83ccbb88fb617c,,
1207.1.m4a,base_form,ef8a0c0dfaffcb45,,
1208.1.MP3,base_form,40cd2865b65a1565,,
1210.1.MP3,base_form,5a46af579e82f3cd,,
1211.1.m4a,base_form,a450b9f5672a1449,,
1212.1.m4a,base_form,8520625ca8119e89,,
1213.1.m4a,base_form,8fd73ba2f6a2e3c0,,
1214.1.m4a,base_form,c7c3b1a7baaa075e,,
1215.1.m4a,base_form,abe2f7579558fc04,,
1216.1.m4a,base_form,e35d9106c54b3710,,
1217.1.m4a,base_form,512b6e2d594c68a1,,
1218.1.m4a,base_form,0b24cf7c34888727,,
1219.1.m4a,base_form,9443195d488a8b5d,,
1221.1.m4a,base_form,f33989a58b458383,,
1222.1.m4a,base_form,499165dad2f9980b,,
1223.1.m4a,base_form,1c09583dcc90096f,,
1225.1.m4a,base_form,cf2db4f8b964ca66,,
1226.1.m4a,base_form,85e80cbcaea9d8f9,,
1227.1.m4a,base_form,cfab335397029d09,,
1228.1.m4a,base_form,8f295d25c6d74d26,,
1229.1.m4a,base_form,c066d717293a0716,,
1230.1.m4a,base_form,37212c096da4eb03,,
1231.1.m4a,base_form,a65cc35853b30b48,,
1233.1.m4a,base_form,6097e0e926e6b80b,,
1234.1.m4a,base_form,10f402557a06325f,,
1235.1.m4a,base_form,ced6c5cbe0b568fb,,
1236.1.m4a,base_form,88a55f49d5cdb370,,
1237.1.m4a,base_form,05746bbc22b361f1,,
1238.1.m4a,base_form,ae2404cc9a2cbb21,,
1239.1.m4a,base_form,43620a09a2334545,,
1240.1.m4a,base_form,09d6de5cbf710c0e,,
1241.1.m4a,base_form,ed5dfbf70efdc4c1,,
1242.1.m4a,base_form,f7899dd50efcc6cc,,
1243.1.m4a,base_form,6df1c11221f033a2,,
1246.1.m4a,base_form,85c4bfb126439a6e,,
1247.1.m4a,base_form,66fbe780c002a73d,,
1249.1.m4a,base_form,86246b999c7231f6,,
1250.1.m4a,base_form,89e991186fdd2629,,
1251.1.m4a,base_form,4120a895cd8d440a,,
1252.1.m4a,base_form,1c5b351316a065c4,,
1253.1.m4a,base_form,26016cfabd5e1864,,
1254.1.m4a,base_form,137c4e767f5a96ba,,
1255.1.m4a,base_form,e39547a230e83afa,,
1256.1.m4a,base_form,93229b9915e51a3e,,
1257.1.m4a,base_form,32c201a517e5de3f,,
1261.1.m4a,base_form,e025091d474ae601,,
1262.1.m4a,base_form,28221581e9410fca,,
1263.1.m4a,base_form,c93a9e102610c032,,
1265.1.m4a,base_form,fa433736ac596a0f,,
1266.1.m4a,base_form,5d1007b1c00a1305,,
1267.1.m4a,base_form,3b5f0129b5d109d0,,
1268.1.m4a,base_form,5226ccef105c12bf,,
1269.1.m4a,base_form,14280961bb3d30e9,,
1270.1.m4a,base_form,e1026858f84e6851,,
1271.1.m4a,base_form,5ef5290f35625675,,
1274.1.m4a,base_form,243c4f0a07ff4325,,
1276.1.m4a,base_form,6cc2b02c985051f8,,
1277.1.m4a,base_form,19d6c9bf2db80f9c,,
1279.1.m4a,base_form,892c9234ef32cbf3,,
1288.1.m4a,base_form,ce6b4be7c22cb658,,
1289.1.m4a,base_form,336ce12fee490827,,
1290.1.m4a,base_form,f989704ce0c7d6ea,,
1291.1.m4a,base_form,86c2f71b769dc3bb,,
1293.1.m4a,base_form,afb9e397ce077799,,
1294.1.m4a,base_form,3537db261bd56ba1,,
1295.1.m4a,base_form,acfbb512231edc55,,
1296.1.m4a,base_form,c398fa146df2183f,,
1299.1.m4a,base_form,f458335f2a9b9a9a,,
1301.1.m4a,base_form,1d45cd5ba171d4fa,,
1302.1.m4a,base_form,5682c84791d00d24,,
1303.1.m4a,base_form,e041bd4780b162af,,
1306.1.m4a,base_form,20719ceb43320e99,,
1308.1.m4a,base_form,d7664f6a2454e136,,
1310.1.m4a,base_form,b6c17b9f91667373,,
1311.1.m4a,base_form,6fe2671b66138479,,
1320.1.m4a,base_form,bc7e19bc94e0cf40,,
1321.1.m4a,base_form,82120a82f20637a2,,
1327.1.m4a,base_form,c72a85585897dc23,,
1328.1.m4a,base_form,9b7ef53093ff9310,,
1330.1.m4a,base_form,6eccbd8c88c3699c,,
1331.1.m4a,base_form,57978a1a37e2bc2e,,
1334.1.m4a,base_form,8757953b883b5e14,,
1335.1.m4a,base_form,5c38562154ff0a45,,
1339.1.m4a,base_form,5245c1a37d25caad,,
1340.1.m4a,base_form,c62d340ea716eb6e,,
1341.1.m4a,base_form,3b1e7cba884360d7,,
1342.1.m4a,base_form,98c6cc3127425b3f,,
1343.1.m4a,base_form,fb0f73c44dcf7d7c,,
1344.1.m4a,base_form,87d6f347b760fb67,,
1346.1.m4a,base_form,5f4b4331167c4181,,
1347.1.m4a,base_form,359b203afc85bd48,,
1348.1.m4a,base_form,ff833872b164f9ce,,
1349.1.m4a,base_form,7fe2edd4af2b6a8c,,
1357.1.m4a,base_form,67997a448f22e188,,
1359.1.m4a,base_form,e20e51221aec625b,,
1362.1.m4a,base_form,e6a910e1b91720e6,,
1367.1.m4a,base_form,c9211ca49a2ba602,,
1369.1.m4a,base_form,620e9e04ba4ecd5d,,
1370.1.m4a,base_form,e7491851e4db731a,,
1371.1.m4a,base_form,02f56feba842417c,,
1372.1.m4a,base_form,3800843220a9a51b,,
1373.1.m4a,base_form,919f965b976ac795,,
1377.1.m4a,base_form,13dcccf6b2fecd46,,
1378.1.m4a,base_form,c8868e4acfa25641,,
1379.1.m4a,base_form,081b6581601143ab,,
1381.1.m4a,base_form,d6692cb92f8f06d4,,
1382.1.m4a,base_form,2f9db4c187ef2eae,,
1383.1.m4a,base_form,494ea10bb0a584bf,,
1384.1.m4a,base_form,553e48b6e6c40056,,
1385.1.m4a,base_form,dbc0c8dc2cc625e4,,
1386.1.m4a,base_form,125dad292a788344,,
1387.1.m4a,base_form,6391bdb9dd6fa474,,
1389.1.m4a,base_form,2734c45bd1154858,,
1390.1.m4a,base_form,2bd06980c62c17ec,,
1391.1.m4a,base_form,b4f2ad87f9ed4402,,
1392.1.m4a,base_form,c618ced9ad543725,,
1393.1.m4a,base_form,3b9f744ed0363fab,,
1394.1.m4a,base_form,58e083d52856c614,,
1395.1.m4a,base_form,f890b7958516611c,,
1399.1.m4a,base_form,7d7b642d1f12c705,,
1400.1.m4a,base_form,708d91476d50ada2,,
1401.1.m4a,base_form,9658785e36ad9773,,
1404.1.m4a,base_form,3c024dd9a9406a79,,
1406.1.m4a,base_form,686903b0caf1efdc,,
1407.1.m4a,base_form,354daa1a61d94af3,,
1410.1.m4a,base_form,1e1fff6baa4a2466,,
1411.1.m4a,base_form,8000aa7c8c2515bb,,
1413.1.m4a,base_form,3c8715822f1b8ef5,,
1414.1.m4a,base_form,7e4b24816acc50d6,,
1415.1.m4a,base_form,0ca2f3d98193ad65,,
1417.1.m4a,base_form,2ef73c02bcb63e03,,
1419.1.m4a,base_form,b5fe1dd88df03088,,
1420.1.m4a,base_form,08fd1c63681b2fa7,,
1422.1.m4a,base_form,eb9bb83c98fb0cd7,,
1423.1.m4a,base_form,d4b93abc2e8d910b,,
1424.1.m4a,base_form,6e101f865dd91d1e,,
1425.1.m4a,base_form,25565fdff1f2dc40,,
1427.1.m4a,base_form,42a20b4455d175a5,,
1429.1.m4a,base_form,d44610170446335b,,
1430.1.m4a,base_form,1bc5cd507f3f99d8,,
1431.1.m4a,base_form,8105250e3c583c0d,,
1433.1.m4a,base_form,10302a53b8214d58,,
1434.1.m4a,base_form,f907e80b1277a2b7,,
1435.1.m4a,base_form,a4efb072a0e96dbe,,
1436.1.m4a,base_form,951a919c1b820a4f,,
1437.1.m4a,base_form,c42485ac40c578ff,,
1438.1.m4a,base_form,c42b7fae6ae150bf,,
1439.1.m4a,base_form,f0034f1d4b0a86d9,,
1441.1.m4a,base_form,2f77260c50b17136,,
1444.1.m4a,base_form,10b7757e36f1e829,,
1445.1.m4a,base_form,5954b50e3d310420,,
1446.1.m4a,base_form,64dbc8875b744d33,,
1452.1.m4a,base_form,312a369bd6a4b0fb,,
1453.1.m4a,base_form,b4cdb955b44a5184,,
1454.1.m4a,base_form,33f8d3d1d15642fd,,
1455.1.m4a,base_form,e59acded0a06a415,,
1456.1.m4a,base_form,ddb7451f5f2e4a1c,,
1458.1.m4a,base_form,35e279e2e0432fe4,,
1460.1.m4a,base_form,bc689484d0031288,,
1461.1.m4a,base_form,4f3f6e291458fe3e,,
1462.1.m4a,base_form,118a412284e4ede5,,
1463.1.m4a,base_form,3e6403b73f82827c,,
1465.1.m4a,base_form,9e8187840cda9f22,,
1467.1.m4a,base_form,64ee0df0834b57bc,,
1468.1.m4a,base_form,3bd79ea16b096788,,
1470.1.m4a,base_form,5a15ef3841d575f0,,
1471.1.m4a,base_form,419592a8c8460252,,
1472.1.m4a,base_form,160ef9ee84bd473b,,
1473.1.m4a,base_form,e100fe0653595602,,
1474.1.m4a,base_form,0e1b6c6671958b5a,,
1478.1.m4a,base_form,d275c1f26816a8c8,,
1479.1.m4a,base_form,59e45aea61fb9925,,
1480.1.m4a,base_form,e33faeafd6db5623,,
1481.1.m4a,base_form,d36decb4c6048032,,
1483.1.m4a,base_form,88e031ea29887bbf,,
1484.1.m4a,base_form,2c3771ab89718535,,
1485.1.m4a,base_form,dd11b36656c9c2ea,,
1486.1.m4a,base_form,8c708836b687300b,,
1487.1.m4a,base_form,2793343c9a2bd5b1,,
1488.1.m4a,base_form,6f191c72d802c973,,
1489.1.m4a,base_form,ffbf68cfb0aabe02,,
1491.1.m4a,base_form,51cff92e9c0d83c1,,
1492.1.m4a,base_form,8f4c99a69d8ef7d2,,
1493.1.m4a,base_form,7576f186c10f889d,,
1494.1.m4a,base_form,01d73a8491812b1e,,
1495.1.m4a,base_form,81ba4c556ccabc49,,
1496.1.m4a,base_form,ff7b8389230c7767,,
1497.1.m4a,base_form,778031b8245ca1be,,
1498.1.m4a,base_form,d2b73c27e0b8ec06,,
1499.1.m4a,base_form,36578baf541060fc,,
1500.1.m4a,base_form,97dd985cbe3522f6,,
1501.1.m4a,base_form,11660d34ab106670,,
1502.1.m4a,base_form,292423b3243fc4c8,,
1503.1.m4a,base_form,ee85174b699e3f75,,
1505.1.m4a,base_form,85e8f3c176ea5e9f,,
1506.1.m4a,base_form,b2f642e29b332870,,
1507.1.m4a,base_form,88bbe38911778af6,,
1508.1.m4a,base_form,0f179ba0de3934ed,,
1509.1.m4a,base_form,b3742a3982a5526b,,
1510.1.m4a,base_form,c518ecb6974518b0,,
1511.1.m4a,base_form,ae8eeb77c1201d59,,
1512.1.m4a,base_form,7cee4432ac5c7d82,,
1513.1.m4a,base_form,057f1944bc77fea9,,
1514.1.m4a,base_form,b7a05115abe29b29,,
1518.1.m4a,base_form,2e63ec25fcc9df8f,,
1519.1.m4a,base_form,b8aabbbf042a9589,,
1520.1.m4a,base_form,19e923d63c6f23a8,,
1521.1.m4a,base_form,6113c46d243df71c,,
1522.1.m4a,base_form,7ca42e081a4543f1,,
1524.1.m4a,base_form,8a27ebaf1fe23ce8,,
1526.1.m4a,base_form,5cd8ee8f085e9f3d,,
1527.1.m4a,base_form,63acfb1e860412d9,,
1529.1.m4a,base_form,c895f3768365e4ee,,
1531.1.m4a,base_form,ed9e1ed988c87268,,
1532.1.m4a,base_form,dbcc9547b4d70e69,,
1533.1.m4a,base_form,b80318eb3d88a4e4,,
1538.1.m4a,base_form,fafbdf5783073506,,
1539.1.m4a,base_form,e3a6ba73da8a2d83,,
1540.1.m4a,base_form,f61fcec829ada102,,
1541.1.m4a,base_form,10a2e5c237111ba7,,
1543.1.m4a,base_form,20e7a197c9b49082,,
1548.1.m4a,base_form,5a5f56eae73bad29,,
1554.1.m4a,base_form,b58cabe34015a76c,,
1556.1.m4a,base_form,ac5d9aa5686e73f3,,
1557.1.m4a,base_form,2fb6358a051ca5d0,,
1558.1.m4a,base_form,f4b206aa85b7ac7f,,
1560.1.m4a,base_form,f2edf5d8659b9296,,
1561.1.m4a,base_form,9776299997ab1b15,,
1562.1.m4a,base_form,6218b493c8528a97,,
1563.1.m4a,base_form,e613b379668980b8,,
1564.1.m4a,base_form,0913467768484f62,,
1565.1.m4a,base_form,d0124103124d3b52,,
1566.1.m4a,base_form,5c170b5cc66a3319,,
1567.1.m4a,base_form,b407fbe6bfeb71af,,
1568.1.m4a,base_form,ae0a334ad615f6bc,,
1569.1.m4a,base_form,863abb09fa974789,,
1570.1.m4a,base_form,696f146de8bbee62,,
1572.1.m4a,base_form,55de0aaf4826ad6c,,
1575.1.m4a,base_form,1889afa28e425a5c,,
1576.1.m4a,base_form,95b75ecfb3c7b353,,
1579.1.m4a,base_form,5e71dda090cb9fee,,
1581.1.m4a,base_form,80bde6e885fc0011,,
1583.1.m4a,base_form,433327b768d8d3ba,,
1584.1.m4a,base_form,019b4807ae920364,,
1586.1.m4a,base_form,e7a3968bf0b00a6d,,
1588.1.m4a,base_form,076edc32f17a8931,,
1591.1.m4a,base_form,335352a4cacee008,,
1592.1.m4a,base_form,9900c283a83b2e3d,,
1595.1.m4a,base_form,9bf3b6d81e929139,,
1598.1.m4a,base_form,0eefc209ae742a0b,,
1599.1.m4a,base_form,753a556ac8de1fdc,,
1604.1.m4a,base_form,fd6e92be526ef008,,
1605.1.m4a,base_form,f9ffaa0e66f62e15,,
1606.1.m4a,base_form,65f131753ee9d67f,,
1607.1.m4a,base_form,6e49ecb8a8a026ce,,
1609.1.m4a,base_form,e4ffe46eadb9a72a,,
1612.1.m4a,base_form,3d2b477eb321798c,,
1613.1.m4a,base_form,ae62edde24a8aa2e,,
1615.1.m4a,base_form,cf47fe69dd97cd4c,,
1616.1.m4a,base_form,b36da9a6f9c09f4a,,
1618.1.m4a,base_form,e57decb3deede438,,
1619.1.m4a,base_form,7f0ac504417b428a,,
1621.1.m4a,base_form,f54e996bcb366e4c,,
1622.1.m4a,base_form,2426996dc6904d10,,
1624.1.m4a,base_form,7a7632b71c4555d8,,
1625.1.m4a,base_form,949e9835e86ac9ad,,
1628.1.m4a,base_form,04208070d120d176,,
1631.1.m4a,base_form,84fe36f90d1902e5,,
1632.1.m4a,base_form,5dbc876312191475,,
1633.1.m4a,base_form,ad4792a57a65d49c,,
1634.1.m4a,base_form,a9ecb90d0407308e,,
1639.1.m4a,base_form,c41769afc32a63e3,,
1640.1.m4a,base_form,b870ad9fbc4f75c8,,
1641.1.m4a,base_form,92e1565ccb5ddab7,,
1643.1.m4a,base_form,43df18057172a0bd,,
1645.1.m4a,base_form,c8b70b7610f9197e,,
1647.1.m4a,base_form,9f4b06fae8ee40ba,,
1648.1.m4a,base_form,e4e919db728ea69c,,
1649.1.m4a,base_form,55b19ff8383e3863,,
1650.1.m4a,base_form,8770c98fd6f5be69,,
1652.1.m4a,base_form,cd03ea53933c7686,,
1653.1.m4a,base_form,6782cab5397f887e,,
1655.1.m4a,base_form,084303d8afb25998,,
1656.1.m4a,base_form,647a70ec4f047574,,
1657.1.m4a,base_form,efa5bb3ac34c0d4b,,
1660.1.m4a,base_form,549eca08cdb5ac74,,
1661.1.m4a,base_form,03fb4aa2c4e57ffc,,
1662.1.m4a,base_form,597f4fcce5005fa1,,
1666.1.m4a,base_form,04c790ae25cb75a2,,
1667.1.m4a,base_form,d2b6b9209aca8c89,,
1669.1.m4a,base_form,d1a5357844adeba2,,
1671.1.m4a,base_form,c1da7664ccfe4566,,
1673.1.m4a,base_form,ea909ee5ca87ab84,,
1674.1.m4a,base_form,6c704bc9e235eb94,,
1675.1.m4a,base_form,245db2198fc88f7e,,
1676.1.m4a,base_form,f155bb6d99805900,,
1677.1.m4a,base_form,8e28c1cfc170196f,,
1681.1.m4a,base_form,799e3fc4fad7e01f,,
1692.1.m4a,base_form,c94e9fb4fb6e6fcc,,
1694.1.m4a,base_form,0134dc7f8c5141a9,,
1696.1.m4a,base_form,018cea3280b800c5,,
1697.1.m4a,base_form,f7f587908e018eba,,
1699.1.m4a,base_form,51abd310d5a69b3e,,
1700.1.m4a,base_form,a609ade0377c9ced,,
1703.1.m4a,base_form,7f3e26d60e8299b0,,
1707.1.m4a,base_form,580002dfc1ca277e,,
1709.1.m4a,base_form,da07adfafe12f15e,,
1710.1.m4a,base_form,670cbc639d401bd3,,
1711.1.m4a,base_form,facead6c49438986,,
1713.1.m4a,base_form,d08c63795519205c,,
1714.1.m4a,base_form,1994410f2f99a582,,
1716.1.m4a,base_form,a88f712c86fb6599,,
1717.1.m4a,base_form,8fde31fac5ec5d38,,
1718.1.m4a,base_form,e0d5e5164462dad1,,
1719.1.m4a,base_form,459b0a9a6f39fc67,,
1722.1.m4a,base_form,5a9c973cbb4faa2a,,
1723.1.m4a,base_form,4a12aebc05c0512d,,
1725.1.m4a,base_form,7a77eaf1e6a1dad2,,
1726.1.m4a,base_form,69fc8ef8b1c4291e,,
1728.1.m4a,base_form,7827eeefa6ed52c1,,
1729.1.m4a,base_form,5f60e102f1450db2,,
1735.1.m4a,base_form,feec042b68c025df,,
1738.1.m4a,base_form,7c5b047d1bad0042,,
1739.1.m4a,base_form,af0e366876f8fa8b,,
1741.1.m4a,base_form,db6cea154ffe22b2,,
1742.1.m4a,base_form,39b07ea23730d178,,
1744.1.m4a,base_form,80d580f124433ef0,,
1745.1.m4a,base_form,4c94f36c48686208,,
1746.1.m4a,base_form,de8e908822d5f653,,
1748.1.m4a,base_form,cf32a979bbad4197,,
1751.1.m4a,base_form,c184e3e0c33aecf5,,
1752.1.m4a,base_form,0668f1c715656aab,,
1753.1.m4a,base_form,711547b960b4309b,,
1754.1.m4a,base_form,a933fa87e0ddfe62,,
1755.1.m4a,base_form,f601e2b55bad87ca,,
1757.1.m4a,base_form,50cdfe43a6d27519,,
1758.1.m4a,base_form,95d47b82128866ce,,
1760.1.m4a,base_form,5c3941cc231f0430,,
1762.1.m4a,base_form,cbe00c70cadac143,,
1763.1.m4a,base_form,56a188f94e82be74,,
1768.1.m4a,base_form,7f5d0e252b3df122,,
1769.1.m4a,base_form,b264c28919db97cc,,
1771.1.m4a,base_form,d8a7c7acd4768f49,,
1778.1.m4a,base_form,39589ccd47204dc6,,
1779.1.m4a,base_form,8d60205ea0b33b19,,
1780.1.m4a,base_form,ea0d8dfb8f8d6f62,,
1781.1.m4a,base_form,8ef050b274cd5510,,
1782.1.m4a,base_form,129aed08745af92d,,
1783.1.m4a,base_form,abe795d3e49ca5e2,,
1784.1.m4a,base_form,4c535ce5510c059c,,
1786.1.m4a,base_form,12ac4b94638fc558,,
1790.1.m4a,base_form,70458192b59642b3,,
1794.1.m4a,base_form,0f7036674e3c1576,,
1797.1.m4a,base_form,e094e2e2e8a74cac,,
1800.1.m4a,base_form,9087789f1f8ef164,,
1801.1.m4a,base_form,42ed33dfa3c3df1a,,
1802.1.m4a,base_form,9b8ddd7b713031a2,,
1803.1.m4a,base_form,8211057cf550ef41,,
1812.1.m4a,base_form,3ae40e7478f865bd,,
1813.1.m4a,base_form,44c560a003e55c70,,
1816.1.m4a,base_form,e46aa4ed3e493345,,
1819.1.m4a,base_form,a57332aa2fef96be,,
1820.1.m4a,base_form,20989d8515334430,,
1822.1.m4a,base_form,7717ce42d5aad1cc,,
1825.1.m4a,base_form,1db140b4b1a45cae,,
1826.1.m4a,base_form,3dbf345b603fdb67,,
1827.1.m4a,base_form,1a57d1e3edef567e,,
1828.1.m4a,base_form,b2703f7d581b008a,,
1829.1.m4a,base_form,6330269db1ae4e06,,
1831.1.m4a,base_form,ad4cbce26469d144,,
1832.1.m4a,base_form,e014d9741d75f693,,
1833.1.m4a,base_form,19fc7a18fe09efd7,,
1835.1.m4a,base_form,0220c659f1bb7138,,
1836.1.m4a,base_form,23568d6575502700,,
1837.1.m4a,base_form,b351371fb1782d6a,,
1839.1.m4a,base_form,8a2fc959bf1cb26c,,
1840.1.m4a,base_form,410635c02eaf3b75,,
1841.1.m4a,base_form,4654c480fed1663e,,
1843.1.m4a,base_form,3101d4b16a03b229,,
1848.1.m4a,base_form,f34d114cab0832e4,,
1850.1.m4a,base_form,363cdcd17a867172,,
1851.1.m4a,base_form,5c0c860b80b7fb78,,
1855.1.m4a,base_form,0d4e197f07f81015,,
1860.1.m4a,base_form,091b4204c98a1b1a,,
1861.1.m4a,base_form,1b465fc7b3842205,,
1863.1.m4a,base_form,be637e60189052aa,,
1864.1.m4a,base_form,6f19c15c8466a2a1,,
Word_CNLD_boy_4.1.m4a,conjugation,b8ea59d860ba3d25,noun|singular|,
Word_0004.2.m4a,conjugation,b8ea59d860ba3d25,noun|plural|,
0005.1.m4a,conjugation,9fbc053b0248efe2,noun|singular|,
Word_0005.2.m4a,conjugation,9fbc053b0248efe2,noun|plural|,
Word_0006.1.m4a,conjugation,c73307b1cc0b6ee1,noun|singular|,
0007.1.m4a,conjugation,6032a2e5be2929c2,noun|singular|,
Word_0007.2.m4a,conjugation,6032a2e5be2929c2,noun|plural|,
Word_0008.3.m4a,conjugation,5eb1206f75f70254,3s|3s|completive past,
Word_0010.1.m4a,conjugation,30d423acd3adf296,3s|3s|present,
Word_0011.3.m4a,conjugation,c6b34d4b5381be8b,3s|3s|completive past,
Word_0012.1.m4a,conjugation,16245648be73c139,noun|singular|,
Word_0013.1.m4a,conjugation,5197d1054c8f3845,noun|singular|,
Word_0016.1.m4a,conjugation,e7b7ae6ab327a5c0,noun|singular|,
0017.1.m4a,conjugation,d53ed5f7038fe5f2,noun|singular|,
Word_0017.2.m4a,conjugation,d53ed5f7038fe5f2,noun|plural|,
Word_0018.1.m4a,conjugation,b829803ea8edcd44,noun|singular|,
Word_CNLD_gift_19.1.m4a,conjugation,ab2837c47a09d47a,noun|singular|,
Word_0019.2.m4a,conjugation,ab2837c47a09d47a,noun|plural|,
Word_CNLD_fan_21.1.m4a,conjugation,8ea3256ee12db92d,noun|singular|,
Word_0023.3.m4a,conjugation,c6164c5fa1e0d935,3s|3s|completive past,
Word_0024.1.m4a,conjugation,a315955ec891de56,noun|singular|,
Word_0025.4.m4a,conjugation,9d71a16d45a1d8b3,3s|3s|completive past,
Word-0027.1.m4a,conjugation,17f352435ae4d53c,noun|singular|,
Word_0028.1.m4a,conjugation,20fcdaa9f10f8e73,noun|singular|,
Word_0030.1.m4a,conjugation,5f94225a5d942562,noun|singular|,
Word_0031.4.m4a,conjugation,e7d5cb5c8285d5df,3s|3s|habitual,
0032.1.m4a,conjugation,889259edb8b08911,noun|singular|,
Word_0033.3.m4a,conjugation,b85e4ea4b98ba153,3s|3s|habitual,
Word_0034.6.m4a,conjugation,4c3b4e7079a24667,3s|3s|infinitive,
Word_CNLD_store_35.1.m4a,conjugation,0e65e797db6bb930,noun|singular|,
Word_CNLD_stores_35.2.m4a,conjugation,0e65e797db6bb930,noun|plural|,
Word_0038.3.m4a,conjugation,9491ca6e6565eaab,3s|3s|completive past,
0039.1.m4a,conjugation,b299252fb51cd5e6,noun|singular|,
Word_0039.2.m4a,conjugation,b299252fb51cd5e6,noun|plural|,
0040.1.m4a,conjugation,692bfeef6c6a901e,noun|singular|,
Word_0041.1.m4a,conjugation,56bbfbff8eb643f3,noun|singular|,
Word_0042.1.m4a,conjugation,b0fc45028f893c0c,noun|singular|,
Word_0043.1.m4a,conjugation,b98e8ebd66548398,3s|3s|present,
0044.1.m4a,conjugation,9a2fb077eb3a67e4,noun|singular|,
Word_0045.1.m4a,conjugation,1d0b1a36ef01cb24,3s|3s|present,
Word_0047.1.m4a,conjugation,8e9c9785c69a6436,3s|3s|present,
Word_0048.3.m4a,conjugation,5149e5a568ce0ed4,3s|3s|completive past,
Word_0050.4.m4a,conjugation,b0cefb0b2dba66b7,3s|3s|habitual,
0051.1.m4a,conjugation,6c080091945371a7,noun|singular|,
0053.1.m4a,conjugation,2245a077e719e51b,noun|singular|,
Word_0053.2.m4a,conjugation,2245a077e719e51b,noun|plural|,
Word_0054.2.m4a,conjugation,17b81cf8cc64d0f1,noun|plural|,
Word_0055.1.m4a,conjugation,50c3fa12efd8fdf6,3s|3s|present,
0056.1.m4a,conjugation,22cdab7c28cbf3c0,noun|singular|,
Word_0057.1.m4a,conjugation,53f21936c19d75dc,noun|singular|,
Word_0058.5.m4a,conjugation,01ca66ab102603c7,2s|3s|imperative,
0061.1.m4a,conjugation,1a8ee04f79e546c6,noun|singular|,
Word_0062.1.m4a,conjugation,b3235050b6bb0de2,noun|singular|,
Word_0064.6.m4a,conjugation,fe4f1cd22409d661,3s|3s|infinitive,
Word_0065.6.m4a,conjugation,e8928935973848e7,3s|3s|infinitive,
Word_0066.3.m4a,conjugation,87e90047c884943c,3s|3s|completive past,
Word_0067.3.m4a,conjugation,e55f1a6b01c7d92b,3s|3s|completive past,
Word_0068.1.m4a,conjugation,f5e756b4fdfd35dd,noun|singular|,
0070.1.m4a,conjugation,628354d6cba0bf8c,noun|singular|,
0072.1.m4a,conjugation,ae2b133b57fc7701,noun|singular|,
Word_0074.2.m4a,conjugation,5efca4d5e1160aad,1s|3s|present,
0075.1.m4a,conjugation,6a1ef36b2ab737c0,noun|singular|,
Word_0080.1.m4a,conjugation,3875233daac0346e,3s|3s|present,
Word_0083.3.m4a,conjugation,f330811b6bd18795,3s|3s|completive past,
Word_0084.5.m4a,conjugation,c6dd55b925ae6280,2s|3s|imperative,
0085.1.m4a,conjugation,18bbdb492391d814,noun|singular|,
Word_0087.1.m4a,conjugation,64bd44efa1b63764,noun|singular|,
Word_0088.1.m4a,conjugation,8a6c765a0ddce3cf,noun|singular|,
0090.1.m4a,conjugation,bb5d72529b002ce7,noun|singular|,
Word_0093.1.m4a,conjugation,09f798c74b01bf1e,noun|singular|,
Word_0094.1.m4a,conjugation,f4c107715b1b287d,noun|singular|,
Word_0095.1.m4a,conjugation,782f7cea419377f8,noun|singular|,
Word_0096.1.m4a,conjugation,52826352d34a3127,3s|3s|present,
0097.1.m4a,conjugation,20cdd561a4d9fca0,noun|singular|,
Word_0097.2.m4a,conjugation,20cdd561a4d9fca0,noun|plural|,
Word_0099.1.m4a,conjugation,ecb4abaea0562db4,3s|3s|present,
Word_0100.01.m4a,conjugation,8d0bc60dd9228319,3s|3s|present,
0101.1.m4a,conjugation,26a303e52db87c70,noun|singular|,
Word_0101.2.m4a,conjugation,26a303e52db87c70,noun|plural|,
Word_0105.6.m4a,conjugation,1a4b97f1dff4c381,2s|3a|imperative,
0106.1.m4a,conjugation,7f1336726d7e7e9e,noun|singular|,
Word_0106.2.m4a,conjugation,7f1336726d7e7e9e,noun|plural|,
Word_0107.1.m4a,conjugation,7104fb63adba3626,noun|singular|,
Word_0108.1.m4a,conjugation,fe11b2b82da4cf61,noun|singular|,
0109.1.m4a,conjugation,dad05922743095aa,noun|singular|,
Word_0111.1.m4a,conjugation,a8b152b1fbbd37b9,3s|3s|present,
Word_0112.1.m4a,conjugation,8ac5a89c3007acb7,noun|singular|,
Word_0113.2.m4a,conjugation,7089e94744caec44,1s|3s|present,
Word_0115.1.m4a,conjugation,69d113d3cc7b75f8,noun|singular|,
Word_0117.6.m4a,conjugation,da456f27ee69529f,3s|3s|infinitive,
Word_0118.1.m4a,conjugation,2c79412072ca10bf,noun|singular|,
Word_0120.1.m4a,conjugation,c5a639aabc366f6d,noun|singular|,
Word_0122.3.m4a,conjugation,25cc1d92ccc9b4e4,3s|3s|habitual,
Word_0123.1.m4a,conjugation,41266b7e36c2ecd7,3s|3s|present,
Word_0124.1.m4a,conjugation,fabc06528327e820,noun|singular|,
Word_0125.1.m4a,conjugation,6bd614b452335b59,noun|singular|,
Word_0126.1.m4a,conjugation,af2d83b2ae561a37,noun|singular animate|,
0127.1.m4a,conjugation,082dcf25e079f74f,noun|singular|,
Word_0128.1.m4a,conjugation,81fcb6cc4f89adfb,3s|3s|present,
Word_0129.1.m4a,conjugation,b635500252a18ec0,noun|singular|,
0130.1.m4a,conjugation,4c14c0fec6b8e32b,noun|singular|,
Word_0130.2.m4a,conjugation,4c14c0fec6b8e32b,noun|plural|,
Word_0133.3.m4a,conjugation,bef16ce2eafc748f,3s|3s|completive past,
0134.1.m4a,conjugation,32aaf37b823e2df7,noun|singular|,
Word_0136.1.m4a,conjugation,82f00cb803218c4e,noun|singular|,
Word_0137.1.m4a,conjugation,e070eef42d0a667c,noun|singular|,
Word_0138.4.m4a,conjugation,c724806b851474c6,3s|3s|habitual,
0139.1.m4a,conjugation,2cb5e89ee99782d9,noun|singular|,
Word_0139.2.m4a,conjugation,2cb5e89ee99782d9,noun|plural|,
Word_0141.1.m4a,conjugation,5602141f079e4b0f,3s|3s|present,
0142.1.m4a,conjugation,6309e94bc5491e83,noun|singular|,
Word_0142.2.m4a,conjugation,6309e94bc5491e83,noun|plural|,
Word_0143.2.m4a,conjugation,3dc41bc04c1006ef,1s|3a|present,
0144.1.m4a,conjugation,d78dbd8c2a80af93,noun|singular|,
Word_0145.1.m4a,conjugation,c7bc6eea412ff4b6,3s|3s|present,
0146.1.m4a,conjugation,525c6261d1c113fb,noun|singular|,
Word_0147.1.m4a,conjugation,36f12635220220d6,noun|singular|,
0149.1.m4a,conjugation,cf141fd724f1cf49,noun|singular|,
Word_0150.6.m4a,conjugation,b3da5014c6096bb9,3s|3s|infinitive,
0151.1.m4a,conjugation,d40f7dee0b8113fd,noun|singular|,
Word_0152.1.m4a,conjugation,4eda248dd36bfaf8,noun|singular|,
Word_0153.3.m4a,conjugation,0940c7725df4db4c,3s|3s|completive past,
Word_0154.5.m4a,conjugation,16fed3735909f0c9,3s|3s|infinitive,
0156.1.m4a,conjugation,6ba5a17660c615f8,noun|singular|,
Word_0157.1.m4a,conjugation,9018cb83b4fc56c3,3s|3s|present,
Word_0158.4.m4a,conjugation,9aab42e1082e79f3,3s|3s|habitual,
Word_0160.1.m4a,conjugation,93c1ef6997baf6d6,noun|singular|,
Word_0161.5.m4a,conjugation,78961db33d75cfbb,2s|3s|imperative,
Word_0162.1.m4a,conjugation,65003d68052348e9,3s|3s|present,
0163.1.m4a,conjugation,0acdb1e2a68d0da3,noun|singular|,
Word_0163.2.m4a,conjugation,0acdb1e2a68d0da3,noun|plural|,
Word_0165.1.m4a,conjugation,86329e8364457dac,noun|singular|,
Word_0168.1.m4a,conjugation,6db12884f177adc6,3s|3s|present,
Word_0170.1.m4a,conjugation,f23b24c1c0386c37,noun|singular|,
Word_0172.5.m4a,conjugation,4a7de61d68d68489,2s|3s|imperative,
Word_0173.4.m4a,conjugation,1aef793f5fb1ff71,3s|3s|habitual,
Word_0174.1.m4a,conjugation,1f033de7e2f4537a,noun|singular|,
Word_0175.8.m4a,conjugation,a23d01caab05ef28,3s|3s|infinitive,
0176.1.m4a,conjugation,31b43993a827246b,noun|singular|,
Word_0177.4.m4a,conjugation,7b29ddee8736259c,3s|3s|habitual,
Word_0179.6.m4a,conjugation,b250d3d581705655,3s|3s|infinitive,
Word_0180.1.m4a,conjugation,6bc7d42dda01ac3e,noun|singular|,
Word_0181.2.m4a,conjugation,1e7c0e0594c993f7,3s|3s|completive past,
Word_0182.4.m4a,conjugation,86d3c46b1c78bd96,3s|3s|habitual,
Word_0183.3.m4a,conjugation,d905f2861f1764a0,3s|3s|completive past,
0184.1.m4a,conjugation,8827a313cd827cef,noun|singular|,
Word_0185.2.m4a,conjugation,0b008466b3af6b0c,3s|3s|completive past,
0187.1.m4a,conjugation,35985e0bb75e990e,noun|singular|,
Word_0187.2.m4a,conjugation,35985e0bb75e990e,noun|plural|,
Word_0190.1.m4a,conjugation,66e8114e65921f53,noun|singular|,
Word_0192.6.m4a,conjugation,ecc42f87b0756ead,3s|3s|infinitive,
Word_0194.1.m4a,conjugation,5460f48b2515a739,noun|singular|,
Word_CNLD_Translation_0199.1.m4a,conjugation,f696f6f50dfe019f,noun|singular|,
Word_0205.1.m4a,conjugation,696ea2a9973ae7d8,noun|singular|,
0208.1.m4a,conjugation,c582ec578f8125b4,noun|singular|,
Word_CNLD_Drum_0209.1.m4a,conjugation,c7ffaf2937a33497,noun|singular|,
Word_0210.6.m4a,conjugation,70db624e8f054bab,3s|3s|infinitive,
Word_0211.5.m4a,conjugation,47755ae435a77937,2s|3s|imperative,
Word_0212.5.m4a,conjugation,8629bceb32caf6c7,2s|3s|imperative,
Word_0213.4.m4a,conjugation,808398a6d156cd37,3s|3s|habitual,
Word_0219.1.m4a,conjugation,f13e7fa98344e139,noun|singular|,
Word_0221.1.m4a,conjugation,a5adc2c3ec36d96b,3s|3s|present,
Word_0224.3.m4a,conjugation,622774ec9465c9b9,3s|3s|completive past,
0227.1.m4a,conjugation,1a66735665e778d7,noun|singular|,
0231.1.m4a,conjugation,871ab4fd59562ff3,noun|singular|,
0232.1.m4a,conjugation,1499590597bc72e2,noun|singular|,
Word_0233.1.m4a,conjugation,0e91e727936cf5cb,noun|singular|,
0235.1.m4a,conjugation,2877e3daff7d2c2e,noun|singular|,
Word_0236.8.m4a,conjugation,6ea340c44873611b,3s|3s|infinitive,
Word_0237.2.m4a,conjugation,a72f73317df99b29,noun|singular|,
Word_0242.1.m4a,conjugation,b03af5820d0e7d09,noun|singular|,
0243.1.m4a,conjugation,df78c7500909f083,noun|singular|,
Word_0245.4.m4a,conjugation,96479fc65cdfa6d9,3s|3s|habitual,
Word_0246.5.m4a,conjugation,21751ef53bf0554a,2s|3s|imperative,
0247.1.m4a,conjugation,1dc9c25e673da60b,noun|singular|,
Word_0248.1.m4a,conjugation,2887f172b43bf909,3s|3s|present,
Word_0249.1.m4a,conjugation,b0addfe89d894f7d,noun|singular|,
Word_0250.1.m4a,conjugation,f75c1b4f49aa5c09,3s|3s|present,
Word_0251.1.m4a,conjugation,6c990992fda2c8e6,noun|singular|,
Word_0252.1.m4a,conjugation,5326dd518b1633b2,noun|singular|,
Word_0253.1.m4a,conjugation,d867136dd5ea738a,noun|singular|,
Word_0254.1.m4a,conjugation,2fa151c987a74f08,noun|singular|,
Word_0255.1.m4a,conjugation,a42e80d2733545c5,3s|3s|present,
Word_CNLD_Flower_257.1.m4a,conjugation,b20c3c8e475585f9,noun|singular|,
Word_0258.1.m4a,conjugation,5757aa3d954dfdb8,noun|singular|,
Word_0262.2.m4a,conjugation,face012b7a598770,noun|singular|,
Word_0264.1.m4a,conjugation,badd26e614faecf6,noun|singular|,
Word_0265.1.m4a,conjugation,1d642ab1923a7bb8,noun|singular|,
Word_0267.1.m4a,conjugation,2a3a59d953282900,noun|singular|,
0269.1.m4a,conjugation,b700027706b7fc35,noun|singular|,
Word_0269.2.m4a,conjugation,b700027706b7fc35,noun|plural|,
Word_0270.2.m4a,conjugation,30ce5318bd05f216,1s|3s|present,
Word_0271.1.m4a,conjugation,d2d3333cd7532a5b,noun|singular|,
Word_0272.2.m4a,conjugation,c357b7970f64bde3,noun|singular|,
Word_0273.1.m4a,conjugation,4dc5056c8975a69e,3s|3s|present,
Word_0274.1.m4a,conjugation,0b2b12ee9220402b,noun|singular|,
Word_0275.1.m4a,conjugation,ecdfb0dc8ae179c8,noun|singular|,
Word_0276.1.m4a,conjugation,0da6f1d692644b07,noun|singular|,
Word_0277.1.m4a,conjugation,2dfc49747319c444,3s|3s|present,
Word_0279.1.m4a,conjugation,d5963611cf67038a,noun|singular|,
Word_0281.1.m4a,conjugation,c325526368a39135,noun|singular|,
Word_0282.1.m4a,conjugation,d92c1462cb4a0299,noun|singular|,
Word_0283.3.m4a,conjugation,4c2649210ec5c1d6,3s|3s|completive past,
Word_0288.1.m4a,conjugation,ee7b9c78fefa3d4a,3s|3s|present,
Word_0289.1.m4a,conjugation,fec7ba87bfb7cce6,noun|singular|,
0291.1.m4a,conjugation,85589ea48685dc50,noun|singular|,
Word_0292.1.m4a,conjugation,f8a0dda72a221ae8,noun|singular|,
Word_0293.3.m4a,conjugation,87bd3fb8298224a1,3s|3s|completive past,
Word_0294.1.m4a,conjugation,1143c5313cc5e614,noun|singular|,
Word_0296.1.m4a,conjugation,1d79f73818d27804,noun|singular|,
Word_0298.1.m4a,conjugation,684be809c313d1a1,3s|3s|present,
0299.1.m4a,conjugation,ccd2e510cc83794c,noun|singular|,
Word_0300.2.m4a,conjugation,ae7e6afb3ea21604,1s|3s|present,
0302.1.m4a,conjugation,2dbb0ed7c5b6c54a,noun|singular|,
Word_0304.6.m4a,conjugation,805a943db4940ee2,2s|3a|imperative,
0306.1.m4a,conjugation,b952bfacd3e9fc93,noun|singular|,
Word_0308.1.m4a,conjugation,a252cfca35fcf64e,noun|singular|,
0309.1.m4a,conjugation,d4be88a0c86f867d,noun|singular|,
Word_0309.2.m4a,conjugation,d4be88a0c86f867d,noun|plural|,
Word_0310.1.m4a,conjugation,bb91104fa3221340,3s|3s|present,
Word_0311.1.m4a,conjugation,e5b8c00ece1f5b99,noun|unknown|,
Word_0312.6.m4a,conjugation,8377fd9f42647abd,3s|3s|infinitive,
Word_0313.5.m4a,conjugation,84913ef717d5436f,2s|3s|imperative,
Word_0315.7.m4a,conjugation,73c30413ce7136dd,2s|3s|imperative,
Word_0317.1.m4a,conjugation,4c0dad0802fc5e62,noun|singular|,
Word_0318.1.m4a,conjugation,ac7f1013a32652e4,3s|3s|present,
Word_0319.1.m4a,conjugation,205e89f03849cb0f,noun|singular|,
Word_0320.2.m4a,conjugation,e1b631d738edd13f,noun|singular|,
Word_0321.1.m4a,conjugation,4705fcf746893e93,3s|3s|present,
Word_0322.1.m4a,conjugation,7cf2416caef037ab,3s|3s|present,
Word_0323.1.m4a,conjugation,c7fe14149e67e02a,noun|singular|,
0326.1.m4a,conjugation,481c3af254963f18,noun|singular|,
Word_0327.4.m4a,conjugation,7cadefb71763dead,3s|3s|habitual,
Word_0328.1.m4a,conjugation,47c01bfffa2decba,noun|singular|,
0330.1.m4a,conjugation,431d5d8127c6275c,noun|singular|,
Word_0330.2.m4a,conjugation,431d5d8127c6275c,noun|plural|,
Word_0332.5.m4a,conjugation,63b1eb65c1a27170,2s|3s|imperative,
Word_0333.1.m4a,conjugation,dc57f44b915781f1,noun|singular|,
Word_0334.4.m4a,conjugation,23cee5c9fb194e6b,3s|3s|habitual,
Word_0335.1.m4a,conjugation,4d0716a4190d7ff5,noun|singular|,
Word_0336.4.m4a,conjugation,51028035092b4c60,3s|3s|habitual,
Word_0337.3.m4a,conjugation,d430058575699161,3s|3s|completive past,
0340.1.m4a,conjugation,ac799ad78fa89eb8,noun|singular|,
Word_0342.3.m4a,conjugation,66b38b2f64313d30,3s|3s|completive past,
Word_0345.5.m4a,conjugation,e0616523c35a8f3d,2s|3s|imperative,
Word_0348.5.m4a,conjugation,f345ec3c6182fedd,2s|3s|imperative,
Word_0350.1.m4a,conjugation,48f300a6f1db1970,noun|singular|,
Word_0351.1.m4a,conjugation,0207cba564635bcd,3s|3s|present,
Word_0353.1.m4a,conjugation,bc4508bfacb740fc,noun|singular|,
Word_0356.1.m4a,conjugation,9c0cacde7a0d8412,noun|singular|,
Word_0357.1.m4a,conjugation,c517d9d721e2a2c7,noun|singular|,
Word_0358.1.m4a,conjugation,e9594e98c57154e7,3s|3s|present,
Word_0359.1.m4a,conjugation,e839043153f0e679,noun|singular|,
Word_0360.1.m4a,conjugation,1347236358e3e8dd,noun|singular|,
0355.1.MP3,conjugation,724d4b65b5efaf52,noun|singular|,
Word_0362.1.m4a,conjugation,4b85f26c39bbb4e5,3s|3s|present,
Word_0363.1.m4a,conjugation,6425ad0c00d7af2d,3s|3s|present,
Word_0364.1.m4a,conjugation,884c0a7fdddb80e7,noun|singular|,
0365.1.m4a,conjugation,087372353c02131c,noun|singular|,
Word_0366.6.m4a,conjugation,a4e09d062c66a306,3s|3s|infinitive,
0367.1.m4a,conjugation,3b2f00e433597efd,noun|singular|,
Word_0367.2.m4a,conjugation,3b2f00e433597efd,noun|plural|,
Word_0368.1.m4a,conjugation,8e82dc4823f6fdc7,3s|3s|present,
Word_0369.3.m4a,conjugation,6e99fa8d99553110,3s|3s|completive past,
Word_0371.1.m4a,conjugation,610d016169bdfae0,noun|singular|,
Word_0372.1.m4a,conjugation,be7aba423a93e242,3s|3s|present,
Word_0374.3.wav,conjugation,fbdb97646ad6b8e1,3s|3s|completive past,
Word_0375.1.m4a,conjugation,5fc9bf080fa5afee,noun|singular|,
Word_0376.1.m4a,conjugation,acb4d364a5f84a1a,noun|singular|,
Word_0377.1.m4a,conjugation,3986ebfea2b6f790,noun|singular|,
Word_0378.1.m4a,conjugation,bd3e34fce17fb0e7,noun|singular|,
Word_0379.1.m4a,conjugation,d48e2c458f77c1dc,noun|singular|,
Word_0381.6.m4a,conjugation,523bd6abe14c7184,2s|3s|imperative,
Word_CNLD_Dress_0383.1.m4a,conjugation,11eeeef87b5daad1,noun|singular|,
Word_0385.2.m4a,conjugation,7a2b17222296dde7,3s|3s|completive past,
0386.1.m4a,conjugation,545715ed9ba250d6,noun|singular|,
Word_0387.3.m4a,conjugation,4019d8b773d15ab6,3s|3s|completive past,
Word_0388.1.m4a,conjugation,db8b35833b0376d7,3s|3s|present,
Word_0389.2.m4a,conjugation,231d22d889742b3c,1s|3s|present,
0392.1.m4a,conjugation,6c213afc415d7077,noun|singular|,
Word_0394.1.m4a,conjugation,85db14b6b7f00b8b,noun|singular|,
0398.1.m4a,conjugation,99f448b3a081b9a4,noun|singular|,
Word_0398.2.m4a,conjugation,99f448b3a081b9a4,noun|plural|,
Word_0399.3.m4a,conjugation,20526326f54b12ca,3s|3s|completive past,
Word_0400.1.m4a,conjugation,ab184a5ded7a019b,3s|3s|present,
Word_0401.1.m4a,conjugation,148913748a2edc06,noun|singular|,
Word_0403.1.m4a,conjugation,178bfdadcab0df36,noun|unknown|,
Word_0404.8.m4a,conjugation,9f8e3c3a313be9f9,3s|3s|infinitive,
Word_0405.3.m4a,conjugation,26b2e9d71dbd790c,3s|3s|completive past,
Word_0406.1.m4a,conjugation,34659f365615342d,noun|singular|,
Word_0407.3.m4a,conjugation,420982d673219dcd,3s|3s|completive past,
Word_0409.7.m4a,conjugation,c2ffaf7ab0a1a533,3s|3s|infinitive,
Word_0410.1.m4a,conjugation,91ed803b1a594c61,noun|singular|,
0411.1.m4a,conjugation,44450aa4fe6c5558,noun|singular|,
Word_0413.1.m4a,conjugation,7ad43d4fdd46f191,noun|singular|,
Word_0414.1.m4a,conjugation,6e036f66304e6533,noun|singular|,
Word_0415.1.m4a,conjugation,af79b4bd9080ae21,noun|singular|,
Word_0416.1.m4a,conjugation,c5c2328736516173,noun|singular|,
Word_0419.3.m4a,conjugation,af107312a56fc0a4,3s|3s|completive past,
Word_0420.7.m4a,conjugation,90084d3bf8f761f2,2s|3s|imperative,
0422.1.m4a,conjugation,4ec54991b9fbe22b,noun|singular|,
Word_0423.1.m4a,conjugation,d11ab5dacaf1b943,3s|3s|present,
Word_0424.2.m4a,conjugation,4ae3a06768719802,1s|3s|present,
0425.1.m4a,conjugation,793d33c2778a79b4,noun|singular|,
Word_0425.2.m4a,conjugation,793d33c2778a79b4,noun|plural|,
Word_0427.1.m4a,conjugation,02cdb5da31494bb5,noun|singular|,
Word_0428.3.m4a,conjugation,1826ea39aa0a804a,3s|3s|completive past,
Word_0431.3.m4a,conjugation,329badcee40640ed,3s|3s|completive past,
0433.1.m4a,conjugation,278ecc62e31ee104,noun|singular|,
Word_0435.1.m4a,conjugation,2d69ee0d2eebb3f5,3s|3s|present,
0440.1.m4a,conjugation,ce5fcbcd2d55ba09,3s|3s|present,
Word_0441.1.m4a,conjugation,40bcafc10c36f9de,noun|singular|,
Word_0442.1.m4a,conjugation,a94b8b496e81bd2a,noun|singular|,
0445.1.m4a,conjugation,262ef311b05f7f08,noun|singular|,
Word_0447.7.m4a,conjugation,a7c0fbde7024694d,2s|3s|imperative,
Word_0499.1.m4a,conjugation,da7bfa01c3867053,noun|singular|,
Word_0450.2.m4a,conjugation,ce376f20d34af2ea,1s|3s|present,
Word_0451.1.m4a,conjugation,122b7d9b261dc861,3s|3s|present,
Word_0453.4.m4a,conjugation,54463c857049e68d,3s|3s|habitual,
Word_0457.1.m4a,conjugation,a5cc47a73036a9c3,noun|singular|,
Word_0458.1.m4a,conjugation,beb0edff8afb3553,noun|singular|,
Word_0459.7.m4a,conjugation,b45443fc8a2044da,2s|3s|imperative,
Word_0460.5.m4a,conjugation,2856fabafd4bff26,2s|3s|imperative,
Word_0462.1.m4a,conjugation,8a55a732f9144aeb,3s|3s|present,
Word_0463.1.m4a,conjugation,6b524006e3661674,noun|singular|,
Word_CNLD_Bridge_0464.1.m4a,conjugation,3e6f5829578901b8,noun|singular|,
Word_0466.3.m4a,conjugation,c26a789d1c7d4c73,3s|3s|completive past,
Word_0467.1.m4a,conjugation,462b717e16834a73,noun|singular|,
0468.1.m4a,conjugation,9460254e0d044e01,noun|singular|,
Word_0468.2.m4a,conjugation,9460254e0d044e01,noun|plural|,
Word_0469.1.m4a,conjugation,b4f3c2eb1ded9c41,noun|singular|,
Word_0470.3.m4a,conjugation,d6dc64ccd973857f,3s|3s|completive past,
0473.1.m4a,conjugation,2bc586c85d6c0594,noun|singular|,
Word_0474.3.m4a,conjugation,8e96d1d3f6df0254,3s|3s|habitual,
Word_0475.1.m4a,conjugation,4519715293725781,noun|singular|,
Word_0476.2.m4a,conjugation,25598060035e7d1d,3s|3s|completive past,
0478.1.m4a,conjugation,94a6b0802c1fc167,noun|singular|,
Word_0479.3.m4a,conjugation,046ed93ac26574e0,3s|3s|completive past,
Word_0480.1.m4a,conjugation,7f04920a1b2acdc3,3s|3s|present,
Word_0482.6.m4a,conjugation,15f38639406f1574,3s|3s|infinitive,
Word_CNLD_plate_0483.1.m4a,conjugation,afd47ae3f22f7dbc,noun|singular|,
Word_0483.2.m4a,conjugation,afd47ae3f22f7dbc,noun|plural|,
Word_0485.1.m4a,conjugation,cdb9240d2d76e24d,noun|singular|,
Word_0486.1.m4a,conjugation,bfc08a1c3e842ffd,3s|3s|present,
Word_0488.1.m4a,conjugation,3bafcc59ca68d091,noun|singular|,
Word_0491.1.m4a,conjugation,5d4b6ff6d7e319b0,noun|singular|,
Word_0492.1.m4a,conjugation,e2463b6dbaaaca20,noun|singular|,
Word_0495.1.m4a,conjugation,0602ce6a605adf0f,3s|3s|present,
Word_0498.6.m4a,conjugation,44efc7cf5dad1778,3s|3s|infinitive,
Word_0499.1.m4a,conjugation,c9248af40ffe872f,noun|singular|,
Word_0502.6.m4a,conjugation,58da61f6db521a0f,2s|3a|imperative,
Word_0503.5.m4a,conjugation,e30306bcea2fd4da,3s|3s|habitual,
Word_0505.1.m4a,conjugation,a7150a3f30377e03,3s|3s|present,
Word_0506.1.m4a,conjugation,5c5ce06ad5bd4143,noun|singular|,
0507.1.m4a,conjugation,86c720d8caa6e0fc,noun|singular|,
Word_0507.2.m4a,conjugation,86c720d8caa6e0fc,noun|plural|,
Word_0508.1.m4a,conjugation,2a756dd2c89354b9,noun|singular|,
Word_0509.1.m4a,conjugation,4080c94a6f958e15,3s|3s|present,
Word_0510.1.m4a,conjugation,74c102ff8813a29d,noun|singular|,
Word_0511.3.m4a,conjugation,1d038931bc5df277,3s|3s|present,
Word_0512.1.m4a,conjugation,dd8cd9ac189e826c,noun|singular|,
Word_0513.1.m4a,conjugation,3926442a6aae884d,noun|singular|,
Word_0514.3.m4a,conjugation,369dd7b66cacbc72,3s|3s|completive past,
Word_0515.1.m4a,conjugation,7b07974998a053e6,noun|singular|,
0517.1.m4a,conjugation,d8af6f43046e20b3,noun|singular|,
Word_0521.1.m4a,conjugation,ef5f7f9e1222fff4,noun|singular|,
0525.1.m4a,conjugation,420d7bd70c25fd3c,noun|singular|,
Word_0525.2.m4a,conjugation,420d7bd70c25fd3c,noun|plural animate|,
Word_0527.1.m4a,conjugation,beda1d585e044979,noun|singular|,
Word_0529.4.m4a,conjugation,664da63572351d41,3s|3s|completive past,
0532.1.m4a,conjugation,a94d6e6b9d4d7db1,noun|singular|,
Word_0534.1.m4a,conjugation,519cb74533b3fad4,noun|singular|,
Word_0539.1.m4a,conjugation,0a8f5d14b4429827,noun|singular|,
0540.1.m4a,conjugation,285865ef30eb249a,noun|singular|,
Word_0540.3.m4a,conjugation,285865ef30eb249a,noun|plural inanimate|,
Word_0541.1.m4a,conjugation,82f1b37b9cddab8c,noun|singular|,
Word_0542.2.m4a,conjugation,a29b23e852f2c159,noun|singular|,
Word_0544.1.m4a,conjugation,4552f6e3e52fec78,noun|singular|,
0545.1.m4a,conjugation,e4298dbde00d643c,noun|singular|,
Word_0550.1.m4a,conjugation,85b7701c89268bde,noun|singular|,
Word_0551.6.m4a,conjugation,49c2f7b1ea387cd3,3s|3s|infinitive,
Word_0554.3.m4a,conjugation,394945c8f6d1fd77,3s|3s|completive past,
Word_0555.3.m4a,conjugation,9188e350326264b9,3s|3s|completive past,
Word_0557.3.m4a,conjugation,c29d38b555259a3c,3s|3s|completive past,
Word_0559.1.m4a,conjugation,6bf5d74ce40a96cf,noun|singular|,
Word_0560.1.m4a,conjugation,b9ffb165698f51d3,3s|3s|present,
Word_0561.1.m4a,conjugation,6ba74acd28c3a6b5,noun|singular|,
Word_0563.4.m4a,conjugation,ce3fb5a8ea2a2034,3s|3s|completive past,
Word_0566.1.m4a,conjugation,5de6b71cbcba8c56,noun|singular|,
Word_0568.2.m4a,conjugation,3b55873b719b7c27,1s|3s|present,
Word_0569.5.m4a,conjugation,560b04df81d24554,2s|3s|imperative,
0570.1.m4a,conjugation,57a1dc0e0132c3a9,noun|singular|,
Word_0573.1.m4a,conjugation,b1a70c729f768536,3s|3s|present,
Word_0579.1.m4a,conjugation,c37f5a8aef5b61d9,noun|singular|,
Word_0580.1.m4a,conjugation,4d67b2cd21c65692,noun|singular|,
Word_0581.3.m4a,conjugation,77c56d35e08cd46c,3s|3s|completive past,
0590.1.m4a,conjugation,2ede01d3a87cee64,noun|singular|,
Word_0591.1.m4a,conjugation,8cb2ee6d23e38ab3,noun|singular|,
Word_0596.1.m4a,conjugation,e6c670cd4897c567,3s|3s|present,
0598.1.m4a,conjugation,fdc0da1c6ea0471b,noun|singular|,
0605.1.m4a,conjugation,e0692aaf6aabb2d1,noun|singular|,
0612.1.m4a,conjugation,e4f334a20e2693e2,noun|singular|,
Word_0617.1.m4a,conjugation,775f2ded0041076c,3s|3s|present,
Word_0622.3.m4a,conjugation,bb03a19657dab305,3s|3s|completive past,
Word_0624.1.m4a,conjugation,c15bac5b417c91fe,noun|singular|,
Word_0625.1.m4a,conjugation,408b62d44278a191,noun|singular|,
Word_0626.1.m4a,conjugation,b28ff004dc8d1803,noun|singular|,
Word_0627.1.m4a,conjugation,cda8937e96def606,noun|singular|,
Word_0628.5.m4a,conjugation,056f48e3e3c11de8,2s|3s|imperative,
Word_0630.1.m4a,conjugation,de1736f7a66b7a42,noun|singular|,
Word_0631.4.m4a,conjugation,517a242914f3f081,3s|3s|completive past,
Word_0639.2.m4a,conjugation,91ee150353ea5170,1s|3s|present,
Word_0640.1.m4a,conjugation,1b11f7e4381df38e,noun|singular|,
Word_0641.1.m4a,conjugation,668bfa6b84f35c2a,2s|3s|imperative,
Word_0649.1.m4a,conjugation,32c314a6dec023dc,noun|singular|,
Word_0650.1.m4a,conjugation,0e59f86b83698276,noun|singular|,
0651.1.m4a,conjugation,8aae008a3de13bcb,noun|singular|,
Word_0651.2.m4a,conjugation,8aae008a3de13bcb,noun|plural|,
Word_0651.2.m4a,conjugation,d10395f68b3f5442,noun|singular|,
Word_0653.1.m4a,conjugation,c66c11a5d767de26,noun|singular|,
Word_0654.1.m4a,conjugation,0d80893f889c19b4,noun|singular|,
Word_0655.1.m4a,conjugation,9bb769a93f504aad,noun|singular|,
Word_0656.1.m4a,conjugation,5cdb2d258bc98df9,noun|singular|,
Word_0657.1.m4a,conjugation,179439e8106f9887,noun|singular|,
Word_0659.1.m4a,conjugation,1b869959812b4847,noun|singular|,
Word_0660.1.m4a,conjugation,0758b352888b0c11,noun|singular|,
Word_0661.1.m4a,conjugation,0ef7faaaeb7a7b1d,noun|singular|,
Word_0662.1.m4a,conjugation,30ed575c1e66d29c,noun|singular|,
0663.1.m4a,conjugation,cdd7b62144c7cb89,noun|singular|,
Word_0663.2.m4a,conjugation,cdd7b62144c7cb89,noun|plural|,
0664.1.m4a,conjugation,15f91dd0439956a2,noun|singular|,
Word_0664.2.m4a,conjugation,15f91dd0439956a2,noun|plural|,
Word_0665.1.m4a,conjugation,3c475e73b8196ed3,noun|singular|,
0666.1.m4a,conjugation,ce500584b2e186c0,noun|singular|,
Word_0666.2.m4a,conjugation,ce500584b2e186c0,noun|plural|,
0667.1.m4a,conjugation,d2a589de8130b671,noun|singular|,
Word_0667.2.m4a,conjugation,d2a589de8130b671,noun|plural|,
0668.1.m4a,conjugation,395720dcb8513360,noun|singular|,
0668.1.m4a,conjugation,395720dcb8513360,noun|plural|,
Word_0669.1.m4a,conjugation,db73bac5f29b01e4,noun|singular|,
Word_0670.1.m4a,conjugation,f0a0d09a6fd8d2f5,3s|3s|present,
Word_0671.1.m4a,conjugation,35944ffa10e32b90,noun|singular|,
Word_0672.1.m4a,conjugation,6ab9d2912955a569,noun|singular|,
Word_0673.1.m4a,conjugation,39f90ee3bf985952,noun|singular|,
0674.1.m4a,conjugation,43fad2f3b77e0f4c,noun|singular|,
Word_0674.2.m4a,conjugation,43fad2f3b77e0f4c,noun|plural|,
Word_0675.1.m4a,conjugation,6c8ec3fe1447ea21,noun|singular|,
0676.1.m4a,conjugation,05f496cc50738691,noun|singular|,
Word_0677.1.m4a,conjugation,ddcfe8c2f3098194,noun|singular|,
0678.1.m4a,conjugation,ed28f3d49154ef7f,noun|singular|,
Word_0679.1.m4a,conjugation,be52cf83ea0421e5,noun|singular|,
Word_0680.1.m4a,conjugation,e4a4ad3465777884,noun|singular|,
0681.1.m4a,conjugation,e792e5a0fa6ed41c,noun|singular|,
0682.1.m4a,conjugation,9fd2bdf09abc7961,noun|singular|,
Word_0683.1.m4a,conjugation,e8bcd082c61b6609,noun|singular|,
0684.1.m4a,conjugation,536fbd7a0a25cdea,noun|singular|,
Word_0685.1.m4a,conjugation,315d7c014082fbf3,noun|singular|,
Word_0686.1.m4a,conjugation,159024bacca9e07b,noun|singular|,
Word_0687.1.m4a,conjugation,882e2c89048f6afe,noun|singular|,
Word_0688.1.m4a,conjugation,27009e98c91c14d2,noun|singular|,
0689.1.m4a,conjugation,99ce93953dfe34cf,noun|singular|,
Word_0690.1.m4a,conjugation,f84b1781339fd054,noun|singular|,
Word_0691.1.m4a,conjugation,b0ab96e768d0688b,noun|singular|,
Word_0692.1.m4a,conjugation,07856b55c0346358,noun|singular|,
0693.1.m4a,conjugation,8267d1dd20125e06,noun|singular|,
Word_0694.1.m4a,conjugation,4c788ae2438548eb,noun|singular|,
0695.1.m4a,conjugation,00f2abf86a755832,noun|singular|,
Word_0697.1.m4a,conjugation,957a231648246138,noun|singular|,
0698.1.m4a,conjugation,fb40118f482bea6a,noun|singular|,
Word_0699.1.m4a,conjugation,0ada8c66fa3aca0e,noun|singular|,
0700.1.m4a,conjugation,c88a4204587eb7a1,noun|singular|,
Word_0700.2.m4a,conjugation,c88a4204587eb7a1,noun|plural|,
Word_0701.1.m4a,conjugation,5abf2ae8810b33f8,noun|singular|,
Word_0702.1.m4a,conjugation,5942dd729a65005c,noun|singular|,
0703.1.m4a,conjugation,b0392bbbcea21791,noun|singular|,
Word_0704.1.m4a,conjugation,dc29d18645a17af8,noun|singular|,
Word_0705.1.m4a,conjugation,8cc8530a24742a8e,noun|singular|,
Word_0706.1.m4a,conjugation,c30d967d70bffa19,noun|singular|,
Word_0707.1.m4a,conjugation,2effd9136aef0501,noun|singular|,
Word_0708.1.m4a,conjugation,a697e85280f6d4e7,noun|singular|,
Word_0709.1.m4a,conjugation,80b4f0cae37b3dc6,noun|singular|,
0711.1.m4a,conjugation,65bcc894df1be4d7,noun|singular|,
Word_0712.1.m4a,conjugation,0c58120d957ae280,noun|singular|,
Word_0713.1.m4a,conjugation,2186b76cc5194e77,noun|singular|,
Word_0714.1.m4a,conjugation,c8c7bc743e4240e7,noun|singular|,
Word_0715.1.m4a,conjugation,825eab18465695f7,noun|singular|,
0716.1.m4a,conjugation,071e9ef830ec5000,noun|singular|,
Word_0717.1.m4a,conjugation,a0252941b208763f,noun|singular|,
Word_0718.1.m4a,conjugation,a046292634fd6882,noun|singular|,
Word_0719.1.m4a,conjugation,80173417b28ea248,noun|singular|,
Word_0720.1.m4a,conjugation,38f3a67a51b91c66,noun|singular|,
Word_0721.1.m4a,conjugation,a970b25b88c96acd,noun|singular|,
Word_0722.1.m4a,conjugation,5fbe08e34087c73a,noun|singular|,
Word_0723.1.m4a,conjugation,be00e18607b59701,noun|singular|,
Word_0724.1.m4a,conjugation,cd6b8bfa82bb97cf,noun|singular|,
Word_0725.1.m4a,conjugation,190bdad5e99b144f,noun|singular|,
Word_0726.1.m4a,conjugation,c7b1edd0649173a4,noun|singular|,
Word_0727.1.m4a,conjugation,f6254508aadd55b8,3s|3s|present,
Word_0728.1.m4a,conjugation,44d70de80c0261b0,3s|3s|present,
Word_0730.1.m4a,conjugation,9d949efbe82f6d5d,noun|singular|,
Word_0731.1.m4a,conjugation,dcdd663a896965cb,noun|singular|,
Word_0732.1.m4a,conjugation,95269acd2483ce19,noun|singular|,
Word_0734.1.m4a,conjugation,cf42e8765edb6b53,3s|3s|present,
Word_0735.1.m4a,conjugation,035417020fd97ee6,noun|singular|,
Word_0736.1.m4a,conjugation,158ecdac9be95b73,noun|singular|,
Word_0737.1.m4a,conjugation,7ff0d0d864f26810,3s|3s|present,
Word_0738.1.m4a,conjugation,2714c5bec71555d9,3s|3s|present,
Word_0739.1.m4a,conjugation,999703135caa9fe7,noun|singular|,
Word_0741.1.m4a,conjugation,905f2e89c419ec52,3s|3s|present,
Word_0742.6.m4a,conjugation,78704af7a6d92c26,3s|3s|infinitive,
Word_0743.4.m4a,conjugation,b4e5f0a393eda592,3s|3s|habitual,
Word_0744.3.m4a,conjugation,17c16e4428e33588,3s|3s|completive past,
Word_0747.3.m4a,conjugation,492b97a42071538e,3s|3s|completive past,
Word_0749.1.m4a,conjugation,e5762065a73a113c,noun|singular|,
Word_0751.1.m4a,conjugation,ac79b3886c9250b7,3s|3s|present,
0752.1.m4a,conjugation,ddf3aebf4023d488,noun|singular|,
Word_0753.4.m4a,conjugation,df45d891789f6430,3s|3s|habitual,
Word_0754.1.m4a,conjugation,3cc5ac34378143d9,noun|singular|,
Word_0759.1.m4a,conjugation,8d64fde447725bee,noun|singular|,
Word_0766.2.m4a,conjugation,b888d01bcedabda4,1s|3s|present,
Word_0767.1.m4a,conjugation,3c8aea710333f340,noun|singular|,
Word_0768.1.m4a,conjugation,207d6e1d0e1b997b,noun|singular|,
Word_0769.1.m4a,conjugation,a65d5db438b95136,3s|3s|present,
0770.1.m4a,conjugation,b4928bf391a7e5e8,noun|singular|,
Word_0770.2.m4a,conjugation,b4928bf391a7e5e8,noun|plural|,
0771.1.m4a,conjugation,74abceb2c0d5985c,noun|singular|,
Word_0771.2.m4a,conjugation,74abceb2c0d5985c,noun|plural|,
Word_0772.1.m4a,conjugation,0268b94ebb24f157,noun|singular|,
Word_0773.1.m4a,conjugation,f882b40692939ad4,noun|singular|,
Word_0775.1.m4a,conjugation,3c72ee832dc117dd,3s|3s|present,
Word_0776.2.m4a,conjugation,e51aeb49ffdd7aac,1s|3s|present,
Word_0777.1.m4a,conjugation,75bab2dc1f65b758,3s|3s|present,
Word_0778.1.m4a,conjugation,958b39f75d2f4ede,3s|3s|present,
Word_0779.1.m4a,conjugation,1019614cde57bbed,3s|3s|present,
Word_0786.1.m4a,conjugation,b7f7c2d1713abe43,noun|singular|,
Word_0787.6.m4a,conjugation,e461b40e65f44e43,3s|3s|infinitive,
Word_0788.1.m4a,conjugation,25b27a88444d7a2a,noun|singular|,
Word_0790.1.m4a,conjugation,b534f84c7acd8550,noun|singular|,
0791.1.m4a,conjugation,5f95728103adafbd,noun|singular|,
0792.1.m4a,conjugation,7edf59efd929b507,noun|singular|,
Word_0795.1.m4a,conjugation,703b5929c3b615bc,noun|singular|,
Word_0796.3.m4a,conjugation,e4ca4399df0136a4,3s|3s|completive past,
Word_0798.1.m4a,conjugation,5649c67d08a0221f,noun|singular|,
Word_0801.1.m4a,conjugation,60dfe59c0398e826,noun|unknown|,
Word_0803.1.m4a,conjugation,1294b23d736b0adf,3s|3s|present,
Word_0804.1.m4a,conjugation,9041fea7309ad77d,3s|3s|present,
Word_0806.4.m4a,conjugation,96e2c484aa66af84,3s|3s|completive past,
0808.1.m4a,conjugation,ca57e669f1a9744d,noun|singular|,
Word_0809.1.m4a,conjugation,b80757ebc8186184,noun|unknown|,
Word_0810.1.m4a,conjugation,1edeb30b4ed73b53,noun|singular|,
Word_0811.1.m4a,conjugation,5ac70da1abc183b9,3s|3s|present,
Word_0812.1.m4a,conjugation,2d0eca17986979de,noun|singular|,
Word_0813.1.m4a,conjugation,a958a4de0f5dc1a5,noun|singular|,
0816.1.m4a,conjugation,d71c1f9acc951616,noun|singular|,
0817.1.m4a,conjugation,24231370212fbe34,noun|singular|,
Word_0818.3.m4a,conjugation,337dcae172ab228b,1s|3s|present,
Word_0819.1.m4a,conjugation,6e5878befce2a00c,noun|singular|,
Word_0820.1.m4a,conjugation,17325b4e5b549764,noun|singular|,
Word_0822.1.m4a,conjugation,e762d3fe17e8f138,noun|singular|,
Word_0823.1.m4a,conjugation,c55cc6655eac8f19,noun|unknown|,
Word_0824.1.m4a,conjugation,33f1d70f9b7d85e2,noun|unknown|,
Word_0825.1.m4a,conjugation,04317684f42ac251,noun|singular|,
0827.1.m4a,conjugation,5950fe833b59666c,noun|singular|,
Word_0827.2.m4a,conjugation,5950fe833b59666c,noun|plural|,
Word_0829.1.m4a,conjugation,e91dcc5a11095ec1,noun|singular|,
Word_0832.1.m4a,conjugation,9f7630d9e2138147,noun|singular|,
Word_0833.3.m4a,conjugation,09e85d4604f72358,3s|3s|habitual,
Word_0835.1.m4a,conjugation,7afdbaca57bffa0b,noun|singular|,
Word_0836.1.m4a,conjugation,5dcb555665a1d7f1,noun|singular|,
Word_0837.1.m4a,conjugation,c5304a92fa917de6,noun|singular|,
0838.1.m4a,conjugation,e06d026fe0f8eaea,noun|singular|,
Word_0843.5.m4a,conjugation,badb0ff2954e2ad1,2s|3s|imperative,
Word_0844.2.m4a,conjugation,bb080373c2b020bb,1s|3s|present,
Word_0845.1.m4a,conjugation,ea180509747f7732,3s|3s|present,
0846.1.m4a,conjugation,899a53c90c888f6f,noun|singular|,
Word_0847.1.m4a,conjugation,391d206c7f207c79,noun|singular|,
0849.1.m4a,conjugation,62f41bcdb2b7fa30,noun|singular|,
Word_0852.1.m4a,conjugation,7251696d5513136e,noun|singular|,
0858.1.m4a,conjugation,138ccb65eebd690c,noun|singular|,
0861.1.m4a,conjugation,c69c4cf79104cfeb,noun|singular|,
Word_0862.1.m4a,conjugation,0960d061afc583d1,noun|singular|,
0865.1.m4a,conjugation,7920e71f52696208,noun|singular|,
0866.1.m4a,conjugation,e5b848323c8f44ad,noun|singular|,
Word_0868.3.m4a,conjugation,d74e26c044706792,3s|3s|completive past,
Word_0876.1.m4a,conjugation,a439ffebed9f64db,noun|singular|,
Word_0877.1.m4a,conjugation,82120df9103fbc55,noun|singular|,
Word_0878.3.m4a,conjugation,c644c10b02e40ef7,3s|3s|completive past,
Word_0879.1.m4a,conjugation,1918153e2fc07380,noun|singular|,
Word_0881.1.m4a,conjugation,2e48f0bef70a82d2,noun|singular|,
Word_0882.4.m4a,conjugation,81f6e5990a2ed2fd,3s|3s|habitual,
Word_0884.5.m4a,conjugation,268f20784f8aa478,2s|3s|imperative,
Word_0885.4.m4a,conjugation,1e760a1789c5ad30,3s|3s|habitual,
Word_0888.4.m4a,conjugation,16f6cab18513e6c8,3s|3s|habitual,
Word_0890.1.m4a,conjugation,e6c3611a6ed2e918,noun|singular|,
Word_0891.1.m4a,conjugation,94210a96997ec4cb,noun|singular|,
Word_0892.1.m4a,conjugation,7e6b588c68ccd99d,3s|3s|present,
0893.1.m4a,conjugation,610409dabfd82431,noun|singular|,
Word_0893.2.m4a,conjugation,610409dabfd82431,noun|plural|,
Word_0895.1.m4a,conjugation,da1d42a38773bc1a,noun|singular|,
Word_0896.1.m4a,conjugation,f9aae2d24af435a8,3s|3s|present,
Word_0897.1.m4a,conjugation,794a04adb7949c10,3s|3s|present,
0899.1.m4a,conjugation,51950114eae99ef6,noun|singular|,
0902.1.m4a,conjugation,06fce20027b22669,noun|singular|,
Word_0903.2.m4a,conjugation,3be08d86a13a69c2,1s|3s|present,
0904.1.m4a,conjugation,b82e1d115bcc8b76,noun|singular|,
0911.1.m4a,conjugation,62ab6576d948b6e2,noun|singular|,
Word_0917.1.m4a,conjugation,7c09d5b98e9fc1c8,3s|3s|present,
Word_0921.3.m4a,conjugation,a1d91670f16a5908,3s|3s|completive past,
Word_0922.1.m4a,conjugation,191684f8f17f6441,noun|singular|,
Word_0923.1.m4a,conjugation,dab2a7e9f42677a2,3s|3s|present,
0924.1.m4a,conjugation,aa64054589b7de81,noun|singular|,
Word_0926.2.m4a,conjugation,483feffe4286d4b5,3s|3s|completive past,
Word_0927.1.m4a,conjugation,d51b14c6ca11cb7c,noun|singular|,
0928.1.m4a,conjugation,b30805fa52322653,noun|singular|,
0930.1.m4a,conjugation,9bb5acf9aba17c04,noun|singular|,
Word_0934.1.m4a,conjugation,e0a268b9b66cb4cb,3s|3s|present,
Word_0935.1.m4a,conjugation,fb5c8ec5cad01d0b,noun|singular|,
Word_0936.1.m4a,conjugation,ece2640542950a9e,noun|singular|,
Word_0937.1.m4a,conjugation,7429dd5e21d1ec61,noun|singular|,
Word_0941.1.m4a,conjugation,b94a60211f3fd00e,noun|singular|,
Word_0942.1.m4a,conjugation,f2fafd969247501a,noun|singular|,
Word_0944.3.m4a,conjugation,c23f947b17bb66c5,3s|3s|completive past,
Word_0946.6.m4a,conjugation,d033a33c02cb353a,2s|3a|imperative,
Word_0947.1.m4a,conjugation,8fe9bd6eaf53f30e,noun|singular|,
Word_0948.4.m4a,conjugation,703f1ac336cd6a6c,3s|3s|habitual,
Word_0949.1.m4a,conjugation,f36f55e574492a2c,noun|singular|,
Word_0951.3.m4a,conjugation,96005d6fb4f5b5b1,3s|3s|habitual,
Word_0953.1.m4a,conjugation,cc77f382ac0f7db0,noun|singular|,
Word_0955.1.m4a,conjugation,35dfa3033b6e59d6,3s|3s|present,
Word_0956.1.m4a,conjugation,02b293d4c2388fad,noun|singular|,
0957.1.m4a,conjugation,b54eefecdd957fdb,noun|singular|,
Word_0958.1.m4a,conjugation,32febe24c8205bda,3s|3s|present,
Word_0960.1.m4a,conjugation,9689ef547748b3dd,noun|singular|,
0963.1.m4a,conjugation,d2248da2607c0772,noun|singular|,
Word_0964.1.m4a,conjugation,be8eaca312ef6f9c,noun|singular|,
Word_0965.1.m4a,conjugation,11c5ff2ca7027698,noun|singular|,
Word_0966.1.m4a,conjugation,332ec955ce80d20b,noun|singular|,
Word_0967.1.m4a,conjugation,9a91a88eb59eebd4,3s|3s|present,
Word_0969.1.m4a,conjugation,df7466a6c797c5c0,noun|singular|,
Word_0972.1.m4a,conjugation,5764764a05608a11,3s|3s|present,
Word_0973.1.m4a,conjugation,7bdbe6ac9b0a54fe,noun|singular|,
0974.1.m4a,conjugation,8530c40022bc6cf0,noun|singular|,
Word_0975.1.m4a,conjugation,0a9c1362c3881372,noun|singular|,
Word_0977.1.m4a,conjugation,fee4573001d20b2f,noun|singular|,
0978.1.m4a,conjugation,4268d6b516312338,noun|singular|,
Word_0979.3.m4a,conjugation,8fa369642887597d,3s|3s|present,
Word_0981.1.m4a,conjugation,aa0a2a01f8a7d779,noun|singular|,
Word_0982.1.m4a,conjugation,6c96d5d6b1ef634f,noun|singular|,
Word_0983.1.m4a,conjugation,8b967edcce92231f,noun|singular|,
0984.1.m4a,conjugation,92edde4cede005c7,noun|singular|,
Word_0988.1.m4a,conjugation,ddf48f6c48d9fefa,noun|singular|,
Word_0989.1.m4a,conjugation,eb89b09ef3c7d8b2,noun|singular|,
Word_0990.1.m4a,conjugation,7fbbb6f009442328,3s|3s|present,
0991.1.m4a,conjugation,b7655fd9a137e65e,noun|singular|,
Word_0991.2.m4a,conjugation,b7655fd9a137e65e,noun|plural|,
Word_0992.1.m4a,conjugation,7d2b9e759b0d9a22,noun|singular|,
Word_0993.1.m4a,conjugation,d7331f2d6c1f7027,noun|singular|,
Word_0994.1.m4a,conjugation,fb6ae9b0639a122d,3s|3s|present,
Word_0995.1.m4a,conjugation,f0670e35688541a1,3s|3s|present,
Word_0996.1.m4a,conjugation,34a3907adc2a83db,noun|singular|,
Word_0997.1.m4a,conjugation,c0d360a6d339fc06,noun|singular|,
Word_0998.1.m4a,conjugation,0130e74bd57824c3,3s|3s|present,
Word_0999.1.m4a,conjugation,34a1fcdbcf223edc,3s|3s|present,
Word_1000.1.m4a,conjugation,6bf26e4899149498,3s|3s|present,
1001.1.m4a,conjugation,3c2e71c9a5a947ae,noun|singular|,
Word_1002.1.m4a,conjugation,dd6dd98df18acd7f,noun|singular|,
Word_1004.1.m4a,conjugation,0151cb47ab255c76,noun|singular|,
Word_1005.1.m4a,conjugation,71e0085002c028d1,noun|singular|,
Word_1006.1.m4a,conjugation,05d94cec0705e6cb,3s|3s|present,
Word_1009.4.m4a,conjugation,e7fd31c5e18b51d7,3s|3s|habitual,
Word_1012.1.m4a,conjugation,4b29168d651e875e,noun|singular|,
Word_1013.1.m4a,conjugation,deea0605daeea48a,3s|3s|present,
1014.1.m4a,conjugation,5581b1a7b738181f,noun|singular|,
Word_1014.2.m4a,conjugation,5581b1a7b738181f,noun|plural|,
1015.1.m4a,conjugation,34a500633311118a,noun|singular|,
Word_1016.1.m4a,conjugation,036db06c487c7398,3s|3s|present,
1017.1.m4a,conjugation,7676b5e6237316a3,noun|singular|,
1018.1.m4a,conjugation,148045cacfd11aed,noun|singular|,
Word_1019.1.m4a,conjugation,8804f7a60bcbe509,noun|singular|,
Word_1020.1.m4a,conjugation,8e8cdb336af7fb17,noun|singular|,
Word_1022.5.m4a,conjugation,116c4dc0fb2aa4c3,3s|3s|present,
Word_1025.1.m4a,conjugation,4e75c5abb9dc641d,3s|3s|present,
1026.1.m4a,conjugation,0e1595f66eb24b70,noun|singular|,
Word_1027.1.m4a,conjugation,c48bbc06d640fcbc,3s|3s|present,
1028.1.m4a,conjugation,2192e0fcfbe25b05,noun|singular|,
1029.1.m4a,conjugation,e1b50c6e40c6d802,noun|singular|,
1030.1.m4a,conjugation,ca08cb4c0b47c49a,noun|singular|,
Word_1031.5.m4a,conjugation,92027d3471f7defd,3s|3s|present,
Word_1032.1.m4a,conjugation,1fbd70ec2bce9368,noun|singular|,
Word_1033.1.m4a,conjugation,93a8e78d8bd5d417,3s|3s|present,
1034.1.m4a,conjugation,6061b1e03e95f3d3,noun|singular|,
1035.1.m4a,conjugation,fdeef7901d2736b0,noun|singular|,
Word_1036.1.m4a,conjugation,5ff5cb8cbca3b6b8,noun|singular|,
1037.1.m4a,conjugation,e958be07ed16cb3c,noun|singular|,
1038.1.m4a,conjugation,b6287f469c43c7db,noun|singular|,
Word_1039.1.m4a,conjugation,9bb31032737f95ec,noun|singular|,
Word_1041.1.m4a,conjugation,50245929867b5204,noun|singular|,
Word_1042.1.m4a,conjugation,6649111bc236590b,noun|singular|,
1043.1.m4a,conjugation,b85c4cd8aa68a29f,noun|singular|,
Word_1045.2.m4a,conjugation,fd9ee250b939b9c3,1s|3s|present,
1046.1.m4a,conjugation,cf01ebbbb439a7fa,noun|singular|,
Word_1047.4.m4a,conjugation,840e24fe5a8e9802,3s|3s|habitual,
1049.1.m4a,conjugation,56c4870a528b84b1,noun|singular|,
1050.1.m4a,conjugation,2ad747afc02dc0e7,noun|singular|,
Word_1051.4.m4a,conjugation,e8d482f79b345243,3s|3s|habitual,
Word_1052.1.m4a,conjugation,29fcad549ff88769,3s|3s|present,
Word_1053.3.m4a,conjugation,d14283f55ff98fe8,3s|3s|completive past,
Word_1054.3.m4a,conjugation,f0ad5b6b09806db1,3s|3s|completive past,
Word_1055.1.m4a,conjugation,8f3450f09a7239ae,noun|unknown|,
1056.1.m4a,conjugation,6fcb0f71ab854c76,noun|singular|,
1058.1.m4a,conjugation,74c3e65ad795fdc8,noun|singular|,
Word_1059.1.m4a,conjugation,74c3e65ad795fdc8,noun|singular|,
1062.1.m4a,conjugation,771206b2867eebfd,noun|singular|,
1063.1.m4a,conjugation,9b7341f1a45452dc,noun|singular|,
Word_1065.1.m4a,conjugation,bca7b8e2264c4cb2,noun|singular|,
1066.1.m4a,conjugation,7a0ff6498aa5f872,noun|singular|,
1070.1.m4a,conjugation,ca7ff9b20f5d6181,noun|singular|,
Word_1072.3.m4a,conjugation,6aa5990e876e8896,3s|3s|completive past,
1073.1.m4a,conjugation,ac8f95a49dda458d,noun|singular|,
1077.1.m4a,conjugation,246758da2f68c5d7,noun|singular|,
Word_1078.1.m4a,conjugation,0a60d138d7c3f8a3,noun|singular|,
1079.1.m4a,conjugation,24c563edf97378be,noun|singular|,
Word_1080.1.m4a,conjugation,dd4204a68318cc28,noun|singular|,
Word_1082.1.m4a,conjugation,8c7186d295be9a64,noun|singular|,
Word_1084.1.m4a,conjugation,f3b54873e61885fe,3s|3s|present,
1085.1.m4a,conjugation,7f6253d0fe0f47e3,noun|singular|,
1088.1.m4a,conjugation,9d30d2c10e0bc3a9,noun|singular|,
1089.1.m4a,conjugation,812422ac5dcb2de2,noun|singular|,
Word_1090.1.m4a,conjugation,5bd1a7513c10512a,noun|singular|,
Word_1092.2.m4a,conjugation,caa4661b70d521c0,3s|3s|completive past,
Word_1093.1.m4a,conjugation,c8c3358fe0ae2c46,noun|singular|,
Word_1094.1.m4a,conjugation,181acc81f3dfadc8,3s|3s|present,
Word_1096.1.m4a,conjugation,d98d99e631e4ae6f,noun|unknown|,
Word_1097.1.m4a,conjugation,f0fc857b68114900,noun|singular|,
1104.1.m4a,conjugation,7d26250c4ea49056,noun|singular|,
Word_1105.1.m4a,conjugation,4b3f5da12ac958a1,noun|singular|,
Word_1108.1.m4a,conjugation,faae615c0db0b9b2,noun|singular|,
1111.1.m4a,conjugation,b672fe1911d67e3b,noun|singular|,
Word_1118.6.m4a,conjugation,cc8bab750c7cbe61,3s|3s|infinitive,
1120.1.m4a,conjugation,3e88df1a539f0de4,3s|3s|present,
1125.1.m4a,conjugation,73af00fcdd451350,noun|unknown|,
1126.1.m4a,conjugation,c291b4b12072a113,3s|3s|present,
1127.1.m4a,conjugation,a1871cde83e44b90,noun|singular|,
Word_1132.1.m4a,conjugation,314f11aedcb2102f,noun|unknown|,
Word_1133.1.m4a,conjugation,1b9f3f7f65d1c4a3,noun|singular|,
1135.1.m4a,conjugation,846f614930d72979,noun|singular|,
Word_1136.1.m4a,conjugation,4d5570a67d4062d5,3s|3s|present,
1141.1.m4a,conjugation,7c0e7a51ea1fec04,noun|singular|,
1143.1.m4a,conjugation,f701504b2417111b,noun|singular|,
1146.1.m4a,conjugation,2ba2588afdb91ebc,3s|3s|present,
1147.1.m4a,conjugation,e5835f0ad234c0ab,noun|singular|,
1148.1.m4a,conjugation,1fc7b9efef814918,noun|singular|,
1150.1.m4a,conjugation,046804147f571fdf,noun|unknown|,
1152.1.m4a,conjugation,ba99386eeb496181,noun|singular|,
1154.1.m4a,conjugation,698cbea72053235c,noun|singular|,
1160.1.m4a,conjugation,35fd6a82ff107d63,noun|singular|,
1161.1.m4a,conjugation,80a408bafc39d3a0,noun|singular|,
1150.1.m4a,conjugation,e5b8b31231403552,noun|singular|,
Word_1136.1.m4a,conjugation,e47ada6d39b8fe4e,3s|3s|present,
1164.1.m4a,conjugation,0f465eeada1bf902,noun|singular|,
1165.1.m4a,conjugation,85fc74520e58dd4e,noun|singular|,
1166.1.m4a,conjugation,ec3035e9bac06414,noun|singular|,
1167.1.m4a,conjugation,d31eab818f8ab51e,noun|singular|,
1168.1.m4a,conjugation,9ef3d22c22c6f5b6,noun|singular|,
1174.1.m4a,conjugation,1cfa2bccd8319dc6,noun|singular|,
1175.1.m4a,conjugation,43b0e932c462b2ed,noun|plural|,
1176.1.m4a,conjugation,6572252ef3fd23bf,noun|singular|,
1178.1.m4a,conjugation,4bfe73dda32d7316,noun|singular|,
1179.1.m4a,conjugation,452fda9e6a53b223,noun|singular|,
1181.1.m4a,conjugation,da7e4dda744d1dac,noun|singular|,
1182.1.m4a,conjugation,a5f94e6c894c7760,noun|singular|,
1183.1.m4a,conjugation,252dced642dbec70,noun|singular|,
1184.1.m4a,conjugation,b22cc670218380b7,noun|singular|,
1185.1.m4a,conjugation,63ad8f23f2d50369,3s|3s|present,
1186.1.m4a,conjugation,8affd155cf796ef9,noun|singular|,
1187.1.m4a,conjugation,5ef9398e40a4ca94,noun|singular|,
1188.1.m4a,conjugation,daf692192a95bb4d,noun|singular|,
1189.1.m4a,conjugation,a8106955b2fb06cd,noun|singular|,
1190.1.m4a,conjugation,51ce0c6ae1461e37,noun|singular|,
1191.1.m4a,conjugation,a962f28491250077,noun|singular|,
1192.1.m4a,conjugation,5b2c3447d9fdd02e,noun|singular|,
1193.1.m4a,conjugation,005ffd93d9cb9ca4,noun|singular|,
1194.1.m4a,conjugation,76bb3ad530451d89,noun|singular|,
1195.1.m4a,conjugation,ddc5a9c89d67fb3a,3s|3s|present,
1196.1.m4a,conjugation,099ee671db08858f,noun|singular|,
1197.1.m4a,conjugation,ca890380efbe32ca,noun|singular|,
1201.1.m4a,conjugation,ab780f7019046f3e,noun|singular|,
1202.1.m4a,conjugation,c807233822c41717,noun|singular|,
1203.1.m4a,conjugation,889ab2ae0dde0b12,noun|singular|,
1205.1.m4a,conjugation,1e2f659b4ed4b295,noun|singular|,
1206.1.m4a,conjugation,cc83ccbb88fb617c,noun|singular|,
1207.1.m4a,conjugation,ef8a0c0dfaffcb45,noun|singular|,
1208.1.MP3,conjugation,40cd2865b65a1565,noun|singular|,
1210.1.MP3,conjugation,5a46af579e82f3cd,noun|singular|,
1211.1.m4a,conjugation,a450b9f5672a1449,noun|singular|,
1212.1.m4a,conjugation,8520625ca8119e89,noun|singular|,
1213.1.m4a,conjugation,8fd73ba2f6a2e3c0,noun|singular|,
1214.1.m4a,conjugation,c7c3b1a7baaa075e,noun|singular|,
1215.1.m4a,conjugation,abe2f7579558fc04,noun|singular|,
1216.1.m4a,conjugation,e35d9106c54b3710,noun|singular|,
1217.1.m4a,conjugation,512b6e2d594c68a1,3s|3s|present,
1218.1.m4a,conjugation,0b24cf7c34888727,3s|3s|present,
1219.1.m4a,conjugation,9443195d488a8b5d,noun|singular|,
1221.1.m4a,conjugation,f33989a58b458383,noun|singular|,
1222.1.m4a,conjugation,499165dad2f9980b,noun|singular|,
1223.1.m4a,conjugation,1c09583dcc90096f,noun|singular|,
1225.1.m4a,conjugation,cf2db4f8b964ca66,noun|singular|,
1226.1.m4a,conjugation,85e80cbcaea9d8f9,noun|singular|,
1227.1.m4a,conjugation,cfab335397029d09,noun|singular|,
1228.1.m4a,conjugation,8f295d25c6d74d26,noun|singular|,
1229.1.m4a,conjugation,c066d717293a0716,noun|singular|,
1230.1.m4a,conjugation,37212c096da4eb03,noun|singular|,
1231.1.m4a,conjugation,a65cc35853b30b48,noun|singular|,
1233.1.m4a,conjugation,6097e0e926e6b80b,noun|singular|,
1234.1.m4a,conjugation,10f402557a06325f,noun|singular|,
1235.1.m4a,conjugation,ced6c5cbe0b568fb,noun|singular|,
1236.1.m4a,conjugation,88a55f49d5cdb370,noun|singular|,
1237.1.m4a,conjugation,05746bbc22b361f1,noun|singular|,
1238.1.m4a,conjugation,ae2404cc9a2cbb21,noun|singular|,
1239.1.m4a,conjugation,43620a09a2334545,noun|singular|,
1240.1.m4a,conjugation,09d6de5cbf710c0e,noun|singular|,
1241.1.m4a,conjugation,ed5dfbf70efdc4c1,3s|3s|present,
1242.1.m4a,conjugation,f7899dd50efcc6cc,noun|singular|,
1243.1.m4a,conjugation,6df1c11221f033a2,noun|singular|,
1246.1.m4a,conjugation,85c4bfb126439a6e,noun|singular|,
1247.1.m4a,conjugation,66fbe780c002a73d,noun|singular|,
1249.1.m4a,conjugation,86246b999c7231f6,noun|singular|,
1250.1.m4a,conjugation,89e991186fdd2629,noun|singular|,
1251.1.m4a,conjugation,4120a895cd8d440a,noun|singular|,
1252.1.m4a,conjugation,1c5b351316a065c4,noun|singular|,
1253.1.m4a,conjugation,26016cfabd5e1864,noun|singular|,
1254.1.m4a,conjugation,137c4e767f5a96ba,noun|singular|,
1255.1.m4a,conjugation,e39547a230e83afa,noun|singular|,
1256.1.m4a,conjugation,93229b9915e51a3e,noun|singular|,
1257.1.m4a,conjugation,32c201a517e5de3f,noun|singular|,
1261.1.m4a,conjugation,e025091d474ae601,noun|singular|,
1262.1.m4a,conjugation,28221581e9410fca,noun|singular|,
1263.1.m4a,conjugation,c93a9e102610c032,noun|singular|,
1265.1.m4a,conjugation,fa433736ac596a0f,noun|singular|,
1266.1.m4a,conjugation,5d1007b1c00a1305,noun|singular|,
1267.1.m4a,conjugation,3b5f0129b5d109d0,noun|singular|,
1268.1.m4a,conjugation,5226ccef105c12bf,noun|singular|,
1269.1.m4a,conjugation,14280961bb3d30e9,noun|singular|,
1270.1.m4a,conjugation,e1026858f84e6851,noun|singular|,
1271.1.m4a,conjugation,5ef5290f35625675,noun|singular|,
1274.1.m4a,conjugation,243c4f0a07ff4325,noun|singular|,
1276.1.m4a,conjugation,6cc2b02c985051f8,noun|singular|,
1277.1.m4a,conjugation,19d6c9bf2db80f9c,noun|singular|,
1279.1.m4a,conjugation,892c9234ef32cbf3,noun|singular|,
1288.1.m4a,conjugation,ce6b4be7c22cb658,noun|singular|,
1289.1.m4a,conjugation,336ce12fee490827,noun|singular|,
1290.1.m4a,conjugation,f989704ce0c7d6ea,noun|singular|,
1291.1.m4a,conjugation,86c2f71b769dc3bb,noun|singular|,
1293.1.m4a,conjugation,afb9e397ce077799,noun|singular|,
1294.1.m4a,conjugation,3537db261bd56ba1,noun|singular|,
1295.1.m4a,conjugation,acfbb512231edc55,noun|singular|,
1296.1.m4a,conjugation,c398fa146df2183f,noun|singular|,
1299.1.m4a,conjugation,f458335f2a9b9a9a,noun|singular|,
1301.1.m4a,conjugation,1d45cd5ba171d4fa,noun|singular|,
1302.1.m4a,conjugation,5682c84791d00d24,noun|singular|,
1303.1.m4a,conjugation,e041bd4780b162af,noun|singular|,
1306.1.m4a,conjugation,20719ceb43320e99,noun|singular|,
1308.1.m4a,conjugation,d7664f6a2454e136,noun|singular|,
1310.1.m4a,conjugation,b6c17b9f91667373,noun|singular|,
1311.1.m4a,conjugation,6fe2671b66138479,noun|singular|,
1320.1.m4a,conjugation,bc7e19bc94e0cf40,noun|singular|,
1321.1.m4a,conjugation,82120a82f20637a2,noun|singular|,
1327.1.m4a,conjugation,c72a85585897dc23,noun|unknown|,
1328.1.m4a,conjugation,9b7ef53093ff9310,noun|singular|,
1330.1.m4a,conjugation,6eccbd8c88c3699c,noun|singular|,
1331.1.m4a,conjugation,57978a1a37e2bc2e,noun|singular|,
1334.1.m4a,conjugation,8757953b883b5e14,noun|singular|,
1335.1.m4a,conjugation,5c38562154ff0a45,noun|singular|,
1339.1.m4a,conjugation,5245c1a37d25caad,noun|singular|,
1340.1.m4a,conjugation,c62d340ea716eb6e,noun|singular|,
1341.1.m4a,conjugation,3b1e7cba884360d7,noun|singular|,
1342.1.m4a,conjugation,98c6cc3127425b3f,noun|singular|,
1343.1.m4a,conjugation,fb0f73c44dcf7d7c,noun|singular|,
1344.1.m4a,conjugation,87d6f347b760fb67,noun|singular|,
1346.1.m4a,conjugation,5f4b4331167c4181,noun|singular|,
1347.1.m4a,conjugation,359b203afc85bd48,noun|singular|,
1348.1.m4a,conjugation,ff833872b164f9ce,noun|singular|,
1349.1.m4a,conjugation,7fe2edd4af2b6a8c,noun|singular|,
1357.1.m4a,conjugation,67997a448f22e188,3s|3s|present,
1359.1.m4a,conjugation,e20e51221aec625b,noun|singular|,
1362.1.m4a,conjugation,e6a910e1b91720e6,noun|singular|,
1367.1.m4a,conjugation,c9211ca49a2ba602,noun|unknown|,
1369.1.m4a,conjugation,620e9e04ba4ecd5d,3s|3s|present,
1370.1.m4a,conjugation,e7491851e4db731a,noun|unknown|,
1371.1.m4a,conjugation,02f56feba842417c,noun|singular|,
1372.1.m4a,conjugation,3800843220a9a51b,noun|singular|,
1373.1.m4a,conjugation,919f965b976ac795,noun|singular|,
1377.1.m4a,conjugation,13dcccf6b2fecd46,noun|unknown|,
1378.1.m4a,conjugation,c8868e4acfa25641,noun|unknown|,
1379.1.m4a,conjugation,081b6581601143ab,noun|singular|,
1381.1.m4a,conjugation,d6692cb92f8f06d4,noun|singular|,
1382.1.m4a,conjugation,2f9db4c187ef2eae,noun|singular|,
1383.1.m4a,conjugation,494ea10bb0a584bf,noun|singular|,
1384.1.m4a,conjugation,553e48b6e6c40056,noun|singular|,
1385.1.m4a,conjugation,dbc0c8dc2cc625e4,noun|singular|,
1386.1.m4a,conjugation,125dad292a788344,3s|3s|present,
1387.1.m4a,conjugation,6391bdb9dd6fa474,noun|singular|,
1389.1.m4a,conjugation,2734c45bd1154858,noun|singular|,
1390.1.m4a,conjugation,2bd06980c62c17ec,noun|singular|,
1391.1.m4a,conjugation,b4f2ad87f9ed4402,noun|singular|,
1392.1.m4a,conjugation,c618ced9ad543725,noun|singular|,
1393.1.m4a,conjugation,3b9f744ed0363fab,noun|singular|,
1394.1.m4a,conjugation,58e083d52856c614,noun|singular|,
1395.1.m4a,conjugation,f890b7958516611c,noun|singular|,
1399.1.m4a,conjugation,7d7b642d1f12c705,noun|singular|,
1400.1.m4a,conjugation,708d91476d50ada2,noun|singular|,
1401.1.m4a,conjugation,9658785e36ad9773,noun|singular|,
1404.1.m4a,conjugation,3c024dd9a9406a79,noun|singular|,
1406.1.m4a,conjugation,686903b0caf1efdc,3s|3s|present,
1407.1.m4a,conjugation,354daa1a61d94af3,3s|3s|present,
1410.1.m4a,conjugation,1e1fff6baa4a2466,noun|singular|,
1411.1.m4a,conjugation,8000aa7c8c2515bb,noun|singular|,
1413.1.m4a,conjugation,3c8715822f1b8ef5,noun|singular|,
1414.1.m4a,conjugation,7e4b24816acc50d6,noun|singular|,
1415.1.m4a,conjugation,0ca2f3d98193ad65,noun|singular|,
1417.1.m4a,conjugation,2ef73c02bcb63e03,noun|unknown|,
1419.1.m4a,conjugation,b5fe1dd88df03088,noun|singular|,
1420.1.m4a,conjugation,08fd1c63681b2fa7,noun|singular|,
1422.1.m4a,conjugation,eb9bb83c98fb0cd7,noun|singular|,
1423.1.m4a,conjugation,d4b93abc2e8d910b,noun|singular|,
1424.1.m4a,conjugation,6e101f865dd91d1e,noun|singular|,
1425.1.m4a,conjugation,25565fdff1f2dc40,noun|singular|,
1427.1.m4a,conjugation,42a20b4455d175a5,noun|singular|,
1429.1.m4a,conjugation,d44610170446335b,3s|3s|present,
1430.1.m4a,conjugation,1bc5cd507f3f99d8,noun|singular|,
1431.1.m4a,conjugation,8105250e3c583c0d,noun|singular|,
1433.1.m4a,conjugation,10302a53b8214d58,noun|singular|,
1434.1.m4a,conjugation,f907e80b1277a2b7,noun|singular|,
1435.1.m4a,conjugation,a4efb072a0e96dbe,noun|singular|,
1436.1.m4a,conjugation,951a919c1b820a4f,noun|singular|,
1437.1.m4a,conjugation,c42485ac40c578ff,noun|singular|,
1438.1.m4a,conjugation,c42b7fae6ae150bf,noun|singular|,
1439.1.m4a,conjugation,f0034f1d4b0a86d9,noun|singular|,
1441.1.m4a,conjugation,2f77260c50b17136,noun|singular|,
1444.1.m4a,conjugation,10b7757e36f1e829,noun|singular|,
1445.1.m4a,conjugation,5954b50e3d310420,noun|singular|,
1446.1.m4a,conjugation,64dbc8875b744d33,noun|singular|,
1452.1.m4a,conjugation,312a369bd6a4b0fb,noun|singular|,
1453.1.m4a,conjugation,b4cdb955b44a5184,3s|3s|present,
1454.1.m4a,conjugation,33f8d3d1d15642fd,noun|singular|,
1455.1.m4a,conjugation,e59acded0a06a415,3s|3s|present,
1456.1.m4a,conjugation,ddb7451f5f2e4a1c,3s|3s|present,
1458.1.m4a,conjugation,35e279e2e0432fe4,noun|singular|,
1460.1.m4a,conjugation,bc689484d0031288,noun|singular|,
1461.1.m4a,conjugation,4f3f6e291458fe3e,noun|singular|,
1462.1.m4a,conjugation,118a412284e4ede5,noun|singular|,
1463.1.m4a,conjugation,3e6403b73f82827c,noun|singular|,
1465.1.m4a,conjugation,9e8187840cda9f22,noun|singular|,
1467.1.m4a,conjugation,64ee0df0834b57bc,noun|singular|,
1468.1.m4a,conjugation,3bd79ea16b096788,noun|singular|,
1470.1.m4a,conjugation,5a15ef3841d575f0,noun|singular|,
1471.1.m4a,conjugation,419592a8c8460252,noun|singular|,
1472.1.m4a,conjugation,160ef9ee84bd473b,noun|singular|,
1473.1.m4a,conjugation,e100fe0653595602,noun|singular|,
1474.1.m4a,conjugation,0e1b6c6671958b5a,noun|singular|,
1478.1.m4a,conjugation,d275c1f26816a8c8,3s|3s|present,
1479.1.m4a,conjugation,59e45aea61fb9925,noun|singular|,
1480.1.m4a,conjugation,e33faeafd6db5623,noun|singular|,
1481.1.m4a,conjugation,d36decb4c6048032,3s|3s|present,
1483.1.m4a,conjugation,88e031ea29887bbf,3s|3s|present,
1484.1.m4a,conjugation,2c3771ab89718535,3s|3s|present,
1485.1.m4a,conjugation,dd11b36656c9c2ea,3s|3s|present,
1486.1.m4a,conjugation,8c708836b687300b,noun|singular|,
1487.1.m4a,conjugation,2793343c9a2bd5b1,noun|singular|,
1488.1.m4a,conjugation,6f191c72d802c973,3s|3s|present,
1489.1.m4a,conjugation,ffbf68cfb0aabe02,noun|singular|,
1491.1.m4a,conjugation,51cff92e9c0d83c1,noun|singular|,
1492.1.m4a,conjugation,8f4c99a69d8ef7d2,noun|singular|,
1493.1.m4a,conjugation,7576f186c10f889d,noun|singular|,
1494.1.m4a,conjugation,01d73a8491812b1e,noun|singular|,
1495.1.m4a,conjugation,81ba4c556ccabc49,noun|singular|,
1496.1.m4a,conjugation,ff7b8389230c7767,noun|singular|,
1497.1.m4a,conjugation,778031b8245ca1be,noun|singular|,
1498.1.m4a,conjugation,d2b73c27e0b8ec06,noun|singular|,
1499.1.m4a,conjugation,36578baf541060fc,noun|singular|,
1500.1.m4a,conjugation,97dd985cbe3522f6,noun|singular|,
1501.1.m4a,conjugation,11660d34ab106670,noun|singular|,
1502.1.m4a,conjugation,292423b3243fc4c8,noun|singular|,
1503.1.m4a,conjugation,ee85174b699e3f75,3s|3s|present,
1505.1.m4a,conjugation,85e8f3c176ea5e9f,noun|singular|,
1506.1.m4a,conjugation,b2f642e29b332870,noun|singular|,
1507.1.m4a,conjugation,88bbe38911778af6,noun|singular|,
1508.1.m4a,conjugation,0f179ba0de3934ed,noun|singular|,
1509.1.m4a,conjugation,b3742a3982a5526b,noun|singular|,
1510.1.m4a,conjugation,c518ecb6974518b0,noun|singular|,
1511.1.m4a,conjugation,ae8eeb77c1201d59,noun|singular|,
1512.1.m4a,conjugation,7cee4432ac5c7d82,noun|singular|,
1513.1.m4a,conjugation,057f1944bc77fea9,noun|singular|,
1514.1.m4a,conjugation,b7a05115abe29b29,noun|singular|,
1518.1.m4a,conjugation,2e63ec25fcc9df8f,noun|singular|,
1519.1.m4a,conjugation,b8aabbbf042a9589,noun|singular|,
1520.1.m4a,conjugation,19e923d63c6f23a8,noun|singular|,
1521.1.m4a,conjugation,6113c46d243df71c,noun|singular|,
1522.1.m4a,conjugation,7ca42e081a4543f1,noun|singular|,
1524.1.m4a,conjugation,8a27ebaf1fe23ce8,noun|singular|,
1526.1.m4a,conjugation,5cd8ee8f085e9f3d,noun|singular|,
1527.1.m4a,conjugation,63acfb1e860412d9,noun|singular|,
1529.1.m4a,conjugation,c895f3768365e4ee,noun|singular|,
1531.1.m4a,conjugation,ed9e1ed988c87268,noun|singular|,
1532.1.m4a,conjugation,dbcc9547b4d70e69,noun|singular|,
1533.1.m4a,conjugation,b80318eb3d88a4e4,noun|singular|,
1534.1.m4a,conjugation,b80318eb3d88a4e4,noun|plural|,
1538.1.m4a,conjugation,fafbdf5783073506,noun|singular|,
1539.1.m4a,conjugation,e3a6ba73da8a2d83,noun|singular|,
1540.1.m4a,conjugation,f61fcec829ada102,noun|singular|,
1541.1.m4a,conjugation,10a2e5c237111ba7,noun|singular|,
1543.1.m4a,conjugation,20e7a197c9b49082,noun|singular|,
1548.1.m4a,conjugation,5a5f56eae73bad29,noun|singular|,
1552.1.m4a,conjugation,ad38cb8fad5fefb2,noun|singular|,
1554.1.m4a,conjugation,b58cabe34015a76c,3s|3s|present,
1556.1.m4a,conjugation,ac5d9aa5686e73f3,noun|singular|,
1557.1.m4a,conjugation,2fb6358a051ca5d0,noun|singular|,
1558.1.m4a,conjugation,f4b206aa85b7ac7f,noun|singular|,
1560.1.m4a,conjugation,f2edf5d8659b9296,noun|singular|,
1561.1.m4a,conjugation,9776299997ab1b15,noun|singular|,
1562.1.m4a,conjugation,6218b493c8528a97,noun|singular|,
1563.1.m4a,conjugation,e613b379668980b8,noun|singular|,
1564.1.m4a,conjugation,0913467768484f62,3s|3s|present,
1565.1.m4a,conjugation,d0124103124d3b52,noun|singular|,
1566.1.m4a,conjugation,5c170b5cc66a3319,noun|singular|,
1567.1.m4a,conjugation,b407fbe6bfeb71af,3s|3s|present,
1568.1.m4a,conjugation,ae0a334ad615f6bc,noun|singular|,
1569.1.m4a,conjugation,863abb09fa974789,3s|3s|present,
1570.1.m4a,conjugation,696f146de8bbee62,noun|singular|,
1572.1.m4a,conjugation,55de0aaf4826ad6c,noun|singular|,
1575.1.m4a,conjugation,1889afa28e425a5c,noun|singular|,
1576.1.m4a,conjugation,95b75ecfb3c7b353,noun|singular|,
1579.1.m4a,conjugation,5e71dda090cb9fee,noun|singular|,
1581.1.m4a,conjugation,80bde6e885fc0011,noun|singular|,
1583.1.m4a,conjugation,433327b768d8d3ba,noun|singular|,
1584.1.m4a,conjugation,019b4807ae920364,noun|singular|,
1586.1.m4a,conjugation,e7a3968bf0b00a6d,noun|singular|,
1588.1.m4a,conjugation,076edc32f17a8931,noun|singular|,
1591.1.m4a,conjugation,335352a4cacee008,noun|singular|,
1592.1.m4a,conjugation,9900c283a83b2e3d,noun|singular|,
1595.1.m4a,conjugation,9bf3b6d81e929139,noun|singular|,
1598.1.m4a,conjugation,0eefc209ae742a0b,noun|singular|,
1599.1.m4a,conjugation,753a556ac8de1fdc,noun|singular|,
1604.1.m4a,conjugation,fd6e92be526ef008,noun|singular|,
1605.1.m4a,conjugation,f9ffaa0e66f62e15,3s|3s|present,
1606.1.m4a,conjugation,65f131753ee9d67f,noun|singular|,
1607.1.m4a,conjugation,6e49ecb8a8a026ce,3s|3s|present,
1609.1.m4a,conjugation,e4ffe46eadb9a72a,noun|singular|,
1612.1.m4a,conjugation,3d2b477eb321798c,noun|singular|,
1613.1.m4a,conjugation,ae62edde24a8aa2e,noun|singular|,
1615.1.m4a,conjugation,cf47fe69dd97cd4c,noun|singular|,
1616.1.m4a,conjugation,b36da9a6f9c09f4a,noun|singular|,
1618.1.m4a,conjugation,e57decb3deede438,noun|singular|,
1619.1.m4a,conjugation,7f0ac504417b428a,noun|singular|,
1621.1.m4a,conjugation,f54e996bcb366e4c,noun|singular|,
1622.1.m4a,conjugation,2426996dc6904d10,noun|singular|,
1624.1.m4a,conjugation,7a7632b71c4555d8,noun|singular|,
1625.1.m4a,conjugation,949e9835e86ac9ad,noun|singular|,
1628.1.m4a,conjugation,04208070d120d176,noun|singular|,
1631.1.m4a,conjugation,84fe36f90d1902e5,noun|singular|,
1632.1.m4a,conjugation,5dbc876312191475,noun|singular|,
1633.1.m4a,conjugation,ad4792a57a65d49c,noun|singular|,
1634.1.m4a,conjugation,a9ecb90d0407308e,noun|singular|,
1639.1.m4a,conjugation,c41769afc32a63e3,noun|singular|,
1640.1.m4a,conjugation,b870ad9fbc4f75c8,noun|singular|,
1641.1.m4a,conjugation,92e1565ccb5ddab7,noun|singular|,
1643.1.m4a,conjugation,43df18057172a0bd,noun|singular|,
1645.1.m4a,conjugation,c8b70b7610f9197e,noun|unknown|,
1647.1.m4a,conjugation,9f4b06fae8ee40ba,noun|singular|,
1648.1.m4a,conjugation,e4e919db728ea69c,noun|singular|,
1649.1.m4a,conjugation,55b19ff8383e3863,noun|singular|,
1650.1.m4a,conjugation,8770c98fd6f5be69,noun|singular|,
1652.1.m4a,conjugation,cd03ea53933c7686,noun|singular|,
1653.1.m4a,conjugation,6782cab5397f887e,noun|singular|,
1655.1.m4a,conjugation,084303d8afb25998,noun|singular|,
1656.1.m4a,conjugation,647a70ec4f047574,noun|singular|,
1657.1.m4a,conjugation,efa5bb3ac34c0d4b,noun|singular|,
1660.1.m4a,conjugation,549eca08cdb5ac74,noun|singular|,
1661.1.m4a,conjugation,03fb4aa2c4e57ffc,noun|singular|,
1662.1.m4a,conjugation,597f4fcce5005fa1,noun|singular|,
1666.1.m4a,conjugation,04c790ae25cb75a2,noun|singular|,
1667.1.m4a,conjugation,d2b6b9209aca8c89,noun|singular|,
1669.1.m4a,conjugation,d1a5357844adeba2,noun|singular animate|,
1671.1.m4a,conjugation,c1da7664ccfe4566,noun|singular|,
1673.1.m4a,conjugation,ea909ee5ca87ab84,noun|singular|,
1674.1.m4a,conjugation,6c704bc9e235eb94,noun|singular|,
1675.1.m4a,conjugation,245db2198fc88f7e,noun|singular|,
1676.1.m4a,conjugation,f155bb6d99805900,noun|singular|,
1677.1.m4a,conjugation,8e28c1cfc170196f,noun|singular|,
1681.1.m4a,conjugation,799e3fc4fad7e01f,noun|singular|,
1692.1.m4a,conjugation,c94e9fb4fb6e6fcc,noun|singular|,
1694.1.m4a,conjugation,0134dc7f8c5141a9,noun|singular|,
1696.1.m4a,conjugation,018cea3280b800c5,noun|singular|,
1697.1.m4a,conjugation,f7f587908e018eba,noun|singular|,
1699.1.m4a,conjugation,51abd310d5a69b3e,noun|singular|,
1700.1.m4a,conjugation,a609ade0377c9ced,noun|singular|,
1703.1.m4a,conjugation,7f3e26d60e8299b0,noun|singular|,
1707.1.m4a,conjugation,580002dfc1ca277e,noun|singular|,
1709.1.m4a,conjugation,da07adfafe12f15e,noun|singular|,
1710.1.m4a,conjugation,670cbc639d401bd3,noun|singular|,
1711.1.m4a,conjugation,facead6c49438986,noun|singular|,
1713.1.m4a,conjugation,d08c63795519205c,noun|singular|,
1714.1.m4a,conjugation,1994410f2f99a582,noun|singular|,
1716.1.m4a,conjugation,a88f712c86fb6599,noun|singular|,
1717.1.m4a,conjugation,8fde31fac5ec5d38,noun|singular|,
1718.1.m4a,conjugation,e0d5e5164462dad1,noun|singular|,
1719.1.m4a,conjugation,459b0a9a6f39fc67,noun|singular|,
1722.1.m4a,conjugation,5a9c973cbb4faa2a,noun|singular|,
1723.1.m4a,conjugation,4a12aebc05c0512d,noun|singular|,
1725.1.m4a,conjugation,7a77eaf1e6a1dad2,noun|singular|,
1726.1.m4a,conjugation,69fc8ef8b1c4291e,noun|singular|,
1728.1.m4a,conjugation,7827eeefa6ed52c1,noun|singular|,
1729.1.m4a,conjugation,5f60e102f1450db2,noun|singular|,
1735.1.m4a,conjugation,feec042b68c025df,noun|singular|,
1738.1.m4a,conjugation,7c5b047d1bad0042,noun|singular|,
1739.1.m4a,conjugation,af0e366876f8fa8b,noun|singular|,
1741.1.m4a,conjugation,db6cea154ffe22b2,noun|singular|,
1742.1.m4a,conjugation,39b07ea23730d178,noun|singular|,
1744.1.m4a,conjugation,80d580f124433ef0,noun|singular|,
1745.1.m4a,conjugation,4c94f36c48686208,noun|singular|,
1746.1.m4a,conjugation,de8e908822d5f653,noun|singular|,
1748.1.m4a,conjugation,cf32a979bbad4197,noun|singular|,
1751.1.m4a,conjugation,c184e3e0c33aecf5,noun|singular|,
1752.1.m4a,conjugation,0668f1c715656aab,noun|singular|,
1753.1.m4a,conjugation,711547b960b4309b,noun|singular|,
1754.1.m4a,conjugation,a933fa87e0ddfe62,noun|singular|,
1755.1.m4a,conjugation,f601e2b55bad87ca,noun|singular|,
1757.1.m4a,conjugation,50cdfe43a6d27519,noun|singular|,
1758.1.m4a,conjugation,95d47b82128866ce,noun|singular|,
1760.1.m4a,conjugation,5c3941cc231f0430,noun|singular|,
1762.1.m4a,conjugation,cbe00c70cadac143,noun|singular|,
1763.1.m4a,conjugation,56a188f94e82be74,noun|singular|,
1768.1.m4a,conjugation,7f5d0e252b3df122,noun|singular|,
1769.1.m4a,conjugation,b264c28919db97cc,noun|singular|,
1771.1.m4a,conjugation,d8a7c7acd4768f49,noun|singular|,
1778.1.m4a,conjugation,39589ccd47204dc6,noun|singular|,
1779.1.m4a,conjugation,8d60205ea0b33b19,noun|singular|,
1780.1.m4a,conjugation,ea0d8dfb8f8d6f62,noun|singular|,
1781.1.m4a,conjugation,8ef050b274cd5510,noun|singular|,
1782.1.m4a,conjugation,129aed08745af92d,noun|singular|,
1783.1.m4a,conjugation,abe795d3e49ca5e2,noun|singular|,
1784.1.m4a,conjugation,4c535ce5510c059c,noun|singular|,
1786.1.m4a,conjugation,12ac4b94638fc558,noun|singular|,
1790.1.m4a,conjugation,70458192b59642b3,noun|singular|,
1794.1.m4a,conjugation,0f7036674e3c1576,noun|singular|,
1797.1.m4a,conjugation,e094e2e2e8a74cac,noun|singular|,
1800.1.m4a,conjugation,9087789f1f8ef164,noun|singular|,
1801.1.m4a,conjugation,42ed33dfa3c3df1a,noun|singular|,
1802.1.m4a,conjugation,9b8ddd7b713031a2,noun|singular|,
1803.1.m4a,conjugation,8211057cf550ef41,3s|3s|present,
1812.1.m4a,conjugation,3ae40e7478f865bd,noun|singular|,
1813.1.m4a,conjugation,44c560a003e55c70,noun|singular|,
1816.1.m4a,conjugation,e46aa4ed3e493345,noun|singular|,
1819.1.m4a,conjugation,a57332aa2fef96be,noun|singular|,
1820.1.m4a,conjugation,20989d8515334430,noun|unknown|,
1822.1.m4a,conjugation,7717ce42d5aad1cc,noun|singular|,
1825.1.m4a,conjugation,1db140b4b1a45cae,noun|singular|,
1826.1.m4a,conjugation,3dbf345b603fdb67,noun|singular|,
1827.1.m4a,conjugation,1a57d1e3edef567e,noun|singular|,
1828.1.m4a,conjugation,b2703f7d581b008a,noun|singular|,
1829.1.m4a,conjugation,6330269db1ae4e06,noun|singular|,
1831.1.m4a,conjugation,ad4cbce26469d144,noun|singular|,
1832.1.m4a,conjugation,e014d9741d75f693,noun|singular|,
1833.1.m4a,conjugation,19fc7a18fe09efd7,noun|singular|,
1835.1.m4a,conjugation,0220c659f1bb7138,noun|singular|,
1836.1.m4a,conjugation,23568d6575502700,noun|singular|,
1837.1.m4a,conjugation,b351371fb1782d6a,noun|singular|,
1839.1.m4a,conjugation,8a2fc959bf1cb26c,noun|singular|,
1840.1.m4a,conjugation,410635c02eaf3b75,noun|singular|,
1841.1.m4a,conjugation,4654c480fed1663e,noun|singular|,
1843.1.m4a,conjugation,3101d4b16a03b229,noun|singular|,
1848.1.m4a,conjugation,f34d114cab0832e4,noun|singular|,
1850.1.m4a,conjugation,363cdcd17a867172,noun|singular|,
1851.1.m4a,conjugation,5c0c860b80b7fb78,noun|singular|,
1855.1.m4a,conjugation,0d4e197f07f81015,noun|singular|,
1860.1.m4a,conjugation,091b4204c98a1b1a,noun|singular|,
1861.1.m4a,conjugation,1b465fc7b3842205,noun|singular|,
1863.1.m4a,conjugation,be637e60189052aa,noun|singular|,
1864.1.m4a,conjugation,6f19c15c8466a2a1,noun|singular|,
Sentence_for_entry_0004.m4a,sentence,,,be81dc927487
Sentence_for_entry_0005.m4a,sentence,,,5cb84308a5e4
Sentence_for_entry_0006.m4a,sentence,,,4f110984292b
Sentence_for_entry_0007.m4a,sentence,,,2118e4b4890a
Sentence_for_entry_0008.m4a,sentence,,,b09ad548e3d3
Sentence_for_entry_0009.m4a,sentence,,,f1f9107561a6
Sentence_for_entry_0010.m4a,sentence,,,b9afa52f5da7
Sentence_for_entry_0011.m4a,sentence,,,773fc5342d8f
Sentence_for_entry_0012.m4a,sentence,,,02e5ba8429a0
Sentence_for_entry_0013.m4a,sentence,,,6f4734d9af39
Sentence_for_entry_0014.m4a,sentence,,,7f68a87b955a
Sentence_for_entry_0015_01.m4a,sentence,,,827fbce7ea4e
Sentence_for_entry_0015_02.m4a,sentence,,,842fe1d25858
Sentence_for_entry_0016.m4a,sentence,,,ce2391d976a7
Sentence_for_entry_0017.m4a,sentence,,,b6cbf3a97f11
Sentence_for_entry_0018.m4a,sentence,,,64f551a7c10f
Sentence_for_entry_0019.m4a,sentence,,,fe98cab132ea
Sentence_for_entry_0020.m4a,sentence,,,04c2b8eadcf6
Sentence_for_entry_0021.m4a,sentence,,,cfdba7b5b0ee
Sentence_for_entry_0022.m4a,sentence,,,e393ee7849b8
Sentence_for_entry_0023.m4a,sentence,,,223d76d5cc41
Sentence_for_entry_0024.m4a,sentence,,,3f07b1bc14bf
Sentence_for_entry_0025_02.m4a,sentence,,,3ad9b5722c89
Sentence_for_entry_0025_01.m4a,sentence,,,3bd4d3845413
Sentence_for_entry_0026.m4a,sentence,,,3c870fc352dc
Sentence_for_entry_0027.m4a,sentence,,,dda3e57c13e3
Sentence_for_entry_0028.m4a,sentence,,,7ba6e5892f5f
Sentence_for_entry_0029.m4a,sentence,,,7a23c42815bf
Sentence_for_entry_0030.m4a,sentence,,,d4bed5d02a59
Sentence_for_entry_0031.m4a,sentence,,,16ad92504108
Sentence_for_entry_0032.m4a,sentence,,,10a573372592
Sentence_for_entry_0033.m4a,sentence,,,ca563e90141f
Sentence_for_entry_0034.m4a,sentence,,,18f0d9281d58
Sentence_for_entry_0035.m4a,sentence,,,bcc10607bec5
Sentence_for_entry_0036.m4a,sentence,,,e9c88ab9f047
Sentence_for_entry_0038.m4a,sentence,,,524cdda5645e
Sentence_for_entry_0039.m4a,sentence,,,bff1f80467fd
Sentence_for_entry_0040.m4a,sentence,,,652b9c798f88
Sentence_for_entry_0041.m4a,sentence,,,5d4126bbb7f0
Sentence_for_entry_0042.m4a,sentence,,,1cfb5151919b
Sentence_for_entry_0043.m4a,sentence,,,dbf1e5075bd5
Sentence_for_entry_0044.m4a,sentence,,,260d0d2013b9
Sentence_for_entry_0045.m4a,sentence,,,5f3bb772d4fb
Sentence_for_entry_0046.m4a,sentence,,,4a10d2108fd7
Sentence_for_entry_0047.m4a,sentence,,,ea1f640ab218
Sentence_for_entry_0048.m4a,sentence,,,325a2c7b3a7a
Sentence_for_entry_0049.m4a,sentence,,,e4ff4d426719
Sentence_for_entry_0050.m4a,sentence,,,cf5cafadd118
Sentence_for_entry_0050.m4a,sentence,,,eaccbd0326fd
Sentence_for_entry_0051.m4a,sentence,,,ea345473e115
Sentence_for_entry_0052.m4a,sentence,,,3b4141de7b55
Sentence_for_entry_0053.m4a,sentence,,,3c67452c1eab
Sentence_for_entry_0054.m4a,sentence,,,2028dc45e9c6
Sentence_for_entry_0055.m4a,sentence,,,ff5d8fafe3be
Sentence_for_entry_0056.m4a,sentence,,,4658038b9d2c
Sentence_for_entry_0057.m4a,sentence,,,9f47ed9ce220
Sentence_for_entry_0058.m4a,sentence,,,c149d7ebbf76
Sentence_for_entry_0059.m4a,sentence,,,d2b62aef7491
Sentence_for_entry_0060.m4a,sentence,,,0e4e49a69f29
Sentence_for_entry_0061.m4a,sentence,,,fc8f55270f83
Sentence_for_entry_0062.m4a,sentence,,,934460cbe5c8
Sentence_for_entry_0063.m4a,sentence,,,cd89d1b564f2
Sentence_for_entry_0064.m4a,sentence,,,993105511e12
Sentence_for_entry_0065.m4a,sentence,,,9ca16eff64b2
Sentence_for_entry_0066.m4a,sentence,,,8471bcc02ce2
Sentence_for_entry_0067.m4a,sentence,,,8ba618b82519
Sentence_for_entry_0068.m4a,sentence,,,3c95afd86cf4
Sentence_for_entry_0069.m4a,sentence,,,d7cf73abe76f
Sentence_for_entry_0070.m4a,sentence,,,10754d73a5f3
Sentence_for_entry_0071.m4a,sentence,,,7be086a9cf92
Sentence_for_entry_0072.m4a,sentence,,,cb8c1a7b5341
Sentence_for_entry_0073.m4a,sentence,,,33b5ec0d8dae
Sentence_for_entry_0074.m4a,sentence,,,7c325dddf447
Sentence_for_entry_0075.m4a,sentence,,,e078056fe581
Sentence_for_entry_0076.m4a,sentence,,,d7b0c7439f5b
Sentence_for_entry_0077.m4a,sentence,,,9b9afa412229
Sentence_for_entry_0078.m4a,sentence,,,84fcfdb45357
Sentence_for_entry_0079.m4a,sentence,,,d5e414bd552d
Sentence_for_entry_0080.m4a,sentence,,,6baac0ce4b7e
Sentence_for_entry_0081.m4a,sentence,,,bde69e7a2d64
Sentence_for_entry_0082.m4a,sentence,,,a04b0cc27f88
Sentence_for_entry_0083.m4a,sentence,,,99d4086c4820
Sentence_for_entry_0084.m4a,sentence,,,dede875e097d
Sentence_for_entry_0085.m4a,sentence,,,fd4ee923eeb1
Sentence_for_entry_0086.m4a,sentence,,,a5ad130044c2
Sentence_for_entry_0087.m4a,sentence,,,c8b709bf694e
Sentence_for_entry_0088.m4a,sentence,,,5c4265b7bddf
Sentence_for_entry_0089.m4a,sentence,,,295728eec00d
Sentence_for_entry_0090.m4a,sentence,,,b197adc7311e
Sentence_for_entry_0091.m4a,sentence,,,8dc602e4008b
Sentence_for_entry_0092.m4a,sentence,,,e41852421e56
Sentence_for_entry_0093.m4a,sentence,,,6a406f467e06
Sentence_for_entry_0094.m4a,sentence,,,328302679bd6
Sentence_for_entry_0095.m4a,sentence,,,c48bbcc20949
Sentence_for_entry_0096.m4a,sentence,,,6c72e6eff461
Sentence_for_entry_0097.m4a,sentence,,,e9a68bdf4d05
Sentence_for_entry_0098.m4a,sentence,,,a2863ffa1737
Sentence_for_entry_0099.m4a,sentence,,,3f8d7529027a
Sentence_for_entry_0100.m4a,sentence,,,9bb229dec631
Sentence_for_entry_0101.m4a,sentence,,,9022a41ee972
Sentence_for_entry_0102.m4a,sentence,,,d0a8b1ba1398
Sentence_for_entry_0103.m4a,sentence,,,ae9919552e2f
Sentence_for_entry_0104.m4a,sentence,,,bfab5e25ea17
Sentence_for_entry_0105.m4a,sentence,,,bab63b5a37da
Sentence_for_entry_0106.m4a,sentence,,,8b6fefcf07b6
Sentence_for_entry_0107.m4a,sentence,,,876d27c79d4c
Sentence_for_entry_0108.m4a,sentence,,,01cb6c2f3ee8
Sentence_for_entry_0109.m4a,sentence,,,5f6b17707a72
Sentence_for_entry_0110.m4a,sentence,,,e1ec01ec5f51
Sentence_for_entry_0111.m4a,sentence,,,82f888c93041
Sentence_for_entry_0112.m4a,sentence,,,d7352c72ed9a
Sentence_for_entry_0113_01.m4a,sentence,,,eaeb9b96f0f3
Sentence_for_entry_0113_02.m4a,sentence,,,f74936754186
Sentence_for_entry_0114.m4a,sentence,,,0fe302492f90
Sentence_for_entry_0115.m4a,sentence,,,34afb40c729d
Sentence_for_entry_0116.m4a,sentence,,,684c28cb82bb
Sentence_for_entry_0117_02.m4a,sentence,,,673c049f6e66
Sentence_for_entry_0117_01.m4a,sentence,,,a49360e4e718
Sentence_for_entry_0118.m4a,sentence,,,f4257c06e6c9
Sentence_for_entry_0119.m4a,sentence,,,9e4736702575
Sentence_for_entry_0120.m4a,sentence,,,cf85726bdf00
Sentence_for_entry_0121.m4a,sentence,,,4825d69f8b2a
Sentence_for_entry_0122.m4a,sentence,,,c1563bd96b21
Sentence_for_entry_0123.m4a,sentence,,,df92b8526d2b
Sentence_for_entry_0124.m4a,sentence,,,609a28832bba
Sentence_for_entry_0125.m4a,sentence,,,8f2c7923edb5
Sentence_for_entry_0126.m4a,sentence,,,ff38ed0bc536
Sentence_for_entry_0127.m4a,sentence,,,a2625e15530a
Sentence_for_entry_0128.m4a,sentence,,,fb76dc5d5a97
Sentence_for_entry_0129.m4a,sentence,,,45acaaa43101
Sentence_for_entry_0130.m4a,sentence,,,69d50e03beec
Sentence_for_entry_0132.m4a,sentence,,,7460944091d9
Sentence_for_entry_0133_02.m4a,sentence,,,53eaf3747e2e
Sentence_for_entry_0133_01.m4a,sentence,,,95628e619fcf
Sentence_for_entry_0134.m4a,sentence,,,81921e9fa56e
Sentence_for_entry_0135.m4a,sentence,,,85d60ed0a819
Sentence_for_entry_0136.m4a,sentence,,,e51892c6a80b
Sentence_for_entry_0137.m4a,sentence,,,63cc9476407f
Sentence_for_entry_0138.m4a,sentence,,,0a11a4084393
Sentence_for_entry_0139.m4a,sentence,,,a0b1d226432d
Sentence_for_entry_0140.m4a,sentence,,,c1216ec8e4b4
Sentence_for_entry_0141.m4a,sentence,,,b749d70023e9
Sentence_for_entry_0142.m4a,sentence,,,656b198211cd
Sentence_for_entry_0143_01.m4a,sentence,,,03da475f06ce
Sentence_for_entry_0143_02.m4a,sentence,,,d70d61ef0b67
Sentence_for_entry_0144.m4a,sentence,,,245c65d3c6b3
Sentence_for_entry_0145.m4a,sentence,,,3fae546ff30c
Sentence_for_entry_0146.m4a,sentence,,,62422bf883e7
Sentence_for_entry_0147.m4a,sentence,,,70bc9a2cb7a2
Sentence_for_entry_0148.m4a,sentence,,,9a6ba6575f7d
Sentence_for_entry_0149.m4a,sentence,,,15ff7bed23f7
Sentence_for_entry_0150.m4a,sentence,,,98e3b29c95b1
Sentence_for_entry_0152.m4a,sentence,,,9b3d613f23ca
Sentence_for_entry_0153_02.m4a,sentence,,,2200a1eda3ba
Sentence_for_entry_0153_01.m4a,sentence,,,6ea209315ea4
Sentence_for_entry_0154.m4a,sentence,,,0dce523e1bc2
Sentence_for_entry_0155.m4a,sentence,,,53d7b13446a9
Sentence_for_entry_0156.m4a,sentence,,,8ec0b9bd49ce
Sentence_for_entry_0157.m4a,sentence,,,91c14fb6119c
Sentence_for_entry_0158.m4a,sentence,,,da197521f409
Sentence_for_entry_0160.m4a,sentence,,,ddd9ca6460a9
Sentence_for_entry_0161.m4a,sentence,,,cfbbc14c9bc6
Sentence_for_entry_0162.m4a,sentence,,,134c8eb63289
Sentence_for_entry_0163.m4a,sentence,,,c6fca01082f5
Sentence_for_entry_0164.m4a,sentence,,,9b95d25d3fde
Sentence_for_entry_0165.m4a,sentence,,,d363b147af10
Sentence_for_entry_0166.m4a,sentence,,,cd00bdc812e8
Sentence_for_entry_0167.m4a,sentence,,,69b891cd3052
Sentence_for_entry_0168.m4a,sentence,,,61f248c8124f
Sentence_for_entry_0169.m4a,sentence,,,50a7910debcd
Sentence_for_entry_0170.m4a,sentence,,,c473e1141962
Sentence_for_entry_0171.m4a,sentence,,,d41c1a30e776
Sentence_for_entry_0172.m4a,sentence,,,a95341732461
Sentence_for_entry_0173.m4a,sentence,,,a20e16a5e861
Sentence_for_entry_0174.m4a,sentence,,,ba6efb48368f
Sentence_for_entry_0175.m4a,sentence,,,e5ca1c195940
Sentence_for_entry_0176.m4a,sentence,,,a70e70541180
Sentence_for_entry_0177.m4a,sentence,,,e5b99ccfab6e
Sentence_for_entry_0178.m4a,sentence,,,78dcdb159a9f
Sentence_for_entry_0179.m4a,sentence,,,260758c0a826
Sentence_for_entry_0180.m4a,sentence,,,732d49fa76d9
Sentence_for_entry_0181.m4a,sentence,,,142380cb9585
Sentence_for_entry_0182.m4a,sentence,,,afe9fd17ff02
Sentence_for_entry_0183.m4a,sentence,,,71a8af429561
Sentence_for_entry_0184.m4a,sentence,,,1bcce08eebad
Sentence_for_entry_0185.m4a,sentence,,,1398baf51d29
Sentence_for_entry_0186.m4a,sentence,,,78ec6f972d06
Sentence_for_entry_0187.m4a,sentence,,,bf4996cb6025
Sentence_for_entry_0188.m4a,sentence,,,91676076b531
Sentence_for_entry_0189.m4a,sentence,,,f8f259448e9a
Sentence_for_entry_0190.m4a,sentence,,,2c4b22a267f2
Sentence_for_entry_0191.m4a,sentence,,,3e71246bc09a
Sentence_for_entry_0192.m4a,sentence,,,34647b316f8f
Sentence_for_entry_0193.m4a,sentence,,,1e38f092ed0e
Sentence_for_entry_0194.m4a,sentence,,,19fff6ef2f6b
Sentence_for_entry_0195.m4a,sentence,,,333bda1499dc
Sentence_for_entry_0196.m4a,sentence,,,d9387837add5
Sentence_for_entry_0197.m4a,sentence,,,754a5b71f019
Sentence_for_entry_0198.m4a,sentence,,,9ed1939cc760
Sentence_for_entry_0199.m4a,sentence,,,628320a192b4
Sentence_for_entry_0200.m4a,sentence,,,dc7aefa8638c
Sentence_for_entry_0201.m4a,sentence,,,eef7d7d86e08
Sentence_for_entry_0202_01.m4a,sentence,,,547f27534710
Sentence_for_entry_0202_02.m4a,sentence,,,c4428a21b633
Sentence_for_entry_0203.m4a,sentence,,,32b07ec8a22b
Sentence_for_entry_0204.m4a,sentence,,,16b60ff1df6a
Sentence_for_entry_0205.m4a,sentence,,,b83187fa8c43
Sentence_for_entry_0206.m4a,sentence,,,7766c9c573da
Sentence_for_entry_0207.m4a,sentence,,,e8c794cce52f
Sentence_for_entry_0208.m4a,sentence,,,f5f15749c670
Sentence_for_entry_0209.m4a,sentence,,,ab40b383a2da
Sentence_for_entry_0210.m4a,sentence,,,c417a4a2a5c1
Sentence_for_entry_0211.m4a,sentence,,,b290438a3c70
Sentence_for_entry_0212.m4a,sentence,,,9019e5a7c4dd
Sentence_for_entry_0213.m4a,sentence,,,34da3371fb32
Sentence_for_entry_0214.m4a,sentence,,,d115e8a74e64
Sentence_for_entry_0215.m4a,sentence,,,150cf16f072c
Sentence_for_entry_0216.m4a,sentence,,,0a12c111c667
Sentence_for_entry_0217.m4a,sentence,,,cbb16dab0124
Sentence_for_entry_0218.m4a,sentence,,,4509da4bc5d3
Sentence_for_entry_0219.m4a,sentence,,,177c6c733d3a
Sentence_for_entry_0220.m4a,sentence,,,603adb5f3f93
Sentence_for_entry_0221_02.m4a,sentence,,,80f9eba9d9fa
Sentence_for_entry_0221_01.m4a,sentence,,,a95da5db4731
Sentence_for_entry_0222.m4a,sentence,,,4948447bcbb1
Sentence_for_entry_0223.m4a,sentence,,,3b28e0056030
Sentence_for_entry_0224.m4a,sentence,,,a26385f605e5
Sentence_for_entry_0225.m4a,sentence,,,91bad2c8063f
entry_0226.1_sentence_2.m4a,sentence,,,770b0d837904
Sentence_for_entry_0226.m4a,sentence,,,fc070f5938ef
Sentence_for_entry_0227.m4a,sentence,,,eec76383c5bf
Sentence_for_entry_0228.m4a,sentence,,,9d0b1ece6a14
Sentence_for_entry_0229.m4a,sentence,,,6876a87b3ec9
Sentence_for_entry_0230.m4a,sentence,,,268ad1c86e3e
Sentence_for_entry_0232.m4a,sentence,,,2065288f6482
Sentence_for_entry_0233.m4a,sentence,,,707d7e4911d9
Sentence_for_entry_0234_01.m4a,sentence,,,5af7e6984f84
Sentence_for_entry_0234_02.m4a,sentence,,,79d98b29c368
Sentence_for_entry_0235.m4a,sentence,,,b13c55cf3ce8
Sentence_for_entry_0236.m4a,sentence,,,a7ee4293ce81
Sentence_for_entry_0237.m4a,sentence,,,76be7a2bc5c5
Sentence_for_entry_0238.m4a,sentence,,,3f9f72d8bb53
Sentence_for_entry_0239.m4a,sentence,,,8e6940a74b9e
Sentence_for_entry_0240.m4a,sentence,,,c61ecf1f520b
Sentence_for_entry_0241.m4a,sentence,,,d2ecc66b6445
Sentence_for_entry_0242.m4a,sentence,,,f55322f3e47b
Sentence_for_entry_0243.m4a,sentence,,,5b1cdc051d59
Sentence_for_entry_0244.m4a,sentence,,,aa9d88e4855f
Sentence_for_entry_0245.m4a,sentence,,,7b3a6b29ce23
Sentence_for_entry_0246.m4a,sentence,,,2d636129d4c4
Sentence_for_entry_0247.m4a,sentence,,,abccd087f178
Sentence_for_entry_0248.m4a,sentence,,,02d2da5c7e37
Sentence_for_entry_0249.m4a,sentence,,,23285d31b14a
Sentence_for_entry_0250_01.m4a,sentence,,,41c69e99586f
Sentence_for_entry_0250_02.m4a,sentence,,,b17cc8a373f9
Sentence_for_entry_0251.m4a,sentence,,,e3315951867a
Sentence_for_entry_0252.m4a,sentence,,,703235433c9a
Sentence_for_entry_0253.m4a,sentence,,,fdbe25c426aa
Sentence_for_entry_0254.m4a,sentence,,,ccb791432197
Sentence_for_entry_0255.m4a,sentence,,,7ee35c7855a8
Sentence_for_entry_0256.m4a,sentence,,,820199eb779d
Sentence_for_entry_0257.m4a,sentence,,,a9d36aa067ad
Sentence_for_entry_0258.m4a,sentence,,,df83bce07c4d
Sentence_for_entry_0259.m4a,sentence,,,791b46c69875
Sentence_for_entry_0260.m4a,sentence,,,b547a87ee8c2
Sentence_for_entry_0261.m4a,sentence,,,b1ce91a760c3
Sentence_for_entry_0262.m4a,sentence,,,5bd6b05b20ba
Sentence_for_entry_0264.m4a,sentence,,,b100eb91138e
Sentence_for_entry_0265.m4a,sentence,,,f11177163ed9
Sentence_for_entry_0266.m4a,sentence,,,45a14767dbb5
Sentence_for_entry_0267.m4a,sentence,,,8748f0c1e350
Sentence_for_entry_0268.m4a,sentence,,,54d6b20685c9
Sentence_for_entry_0269.m4a,sentence,,,79b4698681fd
Sentence_for_entry_0270.m4a,sentence,,,ed74fe9d359c
Sentence_for_entry_0271.m4a,sentence,,,c957fc07d9ad
Sentence_for_entry_0272.m4a,sentence,,,465abc2ddc2c
Sentence_for_entry_0273.m4a,sentence,,,85099d195536
Sentence_for_entry_0274.m4a,sentence,,,54db81f86493
Sentence_for_entry_0275.m4a,sentence,,,6cc8bb99183f
Sentence_for_entry_0276.m4a,sentence,,,dc595e5677c8
Sentence_for_entry_0277.m4a,sentence,,,90b48ef60cdf
Sentence_for_entry_0277.m4a,sentence,,,92aab85b9046
Sentence_for_entry_0278.m4a,sentence,,,5055141d975b
Sentence_for_entry_0279.m4a,sentence,,,5a5d180027f3
Sentence_for_entry_0280.m4a,sentence,,,260390da6a10
Sentence_for_entry_0281.m4a,sentence,,,73d36f297af5
Sentence_for_entry_0282.m4a,sentence,,,ce018700a03a
Sentence_for_entry_0283_01.m4a,sentence,,,be7a1b1bdd1d
Sentence_for_entry_0284.m4a,sentence,,,c48b4eac3739
Sentence_for_entry_0285.m4a,sentence,,,f6466ae7ad4c
Sentence_for_entry_0286.m4a,sentence,,,4b3e2abaeb5e
Sentence_for_entry_0287.m4a,sentence,,,e64718908fab
Sentence_for_entry_0288.m4a,sentence,,,3399512b499e
Sentence_for_entry_0289.m4a,sentence,,,4ecf9320f4c1
Sentence_for_entry_0290.m4a,sentence,,,12fa99f349a2
Sentence_for_entry_0291.m4a,sentence,,,166cb9e3e515
Sentence_for_entry_0292.m4a,sentence,,,55309fd8ff94
Sentence_for_entry_0293.m4a,sentence,,,0ad35a63662a
Sentence_for_entry_0294.m4a,sentence,,,b36326625c8a
Sentence_for_entry_0295.m4a,sentence,,,2fef9c483805
Sentence_for_entry_0296.m4a,sentence,,,f802c92098de
Sentence_for_entry_0297.m4a,sentence,,,bd1d5071befd
Sentence_for_entry_0298.m4a,sentence,,,a574af02e0d3
Sentence_for_entry_0299.m4a,sentence,,,cf82b05c9438
Sentence_for_entry_0300.m4a,sentence,,,efca619f2fdd
Sentence_for_entry_0301.m4a,sentence,,,9388c53aa96a
Sentence_for_entry_0302.m4a,sentence,,,88a2b7521826
Sentence_for_entry_0303_01.m4a,sentence,,,02780dcf9b27
Sentence_for_entry_0303_02.m4a,sentence,,,89040a2712a2
Sentence_for_entry_0304.m4a,sentence,,,5b05d7442570
Sentence_for_entry_0305.m4a,sentence,,,ee4cafb3a58c
Sentence_for_entry_0306.m4a,sentence,,,6758b48c0173
Sentence_for_entry_0307.m4a,sentence,,,1eb4a772e25d
Sentence_for_entry_0308.m4a,sentence,,,f2168e3d7ce3
Sentence_for_entry_0309.m4a,sentence,,,830eea5c95bd
Sentence_for_entry_0310.m4a,sentence,,,3a0cfb9740a2
Sentence_for_entry_0311_02.m4a,sentence,,,0507695c74f4
Sentence_for_entry_0311_01.m4a,sentence,,,5fa511cd936d
Sentence_for_entry_0312.m4a,sentence,,,5bdf728d3683
Sentence_for_entry_0313.m4a,sentence,,,34f94601c623
Sentence_for_entry_0313.m4a,sentence,,,523692fff648
Sentence_for_entry_0314.m4a,sentence,,,d50616f88d00
Sentence_for_entry_0315.m4a,sentence,,,fa673fc53dc2
Sentence_for_entry_0316.m4a,sentence,,,e4958338c872
Sentence_for_entry_0317.m4a,sentence,,,2d56028f93ad
Sentence_for_entry_0318.m4a,sentence,,,24f2872ab59d
Sentence_for_entry_0319.m4a,sentence,,,202ae48cb72c
Sentence_for_entry_0320.m4a,sentence,,,3bba98706481
Sentence_for_entry_0321.m4a,sentence,,,e3bdf24149dd
Sentence_for_entry_0322.m4a,sentence,,,6a424caa3ac4
Sentence_for_entry_0323.m4a,sentence,,,1e049c625ef0
Sentence_for_entry_0324.m4a,sentence,,,19a6ead0424a
Sentence_for_entry_0325_01.m4a,sentence,,,01980553c3cd
Sentence_for_entry_0325_02.m4a,sentence,,,f1dafbe76101
Sentence_for_entry_0326.m4a,sentence,,,d2a9c3850f61
Sentence_for_entry_0327.m4a,sentence,,,de7c70db09f7
Sentence_for_entry_0328.m4a,sentence,,,9b65319d8f8e
Sentence_for_entry_0330.m4a,sentence,,,7c0510fad04c
Sentence_for_entry_0331.m4a,sentence,,,32b33d2a212a
Sentence_for_entry_0332.m4a,sentence,,,4bee6d0786c2
Sentence_for_entry_0333.m4a,sentence,,,24338735d7d5
Sentence_for_entry_0334.m4a,sentence,,,47a2c5d09e93
Sentence_for_entry_0335.m4a,sentence,,,a8dcf84ddfa4
Sentence_for_entry_0336.m4a,sentence,,,a8d0c42d5df6
Sentence_for_entry_0337.m4a,sentence,,,a53705836914
Sentence_for_entry_0338.m4a,sentence,,,16b6864dd739
Sentence_for_entry_0339.m4a,sentence,,,b1fb745df572
Sentence_for_entry_0340.m4a,sentence,,,15b543d5ac3d
Sentence_for_entry_0341.m4a,sentence,,,09e35afbd7a9
Sentence_for_entry_0342.m4a,sentence,,,5abc1e213a80
Sentence_for_entry_0343.m4a,sentence,,,b65044b13740
Sentence_for_entry_0344.m4a,sentence,,,e0a4545d5f48
Sentence_for_entry_0345.m4a,sentence,,,b9fb71459cb9
Sentence_for_entry_0346.m4a,sentence,,,9f59276fb4fb
Sentence_for_entry_0347.m4a,sentence,,,51eaed730b45
Sentence_for_entry_0348.m4a,sentence,,,16008df452d1
Sentence_for_entry_0349.m4a,sentence,,,cb2bca0e43df
Sentence_for_entry_0350.m4a,sentence,,,1927dfd6bbc6
Sentence_for_entry_0351.m4a,sentence,,,06f48b2c475a
Sentence_for_entry_0352.m4a,sentence,,,e60aa3a5ced7
Sentence_for_entry_0353.m4a,sentence,,,f33b517543f5
Sentence_for_entry_0354.m4a,sentence,,,cc376069b579
Sentence_for_entry_0355.m4a,sentence,,,54815fa15f9a
Sentence_for_entry_0356.m4a,sentence,,,b49188492ae3
Sentence_for_entry_0357.m4a,sentence,,,e5884f3fe8bc
Sentence_for_entry_0358.m4a,sentence,,,0ee646f3c5f1
Sentence_for_entry_0359.m4a,sentence,,,b1b689379203
Sentence_for_entry_0360.m4a,sentence,,,7c045d16815d
Sentence_for_entry_0361.m4a,sentence,,,5c69d374e60a
Sentence_for_entry_0362.m4a,sentence,,,db12e21d013c
Sentence_for_entry_0363.m4a,sentence,,,5ae418538fcd
Sentence_for_entry_0364.m4a,sentence,,,d52edfedb500
Sentence_for_entry_0365.m4a,sentence,,,c68b35d722e5
Sentence_for_entry_0366.m4a,sentence,,,78c58e6dfd7a
Sentence_for_entry_0367.m4a,sentence,,,5cf3cdd6d9e0
Sentence_for_entry_0368.m4a,sentence,,,431cbc20b5af
Sentence_for_entry_0369.m4a,sentence,,,f30f3cd3355e
Sentence_for_entry_0370.m4a,sentence,,,f7a9d778a5b3
Sentence_for_entry_0371.m4a,sentence,,,78ad630cb497
Sentence_for_entry_0372.m4a,sentence,,,aa3510d0a289
Sentence_for_entry_0373.m4a,sentence,,,488b2df35171
Sentence_for_entry_0374.m4a,sentence,,,3824a93754a2
Sentence_for_entry_0375.m4a,sentence,,,759dce6f7a42
Sentence_for_entry_0376.m4a,sentence,,,d02e4fea0829
Sentence_for_entry_0377.m4a,sentence,,,474d1b6a0279
Sentence_for_entry_0378.m4a,sentence,,,9b89df69ccde
Sentence_for_entry_0379.m4a,sentence,,,e12979ff4d36
Sentence_for_entry_0380.m4a,sentence,,,9da562265bdd
Sentence_for_entry_0381.m4a,sentence,,,651da03c1256
Sentence_for_entry_0382.m4a,sentence,,,f0932d6a20c2
Sentence_for_entry_0383.m4a,sentence,,,a7dcf1fa708b
Sentence_for_entry_0384.m4a,sentence,,,616746e16ff3
Sentence_for_entry_0385.m4a,sentence,,,1c0fd7557b9b
Sentence_for_entry_0386.m4a,sentence,,,db0edd74a834
Sentence_for_entry_0387.m4a,sentence,,,125ed02d44fe
Sentence_for_entry_0388.m4a,sentence,,,e528ac85c75e
Sentence_for_entry_0389.m4a,sentence,,,a6d0a7479dfa
Sentence_for_entry_0390.m4a,sentence,,,8a69cd95f60c
Sentence_for_entry_0391.m4a,sentence,,,c15471403c0c
Sentence_for_entry_0392.m4a,sentence,,,d4716d751c4b
Sentence_for_entry_0393.m4a,sentence,,,63a293ff84bf
Sentence_for_entry_0394.m4a,sentence,,,6be401aa143d
Sentence_for_entry_0395.m4a,sentence,,,434f338b063f
Sentence_for_entry_0396_02.m4a,sentence,,,4f71c66669e9
Sentence_for_entry_0396_01.m4a,sentence,,,c4c1b1c507af
Sentence_for_entry_0397.m4a,sentence,,,ab493cde61d2
Sentence_for_entry_0398.m4a,sentence,,,2f92e12004e7
Sentence_for_entry_0399.m4a,sentence,,,ef963d56b0c2
Sentence_for_entry_0400.m4a,sentence,,,389b30c7eb99
Sentence_for_entry_0401.m4a,sentence,,,b1070f363404
Sentence_for_entry_0402.m4a,sentence,,,eff331903836
Sentence_for_entry_0403.m4a,sentence,,,e7aeae9e4658
Sentence_for_entry_0404.m4a,sentence,,,fae1a3d03d28
Sentence_for_entry_0405.m4a,sentence,,,d7488c0c5971
Sentence_for_entry_0406.m4a,sentence,,,799f4066cba7
Sentence_for_entry_0407.m4a,sentence,,,3b62e1ea55c3
Sentence_for_entry_0408.m4a,sentence,,,f44fd56c45af
Sentence_for_entry_0409.m4a,sentence,,,690b87b830ee
Sentence_for_entry_0410.m4a,sentence,,,325ebce7fbcb
Sentence_for_entry_0411.m4a,sentence,,,41469eb2409b
Sentence_for_entry_0412.m4a,sentence,,,f3ab32468c60
Sentence_for_entry_0413.m4a,sentence,,,9d5cf03ae294
Sentence_for_entry_0414.m4a,sentence,,,a8e16b1d95c6
Sentence_for_entry_0415.m4a,sentence,,,fb899ce313e7
Sentence_for_entry_0416.m4a,sentence,,,cdd3719a4200
Sentence_for_entry_0417.m4a,sentence,,,f9654d3ebf2e
Sentence_for_entry_0418.m4a,sentence,,,435978b5ae7f
Sentence_for_entry_0419.m4a,sentence,,,7a54b8e88661
Sentence_for_entry_0420.m4a,sentence,,,c7a239f3e4f8
Sentence_for_entry_0421.m4a,sentence,,,40589f211d7f
Sentence_for_entry_0423.m4a,sentence,,,bf287a699af1
Sentence_for_entry_0424.m4a,sentence,,,3887802ba64e
Sentence_for_entry_0425.m4a,sentence,,,3d72d5f8e2ac
Sentence_for_entry_0426.m4a,sentence,,,4bf79bb2f422
Sentence_for_entry_0427.m4a,sentence,,,fbd25ea90b1b
Sentence_for_entry_0428.m4a,sentence,,,bf90e85b42b5
Sentence_for_entry_0429.m4a,sentence,,,555483028d60
Sentence_for_entry_0430.m4a,sentence,,,20a9e081c949
Sentence_for_entry_0431.m4a,sentence,,,e8e6a1e4bebf
Sentence_for_entry_0432.m4a,sentence,,,b0f5cd47f6e0
Sentence_for_entry_0433.m4a,sentence,,,20c8b3cec296
Sentence_for_entry_0434.m4a,sentence,,,87808334fc3f
Sentence_for_entry_0435.m4a,sentence,,,f22143584ded
Sentence_for_entry_0436.m4a,sentence,,,ac0ff13e3852
Sentence_for_entry_0437.m4a,sentence,,,67ade3e2d58b
Sentence_for_entry_0438.m4a,sentence,,,a003e9f5637a
Sentence_for_entry_0439.m4a,sentence,,,02f478ebe918
Sentence_for_entry_0440.m4a,sentence,,,1bdb825f79d5
Sentence_for_entry_0441.m4a,sentence,,,e361c0da9e83
Sentence_for_entry_0442.m4a,sentence,,,9ab6a2385f96
Sentence_for_entry_0443.m4a,sentence,,,acd8be71dba8
Sentence_for_entry_0444.m4a,sentence,,,8d540f4f1d41
Sentence_for_entry_0445.m4a,sentence,,,59f50618fdcd
Sentence_for_entry_0446.m4a,sentence,,,c8db512b4c5b
Sentence_for_entry_0447.m4a,sentence,,,252e81ec406f
Sentence_for_entry_0448.m4a,sentence,,,89bab10ebaad
Sentence_for_entry_0449.m4a,sentence,,,81617d365952
Sentence_for_entry_0450.m4a,sentence,,,c2e80a3436da
Sentence_for_entry_0451.m4a,sentence,,,8b10c1a71b70
Sentence_for_entry_0452.m4a,sentence,,,4d076055fc4b
Sentence_for_entry_0453.m4a,sentence,,,7528eb7721f9
Sentence_for_entry_0454.m4a,sentence,,,b976d5e349cc
Sentence_for_entry_0455.m4a,sentence,,,56006eca3780
Sentence_for_entry_0456.m4a,sentence,,,7f55cfd4be0c
Sentence_for_entry_0457.m4a,sentence,,,9352aa02cb2b
Sentence_for_entry_0458.m4a,sentence,,,b323f28a5735
Sentence_for_entry_0459.m4a,sentence,,,48d9c314a202
Sentence_for_entry_0460.m4a,sentence,,,fef8f0380390
Sentence_for_entry_0461.m4a,sentence,,,ccb8ecd29d10
Sentence_for_entry_0462.m4a,sentence,,,ef991e636985
Sentence_for_entry_0463.m4a,sentence,,,b5caf145708d
Sentence_for_entry_0464.m4a,sentence,,,48e2b5205ff2
Sentence_for_entry_0465.m4a,sentence,,,ba769ad78b49
Sentence_for_entry_0466.m4a,sentence,,,1cc6c916f5dc
Sentence_for_entry_0466_02.m4a,sentence,,,81fb208e07d4
Sentence_for_entry_0467.m4a,sentence,,,9865d5cefb82
Sentence_for_entry_0468.m4a,sentence,,,cfe4278349a7
Sentence_for_entry_0469.m4a,sentence,,,8ff63f268f38
Sentence_for_entry_0470.m4a,sentence,,,0b48d598de7a
Sentence_for_entry_0471.m4a,sentence,,,413fbc3717b9
Sentence_for_entry_0472.m4a,sentence,,,bb70641aa3f3
Sentence_for_entry_0473.m4a,sentence,,,698e296a28ec
Sentence_for_entry_0474.m4a,sentence,,,f43dea79ce7e
Sentence_for_entry_0475.m4a,sentence,,,bfb7dc115593
Sentence_for_entry_0476.m4a,sentence,,,db0a0de75fae
Sentence_for_entry_0477.m4a,sentence,,,a08b9a87a5dc
Sentence_for_entry_0478.m4a,sentence,,,29af0674c178
Sentence_for_entry_0479.m4a,sentence,,,29822c6f46ef
Sentence_for_entry_0480.m4a,sentence,,,5498ca04713e
Sentence_for_entry_0481.m4a,sentence,,,17a71efcea35
Sentence_for_entry_0482.m4a,sentence,,,b8312c505291
Sentence_for_entry_0483.m4a,sentence,,,4382df855d10
Sentence_for_entry_0484.m4a,sentence,,,7b92e0076dee
Sentence_for_entry_0485.m4a,sentence,,,87706e70d9a6
Sentence_for_entry_0486.m4a,sentence,,,2b7b24024f3e
Sentence_for_entry_0487.m4a,sentence,,,39bbcf1d72e0
Sentence_for_entry_0488.m4a,sentence,,,87373495a68e
Sentence_for_entry_0489.m4a,sentence,,,4c89cbe80dc1
Sentence_for_entry_0490.m4a,sentence,,,6b4e856b5d1a
Sentence_for_entry_0491.m4a,sentence,,,8559aadca4a0
Sentence_for_entry_0492.m4a,sentence,,,1e8379eb42e9
Sentence_for_entry_0493.m4a,sentence,,,ef9c1e0683a2
Sentence_for_entry_0494.m4a,sentence,,,d411636ecd4d
Sentence_for_entry_0495.m4a,sentence,,,2a2494efa3c1
Sentence_for_entry_0496.m4a,sentence,,,2ba5a284b2de
Sentence_for_entry_0498.m4a,sentence,,,1b265c30376a
Sentence_for_entry_0499.m4a,sentence,,,d7cd5ae69d00
Sentence_for_entry_0500.m4a,sentence,,,18b434cf2ba0
Sentence_for_entry_0501.m4a,sentence,,,7c6bf1d8f915
Sentence_for_entry_0502.m4a,sentence,,,307b27f158ae
Sentence_for_entry_0503.m4a,sentence,,,48c9df18d63f
Sentence_for_entry_0504.m4a,sentence,,,96fee1141747
Sentence_for_entry_0505.m4a,sentence,,,11a55a2837d0
Sentence_for_entry_0506.m4a,sentence,,,30305d476bb6
Sentence_for_entry_0507.m4a,sentence,,,7901c18da5bd
Sentence_for_entry_0508.m4a,sentence,,,5c69f303e26d
Sentence_for_entry_0509.m4a,sentence,,,366dcac29602
Sentence_for_entry_0510.m4a,sentence,,,9a477c18b1cf
Sentence_for_entry_0511.m4a,sentence,,,ec40d1f0ab8a
Sentence_for_entry_0512.m4a,sentence,,,c87009cafa6b
Sentence_for_entry_0513.m4a,sentence,,,a37e6d7dcc1f
Sentence_for_entry_0514.m4a,sentence,,,9d78068e1c5b
Sentence_for_entry_0515.m4a,sentence,,,435bf85ff172
Sentence_for_entry_0516.m4a,sentence,,,4fde809998c7
Sentence_for_entry_0517.m4a,sentence,,,4d405ee6f725
Sentence_for_entry_0518.m4a,sentence,,,bec79b79696e
Sentence_for_entry_0519.m4a,sentence,,,dc4021172053
Sentence_for_entry_0520_01.m4a,sentence,,,e09e32a81d76
Sentence_for_entry_0520_02.m4a,sentence,,,fa484340720d
Sentence_for_entry_0521.m4a,sentence,,,a13b4f919f98
Sentence_for_entry_0522.m4a,sentence,,,e1e9bf13f5ab
Sentence_for_entry_0523.m4a,sentence,,,8f5342b06847
Sentence_for_entry_0524.m4a,sentence,,,911e11cec606
Sentence_for_entry_0525_02.m4a,sentence,,,336437b40a0a
Sentence_for_entry_0525_01.m4a,sentence,,,afd7d22ee93f
Sentence_for_entry_0526.m4a,sentence,,,030c70319885
Sentence_for_entry_0527.m4a,sentence,,,16c167baa473
Sentence_for_entry_0528.m4a,sentence,,,a74dd837fa6e
Sentence_for_entry_0529.m4a,sentence,,,6441af38fd67
Sentence_for_entry_0530.m4a,sentence,,,57fec9c1c341
Sentence_for_entry_0531.m4a,sentence,,,ffa7440d5a30
Sentence_for_entry_0532.m4a,sentence,,,1ed7b857f503
Sentence_for_entry_0533.m4a,sentence,,,a61034c7509d
Sentence_for_entry_0534.m4a,sentence,,,2f499c56c9de
Sentence_for_entry_0535.m4a,sentence,,,cf13aa5d8b62
Sentence_for_entry_0536.m4a,sentence,,,d55e47f39d80
Sentence_for_entry_0537.m4a,sentence,,,dd3df7fa1efc
Sentence_for_entry_0538.m4a,sentence,,,c63eaf40e479
Sentence_for_entry_0539.m4a,sentence,,,21436bef3e45
Sentence_for_entry_0540.m4a,sentence,,,2b8a2141aa53
Sentence_for_entry_0541.m4a,sentence,,,a496cae8c8ab
Sentence_for_entry_0542.m4a,sentence,,,551384ffe042
Sentence_for_entry_0543.m4a,sentence,,,83f7e7bf9464
Sentence_for_entry_0544.m4a,sentence,,,cf5110b2555d
Sentence_for_entry_0545.m4a,sentence,,,f2916916944c
Sentence_for_entry_0549.m4a,sentence,,,380b3e050aff
Sentence_for_entry_0550.m4a,sentence,,,b18c67711989
Sentence_for_entry_0551.m4a,sentence,,,e3ed8555bf95
Sentence_for_entry_0552.m4a,sentence,,,cefc4997d895
Sentence_for_entry_0553.m4a,sentence,,,9de595a44133
Sentence_for_entry_0554.m4a,sentence,,,d34d370a58aa
Sentence_for_entry_0555.m4a,sentence,,,cbe81135df88
Sentence_for_entry_0556.m4a,sentence,,,0caedd6ebaac
Sentence_for_entry_0557.m4a,sentence,,,407e1cdc7b7d
Sentence_for_entry_0558.m4a,sentence,,,99bb1dd240b4
Sentence_for_entry_0559.m4a,sentence,,,f46e9ad6a53c
Sentence_for_entry_0560.m4a,sentence,,,73949ebf5fc3
Sentence_for_entry_0561.m4a,sentence,,,bfa9cc6da065
Sentence_for_entry_0562.m4a,sentence,,,6d0e407a1d30
Sentence_for_entry_0563.m4a,sentence,,,f7db917c16a8
Sentence_for_entry_0564.m4a,sentence,,,752ed3046bb6
Sentence_for_entry_0565.m4a,sentence,,,3a724059832c
Sentence_for_entry_0566.m4a,sentence,,,2f026e4bad42
Sentence_for_entry_0567.m4a,sentence,,,19fc19fd8de8
Sentence_for_entry_0568.m4a,sentence,,,848c4d2e94b8
Sentence_for_entry_0569.m4a,sentence,,,bceb9281b93e
Sentence_for_entry_0570.m4a,sentence,,,b93ab0fe7d43
Sentence_for_entry_0571.m4a,sentence,,,cc03d03e737b
Sentence_for_entry_0572.m4a,sentence,,,1f23db90b8bd
Sentence_for_entry_0573.m4a,sentence,,,d7ce0665fbda
Sentence_for_entry_0574.m4a,sentence,,,11885ff596f8
Sentence_for_entry_0575.m4a,sentence,,,8be36772047b
Sentence_for_entry_0576.m4a,sentence,,,9f82f5f0e208
Sentence_for_entry_0577.m4a,sentence,,,933ce1349883
Sentence_for_entry_0578.m4a,sentence,,,41b1d26b569d
Sentence_for_entry_0579.m4a,sentence,,,84b62fb8c27a
Sentence_for_entry_0580.m4a,sentence,,,4474df40fbda
Sentence_for_entry_0581.m4a,sentence,,,e4b6d077c14b
Sentence_for_entry_0582.m4a,sentence,,,0549ba564c6b
Sentence_for_entry_0583.m4a,sentence,,,9fa673f3dc26
Sentence_for_entry_0584.m4a,sentence,,,c4a3785cd631
Sentence_for_entry_0585.m4a,sentence,,,2b6fc259c1ca
Sentence_for_entry_0586.m4a,sentence,,,a4bc43cb55cc
Sentence_for_entry_0587.m4a,sentence,,,dc29a60845a0
Sentence_for_entry_0588.m4a,sentence,,,fffe97a184e5
Sentence_for_entry_0589.m4a,sentence,,,3a936b719f67
Sentence_for_entry_0590.m4a,sentence,,,7f3d9a71da92
Sentence_for_entry_0591.m4a,sentence,,,a2f3b9aa2041
Sentence_for_entry_0592.m4a,sentence,,,f00b8dc36542
Sentence_for_entry_0593.m4a,sentence,,,bce0dd78576e
Sentence_for_entry_0594.m4a,sentence,,,7001c7b9a4fe
Sentence_for_entry_0595.m4a,sentence,,,b32c990daa6c
Sentence_for_entry_0596.m4a,sentence,,,2c1adfda1b31
Sentence_for_entry_0597.m4a,sentence,,,78a6050a6c0b
Sentence_for_entry_0598.m4a,sentence,,,40f98bf9812a
Sentence_for_entry_0599.m4a,sentence,,,b697333c9f1a
Sentence_for_entry_0600.m4a,sentence,,,7f5daf5defb6
Sentence_for_entry_0601.m4a,sentence,,,720dd9b5447d
Sentence_for_entry_0602.m4a,sentence,,,0b95d4f575a9
Sentence_for_entry_0603.m4a,sentence,,,c23bfa39ba1e
Sentence_for_entry_0604.m4a,sentence,,,ae47e99f3b8b
Sentence_for_entry_0605.m4a,sentence,,,fbf7f7c590ff
Sentence_for_entry_0606.m4a,sentence,,,f2a47d2b0e88
Sentence_for_entry_0607.m4a,sentence,,,77d13790f5aa
Sentence_for_entry_0608.m4a,sentence,,,ed58fc7078f8
Sentence_for_entry_0609.m4a,sentence,,,ffbee895f091
Sentence_for_entry_0610.m4a,sentence,,,445de6cc2425
Sentence_for_entry_0611.m4a,sentence,,,bec7f87b31b0
Sentence_for_entry_0612.m4a,sentence,,,62e1a9596fc7
Sentence_for_entry_0613.m4a,sentence,,,5ff8a48ecb8a
Sentence_for_entry_0614.m4a,sentence,,,5ea5e54b3ec1
Sentence_for_entry_0615.m4a,sentence,,,71112c07ebfd
Sentence_for_entry_0616.m4a,sentence,,,214460ed081f
Sentence_for_entry_0617.m4a,sentence,,,0828b5b279bd
Sentence_for_entry_0618.m4a,sentence,,,d63bc73c574f
Sentence_for_entry_0619.m4a,sentence,,,ceb692312359
Sentence_for_entry_0620.m4a,sentence,,,a065aa8a5fff
Sentence_for_entry_0621.m4a,sentence,,,f018e5348407
Sentence_for_entry_0622.m4a,sentence,,,82a53a361f09
Sentence_for_entry_0623.m4a,sentence,,,037516dfe8ba
Sentence_for_entry_0624.m4a,sentence,,,aa5f614caf23
Sentence_for_entry_0625.m4a,sentence,,,7d83c3bb6d93
Sentence_for_entry_0626.m4a,sentence,,,fcf4f7de0634
Sentence_for_entry_0627.m4a,sentence,,,05b7d7ab51cb
Sentence_for_entry_0628.m4a,sentence,,,071dc592ffb8
Sentence_for_entry_0630.m4a,sentence,,,6db6b0133796
Sentence_for_entry_0631.m4a,sentence,,,250f60512820
Sentence_for_entry_0632.m4a,sentence,,,9a25cd192071
Sentence_for_entry_0633.m4a,sentence,,,90aa4158efc1
Sentence_for_entry_0634.m4a,sentence,,,2fb8bed3ccd8
Sentence_for_entry_0635.m4a,sentence,,,8a4c615b9164
Sentence_for_entry_0636.m4a,sentence,,,9ffdd95ecb8d
Sentence_for_entry_0637.m4a,sentence,,,260884326c83
Sentence_for_entry_0638.m4a,sentence,,,fc1cf5b3fa48
Sentence_for_entry_0639_01.m4a,sentence,,,57f9dcaa2855
Sentence_for_entry_0639_02.m4a,sentence,,,83bcfc3a8201
Sentence_for_entry_0640.m4a,sentence,,,710406657ffb
Sentence_for_entry_0641.m4a,sentence,,,c2cfcf74f01e
Sentence_for_entry_0642.m4a,sentence,,,494cac5ee686
Sentence_for_entry_0643.m4a,sentence,,,e236ab4e95e1
Sentence_for_entry_0645.m4a,sentence,,,7b23a10c5601
Sentence_for_entry_0649.m4a,sentence,,,f8981bffa8bb
Sentence_for_entry_0650.m4a,sentence,,,61b989b53028
Sentence_for_entry_0651.m4a,sentence,,,6522431f5822
Sentence_for_entry_0652.m4a,sentence,,,3a58a4a4e4d5
Sentence_for_entry_0653.m4a,sentence,,,add9aa1dc696
Sentence_for_entry_0654.m4a,sentence,,,b534771f8e28
Sentence_for_entry_0655.m4a,sentence,,,dc32c2a8c5e7
Sentence_for_entry_0656.m4a,sentence,,,19bb92577ddf
Sentence_for_entry_0657.m4a,sentence,,,b468f11a34ab
Sentence_for_entry_0658.m4a,sentence,,,add980fc6298
Sentence_for_entry_0659.m4a,sentence,,,e78f3230a2b0
Sentence_for_entry_0660.m4a,sentence,,,989c69dc9d11
Sentence_for_entry_0661.m4a,sentence,,,4777e970a618
Sentence_for_entry_0662.m4a,sentence,,,a240b463a050
Sentence_for_entry_0663.m4a,sentence,,,84b53f7e5a2a
Sentence_for_entry_0664.m4a,sentence,,,5104834a98d4
Sentence_for_entry_0665.m4a,sentence,,,02d4226f56a3
Sentence_for_entry_0666.m4a,sentence,,,071585a10800
Sentence_for_entry_0667.m4a,sentence,,,69388dcf5d97
Sentence_for_entry_0668.m4a,sentence,,,e3cfc42c9ac4
Sentence_for_entry_0669.m4a,sentence,,,27fbe66ef0b0
Sentence_for_entry_0670.m4a,sentence,,,6dcdac449190
Sentence_for_entry_0671.m4a,sentence,,,2324e3e83acd
Sentence_for_entry_0672.m4a,sentence,,,3f09dbf17c9c
Sentence_for_entry_0673.m4a,sentence,,,874db38b2174
Sentence_for_entry_0674.m4a,sentence,,,64c981868be1
Sentence_for_entry_0675.m4a,sentence,,,135977987662
Sentence_for_entry_0676.m4a,sentence,,,fa5fa8f0289e
Sentence_for_entry_0677.m4a,sentence,,,87c1a37af023
Sentence_for_entry_0678.m4a,sentence,,,af4911cbf3e2
Sentence_for_entry_0679.m4a,sentence,,,03eeccdd3cdc
Sentence_for_entry_0680.m4a,sentence,,,0a972f4653af
Sentence_for_entry_0681.m4a,sentence,,,4c499fff8d37
Sentence_for_entry_0682.m4a,sentence,,,d4c040427270
Sentence_for_entry_0683.m4a,sentence,,,76f3ffb48c15
Sentence_for_entry_0684.m4a,sentence,,,12f5b97bf943
Sentence_for_entry_0685.m4a,sentence,,,3a775066c201
Sentence_for_entry_0686.m4a,sentence,,,ff27e13893ac
Sentence_for_entry_0687.m4a,sentence,,,566a9dea6b7b
Sentence_for_entry_0688.m4a,sentence,,,bc342eaeef99
Sentence_for_entry_0689.m4a,sentence,,,5057c21ba801
Sentence_for_entry_0690.m4a,sentence,,,887ef8a5a962
Sentence_for_entry_0691.m4a,sentence,,,2b33896e5316
Sentence_for_entry_0692.m4a,sentence,,,b22369c674fd
Sentence_for_entry_0693.m4a,sentence,,,52cad34c2702
Sentence_for_entry_0694.m4a,sentence,,,a24775d05da5
Sentence_for_entry_0695.m4a,sentence,,,8a429079aadb
Sentence_for_entry_0697.m4a,sentence,,,f6688e2be45a
Sentence_for_entry_0698.m4a,sentence,,,17620e3238ac
Sentence_for_entry_0699.m4a,sentence,,,acfaa486ca60
Sentence_for_entry_0700.m4a,sentence,,,1b9e45dc253b
Sentence_for_entry_0701.m4a,sentence,,,2b68ef6504de
Sentence_for_entry_0702.m4a,sentence,,,08b9a2a9d619
Sentence_for_entry_0703.m4a,sentence,,,a903a3e09685
Sentence_for_entry_0704.m4a,sentence,,,d5dfdfafb406
Sentence_for_entry_0705.m4a,sentence,,,093fc96188b8
Sentence_for_entry_0706.m4a,sentence,,,a0b07662c051
Sentence_for_entry_0707.m4a,sentence,,,7b45fc59a24d
Sentence_for_entry_0708.m4a,sentence,,,c111bdbc2375
Sentence_for_entry_0709.m4a,sentence,,,3643075671a6
Sentence_for_entry_0711_01.m4a,sentence,,,01bb2bb1940e
Sentence_for_entry_0711_02.m4a,sentence,,,246793cc293c
Sentence_for_entry_0712.m4a,sentence,,,f7d7839b9b87
Sentence_for_entry_0713_01.m4a,sentence,,,44a4c6fa3c53
Sentence_for_entry_0713_02.m4a,sentence,,,ed3e7c84fec1
Sentence_for_entry_0714.m4a,sentence,,,9204a1c2ddf0
Sentence_for_entry_0715.m4a,sentence,,,9b64d1647501
Sentence_for_entry_0716.m4a,sentence,,,ef69bf467ad7
Sentence_for_entry_0717.m4a,sentence,,,219c0deb1df2
Sentence_for_entry_0718.m4a,sentence,,,7482bc1524e3
Sentence_for_entry_0719.m4a,sentence,,,cb6e91ebc36d
Sentence_for_entry_0720.m4a,sentence,,,c554c3ed6407
Sentence_for_entry_0721.m4a,sentence,,,c97427b38463
Sentence_for_entry_0722.m4a,sentence,,,4b6ff1462e2d
Sentence_for_entry_0723.m4a,sentence,,,ffdc0f4a1846
Sentence_for_entry_0724.m4a,sentence,,,136bbc29992b
Sentence_for_entry_0725.m4a,sentence,,,5b7735e093f1
Sentence_for_entry_0726.m4a,sentence,,,a80526860be3
Sentence_for_entry_0727.m4a,sentence,,,f3ea564daad6
Sentence_for_entry_0728.m4a,sentence,,,cd2bfe6f2ae4
Sentence_for_entry_0730.m4a,sentence,,,ec1af54121c3
Sentence_for_entry_0731.m4a,sentence,,,15671acff3fd
Sentence_for_entry_0732.m4a,sentence,,,b86b2741ac22
Sentence_for_entry_0734.m4a,sentence,,,1c6637047860
Sentence_for_entry_0735.m4a,sentence,,,0c887fe7825d
Sentence_for_entry_0736.m4a,sentence,,,6200482818f6
Sentence_for_entry_0737.m4a,sentence,,,3ce210fb7b2b
Sentence_for_entry_0738.m4a,sentence,,,87bfa66380e8
Sentence_for_entry_0739.m4a,sentence,,,df4954d98bdb
Sentence_for_entry_0740.m4a,sentence,,,7a78466e3d42
Sentence_for_entry_0741.m4a,sentence,,,961b418cc730
Sentence_for_entry_0742.m4a,sentence,,,0973e97a155e
Sentence_for_entry_0743.m4a,sentence,,,77a7486128a6
Sentence_for_entry_0744.m4a,sentence,,,f89abe596f5f
Sentence_for_entry_0745.m4a,sentence,,,ac541f9b17d9
Sentence_for_entry_0746.m4a,sentence,,,0d4a7a0222a9
Sentence_for_entry_0747.m4a,sentence,,,172f9cfd51af
Sentence_for_entry_0748.m4a,sentence,,,fa10b149336f
Sentence_for_entry_0749.m4a,sentence,,,38bc30a1657c
Sentence_for_entry_0750.m4a,sentence,,,a4c4a4d28508
Sentence_for_entry_0751.m4a,sentence,,,8cb097bb567a
Sentence_for_entry_0752.m4a,sentence,,,09f8815da51c
Sentence_for_entry_0753.m4a,sentence,,,cf4e54b8197e
Sentence_for_entry_0754.m4a,sentence,,,a4375a2f2c98
Sentence_for_entry_0755.m4a,sentence,,,4ffc4d43f7f9
Sentence_for_entry_0756.m4a,sentence,,,fba896c9c1c4
Sentence_for_entry_0757.m4a,sentence,,,efae32570aae
Sentence_for_entry_0758.m4a,sentence,,,707cd1140e77
Sentence_for_entry_0759.m4a,sentence,,,a05b119b0ccf
Sentence_for_entry_0765_02.m4a,sentence,,,7a8fd1cc9fb5
Sentence_for_entry_0765_01.m4a,sentence,,,cadd22162d17
Sentence_for_entry_0766.m4a,sentence,,,40f25232a7d3
Sentence_for_entry_0767.m4a,sentence,,,21d44c7cc3c2
Sentence_for_entry_0768.m4a,sentence,,,1ad0a69a8541
Sentence_for_entry_0769.m4a,sentence,,,88a0611513bb
Sentence_for_entry_0770.m4a,sentence,,,16e2d2d8c98d
Sentence_for_entry_0771.m4a,sentence,,,ce7efbb5a1b3
Sentence_for_entry_0772.m4a,sentence,,,457eea66c5f4
Sentence_for_entry_0773.m4a,sentence,,,7b40c6136789
Sentence_for_entry_0775_01.m4a,sentence,,,2ffe4189fbe9
Sentence_for_entry_0775_02.m4a,sentence,,,34b2336b9a81
Sentence_for_entry_0776.m4a,sentence,,,f57d5cfa56f1
Sentence_for_entry_0777.m4a,sentence,,,730d9e35e1ec
Sentence_for_entry_0778.m4a,sentence,,,aaa57820c2de
Sentence_for_entry_0779.m4a,sentence,,,6483c35ccc11
Sentence_for_entry_0786.m4a,sentence,,,558a1a2740c4
Sentence_for_entry_0787.m4a,sentence,,,3f0a601ad15f
Sentence_for_entry_0788.m4a,sentence,,,3e2ba49750ef
Sentence_for_entry_0789.m4a,sentence,,,d6fa245d7c83
Sentence_for_entry_0790.m4a,sentence,,,0554d9a7c4fc
Sentence_for_entry_0791.m4a,sentence,,,6a12ac57e043
Sentence_for_entry_0792.m4a,sentence,,,58cfc8ea808d
Sentence_for_entry_0793.m4a,sentence,,,04cd217d6c40
Sentence_for_entry_0794.m4a,sentence,,,061f1edd0a21
Sentence_for_entry_0795.m4a,sentence,,,6077d9f088e2
Sentence_for_entry_0796_01.m4a,sentence,,,5b38af2c63c2
Sentence_for_entry_0796_02.m4a,sentence,,,a89704703c79
Sentence_for_entry_0797.m4a,sentence,,,5a2a2f50c5be
Sentence_for_entry_0798.m4a,sentence,,,cc7f8a3eef31
Sentence_for_entry_0799.m4a,sentence,,,a7620c20529e
Sentence_for_entry_0800.m4a,sentence,,,0216086475b1
Sentence_for_entry_0801_01.m4a,sentence,,,38b541c0bc0d
Sentence_for_entry_0801_02.m4a,sentence,,,6aa0b91b9bce
Sentence_for_entry_0802.m4a,sentence,,,a0cfd7512fc7
Sentence_for_entry_0803.m4a,sentence,,,64b3d75e0d45
Sentence_for_entry_0804.m4a,sentence,,,2fc0c6c0cb86
Sentence_for_entry_0805.m4a,sentence,,,4450c5ab9e25
Sentence_for_entry_0805.m4a,sentence,,,c3ebc71038c3
Sentence_for_entry_0806.m4a,sentence,,,696f733a8408
Sentence_for_entry_0807.m4a,sentence,,,e612a13ab675
Sentence_for_entry_0808.m4a,sentence,,,2422f24e2b7c
Sentence_for_entry_0809_01.m4a,sentence,,,439e739fb0d0
Sentence_for_entry_0809_02.m4a,sentence,,,f32742a158cb
Sentence_for_entry_0810.m4a,sentence,,,2cd5e59df728
Sentence_for_entry_0811.m4a,sentence,,,d01454c30fcc
Sentence_for_entry_0812.m4a,sentence,,,d3354947e90a
Sentence_for_entry_0813.m4a,sentence,,,942523e03a82
Sentence_for_entry_0814.m4a,sentence,,,5a42b6f5905b
Sentence_for_entry_0815.m4a,sentence,,,b86a926e496c
Sentence_for_entry_0816.m4a,sentence,,,c2d00aaa7204
Sentence_for_entry_0817.m4a,sentence,,,2cf52a671977
Sentence_for_entry_0818.m4a,sentence,,,51b9c9860531
Sentence_for_entry_0819.m4a,sentence,,,38283d028cfe
Sentence_for_entry_0820.m4a,sentence,,,33d08494d694
Sentence_for_entry_0821.m4a,sentence,,,b9e8480698af
Sentence_for_entry_0822.m4a,sentence,,,13cf0c0586ab
Sentence_for_entry_0823.m4a,sentence,,,0c0b954945ed
Sentence_for_entry_0824.m4a,sentence,,,980eb306f6e7
Sentence_for_entry_0825.m4a,sentence,,,f75decb7aef0
Sentence_for_entry_0826.m4a,sentence,,,43b93fe9fc7f
Sentence_for_entry_0827.m4a,sentence,,,5de4e73fd823
Sentence_for_entry_0828.m4a,sentence,,,24a82f793490
Sentence_for_entry_0829.m4a,sentence,,,7e8bafbc72af
Sentence_for_entry_0830.m4a,sentence,,,7ac404fe2e72
Sentence_for_entry_0831.m4a,sentence,,,4b2941652ed0
Sentence_for_entry_0832.m4a,sentence,,,4a5ef92f0b65
Sentence_for_entry_0833.m4a,sentence,,,87e95a4ad12a
Sentence_for_entry_0834.m4a,sentence,,,8c1fa2a57e00
Sentence_for_entry_0835.m4a,sentence,,,93ab6e5c92cc
Sentence_for_entry_0836.m4a,sentence,,,7c757f050803
Sentence_for_entry_0837.m4a,sentence,,,68153f85b69b
Sentence_for_entry_0838.m4a,sentence,,,92f9a0a0457f
Sentence_for_entry_0839.m4a,sentence,,,95f8cb7f82de
Sentence_for_entry_0840.m4a,sentence,,,f9ef50fffd20
Sentence_for_entry_0841.m4a,sentence,,,aed347bdad87
Sentence_for_entry_0842.m4a,sentence,,,6eca212538ad
Sentence_for_entry_0843.m4a,sentence,,,04189cb9658a
Sentence_for_entry_0844.m4a,sentence,,,c4c042c2281d
Sentence_for_entry_0845.m4a,sentence,,,dc06e1566a66
Sentence_for_entry_0846.m4a,sentence,,,20cafd81e08d
Sentence_for_entry_0847.m4a,sentence,,,d35bfc6626b6
Sentence_for_entry_0848.m4a,sentence,,,634730ce40b6
Sentence_for_entry_0849.m4a,sentence,,,b2005edd4020
Sentence_for_entry_0850.m4a,sentence,,,1db96a8d584f
Sentence_for_entry_0851.m4a,sentence,,,fbfdd0705d5b
Sentence_for_entry_0852.m4a,sentence,,,0fba8b4500ab
Sentence_for_entry_0853.m4a,sentence,,,d04eba3162bc
Sentence_for_entry_0854.m4a,sentence,,,2c51c6f37fd0
Sentence_for_entry_0855.m4a,sentence,,,bfd504ba1fc7
Sentence_for_entry_0856.m4a,sentence,,,10bb0ceb8dd9
Sentence_for_entry_0857.m4a,sentence,,,c758abaac092
Sentence_for_entry_0858.m4a,sentence,,,c8280cb22984
Sentence_for_entry_0859.m4a,sentence,,,0acb606dfe39
Sentence_for_entry_0860.m4a,sentence,,,c7c7f5ddac51
Sentence_for_entry_0861.m4a,sentence,,,67d5d4c883bd
Sentence_for_entry_0862.m4a,sentence,,,d2f7d2082000
Sentence_for_entry_0863_02.m4a,sentence,,,73f64bbaa094
Sentence_for_entry_0863_01.m4a,sentence,,,e53c471a8ee0
Sentence_for_entry_0864.m4a,sentence,,,347470b3a451
Sentence_for_entry_0865.m4a,sentence,,,3fa2935c3020
Sentence_for_entry_0866.m4a,sentence,,,d96d6fd55ce8
Sentence_for_entry_0867.m4a,sentence,,,ac594516d54d
Sentence_for_entry_0868.m4a,sentence,,,1abb236f72bf
Sentence_for_entry_0869.m4a,sentence,,,681e6bb9a85b
Sentence_for_entry_0870.m4a,sentence,,,d77fba896e85
Sentence_for_entry_0871.m4a,sentence,,,631c8be4765a
Sentence_for_entry_0872.m4a,sentence,,,cc953b7014c3
Sentence_for_entry_0873.m4a,sentence,,,c5664f324f0b
Sentence_for_entry_0874.m4a,sentence,,,7b8b8af1fe55
Sentence_for_entry_0875.m4a,sentence,,,aaeb85c96288
Sentence_for_entry_0876.m4a,sentence,,,39fec2032348
Sentence_for_entry_0877.m4a,sentence,,,919f11ac5397
Sentence_for_entry_0878.m4a,sentence,,,e10083774dc4
Sentence_for_entry_0879.m4a,sentence,,,c2e232b8c456
Sentence_for_entry_0880.m4a,sentence,,,aee876118b66
Sentence_for_entry_0881.m4a,sentence,,,a50ed68d18da
Sentence_for_entry_0882.m4a,sentence,,,b1f56add3a94
Sentence_for_entry_0883.m4a,sentence,,,bc630228fdea
Sentence_for_entry_0884.m4a,sentence,,,8694385684f5
Sentence_for_entry_0885.m4a,sentence,,,37a9af38adfe
Sentence_for_entry_0886_02.m4a,sentence,,,58f793796df9
Sentence_for_entry_0886_01.m4a,sentence,,,f5de5775d78a
Sentence_for_entry_0887.m4a,sentence,,,9d429a3c5e6d
Sentence_for_entry_0888.m4a,sentence,,,95a8cebb4099
Sentence_for_entry_0889.m4a,sentence,,,d4003977b272
Sentence_for_entry_0890.m4a,sentence,,,e206630cb3b0
Sentence_for_entry_0891.m4a,sentence,,,b0ee6db5d65a
Sentence_for_entry_0892.m4a,sentence,,,a2032d6a5ff9
Sentence_for_entry_0893.m4a,sentence,,,e5be3dec2f1d
Sentence_for_entry_0894.m4a,sentence,,,adf96b6c880c
Sentence_for_entry_0895.m4a,sentence,,,7af612b5370a
Sentence_for_entry_0896.m4a,sentence,,,6eb86f5a8323
Sentence_for_entry_0897.m4a,sentence,,,427ee000e83b
Sentence_for_entry_0898.m4a,sentence,,,0233bbb5a377
Sentence_for_entry_0899.m4a,sentence,,,c54690f7ee87
Sentence_for_entry_0900.m4a,sentence,,,28638887f45d
Sentence_for_entry_0901.m4a,sentence,,,d6f0572eaedf
Sentence_for_entry_0902.m4a,sentence,,,7f7e7025a77c
Sentence_for_entry_0903.m4a,sentence,,,ca4daec20271
Sentence_for_entry_0904.m4a,sentence,,,18cc45af5fca
Sentence_for_entry_0905.m4a,sentence,,,1976db797f7e
Sentence_for_entry_0906.m4a,sentence,,,85ff12c3f3b5
Sentence_for_entry_0907.m4a,sentence,,,b57cd2819427
Sentence_for_entry_0908.m4a,sentence,,,24d45fe5ec4d
Sentence_for_entry_0909.m4a,sentence,,,154e6098f42a
Sentence_for_entry_0910.m4a,sentence,,,5b65f9cfcf1c
Sentence_for_entry_0911.m4a,sentence,,,9cd882ea3dfe
Sentence_for_entry_0912.m4a,sentence,,,4cdf28c8d380
Sentence_for_entry_0913.m4a,sentence,,,a26ff3a8f8da
Sentence_for_entry_0914.m4a,sentence,,,28e3ac3fe600
Sentence_for_entry_0915.m4a,sentence,,,56e8ea22984a
Sentence_for_entry_0916.m4a,sentence,,,fa3b600a2e69
Sentence_for_entry_0917.m4a,sentence,,,1d1ce0c276f7
Sentence_for_entry_0918.m4a,sentence,,,5d7f6d20401a
Sentence_for_entry_0919.m4a,sentence,,,c2539ce1155f
Sentence_for_entry_0920.m4a,sentence,,,ca1530097eec
Sentence_for_entry_0921.m4a,sentence,,,550770602855
Sentence_for_entry_0922.m4a,sentence,,,a2a12cd0a744
Sentence_for_entry_0923.m4a,sentence,,,9bb49593bc27
Sentence_for_entry_0924.m4a,sentence,,,01128d562661
Sentence_for_entry_0925.m4a,sentence,,,bf2fcb5775b8
Sentence_for_entry_0926.m4a,sentence,,,6ae26c3b55b8
Sentence_for_entry_0927.m4a,sentence,,,605c1a30b432
Sentence_for_entry_0928.m4a,sentence,,,4d4fc0f71465
Sentence_for_entry_0929.m4a,sentence,,,1dd255b73da0
Sentence_for_entry_0930.m4a,sentence,,,969c6b001578
Sentence_for_entry_0931.m4a,sentence,,,57f3d75694ee
Sentence_for_entry_0932.m4a,sentence,,,c6f028e4d1ce
Sentence_for_entry_0933.m4a,sentence,,,4ba149102af4
Sentence_for_entry_0934.m4a,sentence,,,debbed076238
Sentence_for_entry_0935.m4a,sentence,,,c1bdc4793c20
Sentence_for_entry_0936.m4a,sentence,,,a52eeb06c592
Sentence_for_entry_0937.m4a,sentence,,,399597f540fc
Sentence_for_entry_0938.m4a,sentence,,,2e6ee211bf0e
Sentence_for_entry_0939.m4a,sentence,,,f11c725aac19
Sentence_for_entry_0940.m4a,sentence,,,4c3d6b982902
Sentence_for_entry_0941.m4a,sentence,,,3f607e153ff4
Sentence_for_entry_0942.m4a,sentence,,,b78224dfe925
Sentence_for_entry_0943.m4a,sentence,,,2ecbea29ebe6
Sentence_for_entry_0944.m4a,sentence,,,1643ede3a6f0
Sentence_for_entry_0945.m4a,sentence,,,1aff20f01208
Sentence_for_entry_0946_01.m4a,sentence,,,181ab72887ed
Sentence_for_entry_0946_02.m4a,sentence,,,2c7b62feba73
Sentence_for_entry_0947.m4a,sentence,,,14233aad31b6
Sentence_for_entry_0948.m4a,sentence,,,8a707d2ab01a
Sentence_for_entry_0949.m4a,sentence,,,896b0321a412
Sentence_for_entry_0950.m4a,sentence,,,8c0296d6d707
Sentence_for_entry_0951.m4a,sentence,,,6c0b25fd9574
Sentence_for_entry_0953.m4a,sentence,,,a64d4a5041cc
Sentence_for_entry_0954.m4a,sentence,,,b2c448731864
Sentence_for_entry_0955.m4a,sentence,,,1d7119201638
Sentence_for_entry_0956.m4a,sentence,,,2cb6b4cc5c77
Sentence_for_entry_0957.m4a,sentence,,,0fe7ea131566
Sentence_for_entry_0958_01.m4a,sentence,,,18d1c8aed6c6
Sentence_for_entry_0958_02.m4a,sentence,,,677fd9ef096e
Sentence_for_entry_0959.m4a,sentence,,,a4df3aa52e98
Sentence_for_entry_0960.m4a,sentence,,,524fcc884ef3
Sentence_for_entry_0961.m4a,sentence,,,f290038d3dcf
Sentence_for_entry_0962.m4a,sentence,,,6e5116ed04c6
Sentence_for_entry_0963.m4a,sentence,,,6ed78b862318
Sentence_for_entry_0964.m4a,sentence,,,94203a8ca616
Sentence_for_entry_0965.m4a,sentence,,,c2ec7d9dad70
Sentence_for_entry_0966.m4a,sentence,,,c362c8748357
Sentence_for_entry_0967.m4a,sentence,,,2e9e708896ff
Sentence_for_entry_0968.m4a,sentence,,,84a0822c243c
Sentence_for_entry_0969.m4a,sentence,,,29fff41b8736
Sentence_for_entry_0970.m4a,sentence,,,5aaec6a2955a
Sentence_for_entry_0971.m4a,sentence,,,fa27e17a80b2
Sentence_for_entry_0972.m4a,sentence,,,6d1ab8bb77f6
Sentence_for_entry_0973.m4a,sentence,,,3e6a4e8ee533
Sentence_for_entry_0974.m4a,sentence,,,12c9122ccdfe
Sentence_for_entry_0975.m4a,sentence,,,cb5a36c8b7e1
Sentence_for_entry_0976_02.m4a,sentence,,,4ec2f236c2fb
Sentence_for_entry_0976_01.m4a,sentence,,,ac1423d84131
Sentence_for_entry_0977_02.m4a,sentence,,,37dc796a0f63
Sentence_for_entry_0977_01.m4a,sentence,,,f1f3625073e7
Sentence_for_entry_0978.m4a,sentence,,,25c1ae990523
Sentence_for_entry_0979.m4a,sentence,,,b303629e6348
Sentence_for_entry_0980.m4a,sentence,,,32ee9ec57126
Sentence_for_entry_0981.m4a,sentence,,,a46e2a42ed86
Sentence_for_entry_0982.m4a,sentence,,,ce12dc3aae9e
Sentence_for_entry_0983.m4a,sentence,,,3149e00f9c43
Sentence_for_entry_0984.m4a,sentence,,,27157fc98b44
Sentence_for_entry_0985.m4a,sentence,,,33e173bdfd85
Sentence_for_entry_0986.m4a,sentence,,,f08eaa15ae27
Sentence_for_entry_0987.m4a,sentence,,,eafe00ecc5de
Sentence_for_entry_0988.m4a,sentence,,,aaded1e40fbf
Sentence_for_entry_0989.m4a,sentence,,,20b9094b50ab
Sentence_for_entry_0990_02.m4a,sentence,,,c463e0f5e941
Sentence_for_entry_0990_01.m4a,sentence,,,ddb9208a28a4
Sentence_for_entry_0991.m4a,sentence,,,aaf4c25b9d21
Sentence_for_entry_0992.m4a,sentence,,,8fd93f1bb58d
Sentence_for_entry_0993.m4a,sentence,,,13a43bb7c220
Sentence_for_entry_0994.m4a,sentence,,,d1980ee9888e
Sentence_for_entry_0995.m4a,sentence,,,bf3a7c577e23
Sentence_for_entry_0996.m4a,sentence,,,7c2b666bb43c
Sentence_for_entry_0997.m4a,sentence,,,996134a81e77
Sentence_for_entry_0998.m4a,sentence,,,4ed3f34c0b24
Sentence_for_entry_0999.m4a,sentence,,,12e59cf7b104
Sentence_for_entry_1000.m4a,sentence,,,6eca8a40ae24
Sentence_for_entry_1001.m4a,sentence,,,76cb3ca89d72
Sentence_for_entry_1002.m4a,sentence,,,29b93276c7f2
Sentence_for_entry_1003.m4a,sentence,,,f841c9d4e54a
Sentence_for_entry_1004.m4a,sentence,,,5f77d47dcd3e
Sentence_for_entry_1005.m4a,sentence,,,1ae8aea48945
Sentence_for_entry_1006.m4a,sentence,,,3417740a2362
Sentence_for_entry_1007.m4a,sentence,,,6825502f343a
Sentence_for_entry_1008.m4a,sentence,,,7a5836c06aba
Sentence_for_entry_1009_01.m4a,sentence,,,b59c0ecfbd26
Sentence_for_entry_1009_02.m4a,sentence,,,c0330eb8fc5d
Sentence_for_entry_1010.m4a,sentence,,,2dca8fd3002c
Sentence_for_entry_1011.m4a,sentence,,,9e12672db882
Sentence_for_entry_1012.m4a,sentence,,,f1c28eb97e89
Sentence_for_entry_1013.m4a,sentence,,,edb65b3707e2
Sentence_for_entry_1014.m4a,sentence,,,e468fe37e53d
Sentence_for_entry_1015.m4a,sentence,,,fe2957d26dab
Sentence_for_entry_1016.m4a,sentence,,,39d6d6936435
Sentence_for_entry_1017.m4a,sentence,,,861bcce17a40
Sentence_for_entry_1018.m4a,sentence,,,73ce97a6ffb3
Sentence_for_entry_1019.m4a,sentence,,,070903e5ffda
Sentence_for_entry_1020.m4a,sentence,,,88cf6a3dd2cd
Sentence_for_entry_1021.m4a,sentence,,,9612e6bb8899
Sentence_for_entry_1022.m4a,sentence,,,6de535d17f62
Sentence_for_entry_1023_02.m4a,sentence,,,47514d9ebfd0
Sentence_for_entry_1023_01.m4a,sentence,,,73d0f50c3488
Sentence_for_entry_1023_02.m4a,sentence,,,db1d0fdd7256
Sentence_for_entry_1024.m4a,sentence,,,294f026a2487
Sentence_for_entry_1025.m4a,sentence,,,0fb541111255
Sentence_for_entry_1026.m4a,sentence,,,33b302882c6e
Sentence_for_entry_1027.m4a,sentence,,,35529c7ee2eb
Sentence_for_entry_1028.m4a,sentence,,,0fe2b8be94db
Sentence_for_entry_1029.m4a,sentence,,,5ff11ed5560f
Sentence_for_entry_1030.m4a,sentence,,,ccab2969e6e6
Sentence_for_entry_1031.m4a,sentence,,,4f4c91346ecb
Sentence_for_entry_1032.m4a,sentence,,,6f97116c4b68
Sentence_for_entry_1033.m4a,sentence,,,6b4c26411a06
Sentence_for_entry_1034.m4a,sentence,,,5733319b415d
Sentence_for_entry_1035.m4a,sentence,,,6c39dabce5dc
Sentence_for_entry_1036.m4a,sentence,,,cce87d4b5389
Sentence_for_entry_1037.m4a,sentence,,,de0bbd729380
Sentence_for_entry_1038.m4a,sentence,,,442ab577ff42
Sentence_for_entry_1039.m4a,sentence,,,8b680d08e50b
Sentence_for_entry_1041.m4a,sentence,,,7533decfebf7
Sentence_for_entry_1042.m4a,sentence,,,9b4af45cf23b
Sentence_for_entry_1043.m4a,sentence,,,59e089e03c4d
Sentence_for_entry_1044.m4a,sentence,,,0e28e176f9d2
Sentence_for_entry_1045_02.m4a,sentence,,,14344fcee668
Sentence_for_entry_1045_01.m4a,sentence,,,636afb77fddc
Sentence_for_entry_1046.m4a,sentence,,,77522f70cf69
Sentence_for_entry_1047.m4a,sentence,,,75f51c43bd2d
Sentence_for_entry_1048.m4a,sentence,,,971a86f6cf14
Sentence_for_entry_1049.m4a,sentence,,,b3d78b4fb97a
Sentence_for_entry_1050.m4a,sentence,,,089d2c64fbd0
Sentence_for_entry_1051.m4a,sentence,,,52d5bf1ce153
Sentence_for_entry_1052.m4a,sentence,,,bf47d3725030
Sentence_for_entry_1053.m4a,sentence,,,3c393f7fd7da
Sentence_for_entry_1054.m4a,sentence,,,d4c5151b4ee0
Sentence_for_entry_1055.m4a,sentence,,,a2d7fc0436bc
Sentence_for_entry_1056_01.m4a,sentence,,,2b3500de1214
Sentence_for_entry_1056_02.m4a,sentence,,,499f9b8985b7
Sentence_for_entry_1057.m4a,sentence,,,e23810f2f473
Sentence_for_entry_1059.m4a,sentence,,,0d753d5b1c2a
Sentence_for_entry_1058.m4a,sentence,,,eabbd8a15584
Sentence_for_entry_1060.m4a,sentence,,,3fd678d10adf
Sentence_for_entry_1061.m4a,sentence,,,5981d2ac353f
Sentence_for_entry_1062.m4a,sentence,,,050f12b2f030
Sentence_for_entry_1063.m4a,sentence,,,1d6013c1921d
Sentence_for_entry_1064.m4a,sentence,,,6cca12dd30d3
Sentence_for_entry_1065.m4a,sentence,,,2c032212f0e9
Sentence_for_entry_1066.m4a,sentence,,,ff3552ad2641
Sentence_for_entry_1067.m4a,sentence,,,24bf30215fb9
Sentence_for_entry_1068.m4a,sentence,,,7a0619ab0176
Sentence_for_entry_1069.m4a,sentence,,,b6213480402e
Sentence_for_entry_1070.m4a,sentence,,,730decec7317
Sentence_for_entry_1071.m4a,sentence,,,a3e0bd2dc935
Sentence_for_entry_1072.m4a,sentence,,,769ee162e380
Sentence_for_entry_1073.m4a,sentence,,,f769dc0d1af1
Sentence_for_entry_1074.m4a,sentence,,,add4a4c89c57
Sentence_for_entry_1075_02.m4a,sentence,,,5234c9c4e02d
Sentence_for_entry_1075_03.m4a,sentence,,,6a0faf751eea
Sentence_for_entry_1075_01.m4a,sentence,,,e2027a4f732b
Sentence_for_entry_1076_02.m4a,sentence,,,4022dfb51622
Sentence_for_entry_1076_01.m4a,sentence,,,a67426fb364b
Sentence_for_entry_1077.m4a,sentence,,,26f9fef17976
Sentence_for_entry_1078.m4a,sentence,,,3c08392c7702
Sentence_for_entry_1079.m4a,sentence,,,ab425c6fd382
Sentence_for_entry_1080.m4a,sentence,,,995eaa7d265e
Sentence_for_entry_1081.m4a,sentence,,,8083390aab30
Sentence_for_entry_1082.m4a,sentence,,,d94acb2b0ff4
Sentence_for_entry_1083.m4a,sentence,,,e3987581aeac
Sentence_for_entry_1084.m4a,sentence,,,60a3cc003683
Sentence_for_entry_1085.m4a,sentence,,,694c811f0e5d
Sentence_for_entry_1086_01.m4a,sentence,,,086a7b7c3e9c
Sentence_for_entry_1086_02.m4a,sentence,,,f5741ad368db
Sentence_for_entry_1087.m4a,sentence,,,6bec2653a36c
Sentence_for_entry_1088.m4a,sentence,,,6a6bbad0128d
Sentence_for_entry_1089.m4a,sentence,,,8f015df4b08b
Sentence_for_entry_1090.m4a,sentence,,,6cca60022787
Sentence_for_entry_1091.m4a,sentence,,,50ed0c408ab8
Sentence_for_entry_1092.m4a,sentence,,,fbbd388c6a30
Sentence_for_entry_1093.m4a,sentence,,,38980a31b7c2
Sentence_for_entry_1094.m4a,sentence,,,1103ea0e70b7
Sentence_for_entry_1095.m4a,sentence,,,7c71ebfb7c24
Sentence_for_entry_1096_01.m4a,sentence,,,8e0cbf90f95d
Sentence_for_entry_1096_02.m4a,sentence,,,8f97e85151e5
Sentence_for_entry_1097.m4a,sentence,,,379b9939b61f
Sentence_for_entry_1098.m4a,sentence,,,d9f631b837d1
Sentence_for_entry_1099.m4a,sentence,,,09a5c5fd3abf
Sentence_for_entry_1100.m4a,sentence,,,e0cd5fa0c74d
Sentence_for_entry_1101_02.m4a,sentence,,,df120bd4cfad
Sentence_for_entry_1101_01.m4a,sentence,,,eec35764d795
Sentence_for_entry_1102.m4a,sentence,,,5285de76ffd2
Sentence_for_entry_1103.m4a,sentence,,,d57cb4a264d8
Sentence_for_entry_1104.m4a,sentence,,,1f54682ba2bc
Sentence_for_entry_1105.m4a,sentence,,,ae6a3978af4a
Sentence_for_entry_1106.m4a,sentence,,,36f0c9979815
Sentence_for_entry_1107.m4a,sentence,,,860215cf5f4e
Sentence_for_entry_1108.m4a,sentence,,,7a825b2dffc4
Sentence_for_entry_1109.m4a,sentence,,,62cbd70e52f0
Sentence_for_entry_1110.m4a,sentence,,,fe41bf264557
Sentence_for_entry_1111.m4a,sentence,,,ae6cb9dc6798
Sentence_for_entry_1112.m4a,sentence,,,524f46bdae36
Sentence_for_entry_1113.m4a,sentence,,,925518aaf26b
Sentence_for_entry_1114.m4a,sentence,,,48dc438ffd38
Sentence_for_entry_1115.m4a,sentence,,,d3f365165afd
Sentence_for_entry_1116.m4a,sentence,,,2b308273ca91
Sentence_for_entry_1117.m4a,sentence,,,b627192c15ff
Sentence_for_entry_1118.m4a,sentence,,,e803756c7b2a
Sentence_for_entry_1119.m4a,sentence,,,a94810647396
Sentence_for_entry_1120.m4a,sentence,,,9237bc36cd0f
Sentence_for_entry_1124.m4a,sentence,,,a06fcc2d0945
Sentence_for_entry_1125.m4a,sentence,,,cdedfebe2131
Sentence_for_entry_1126.m4a,sentence,,,90d51413ab4c
Sentence_for_entry_1127.m4a,sentence,,,3f03797bce37
Sentence_for_entry_1130.m4a,sentence,,,80d4b430f9db
Sentence_for_entry_1132.m4a,sentence,,,ff14f7d5bdd9
Sentence_for_entry_1133_01.m4a,sentence,,,a4202a26198c
Sentence_for_entry_1133_02.m4a,sentence,,,d2884c060803
Sentence_for_entry_1133_03.m4a,sentence,,,f42f9251ac57
Sentence_for_entry_1134.m4a,sentence,,,f88cf7a9337c
Sentence_for_entry_1135.m4a,sentence,,,43acceff01d6
Sentence_for_entry_1136_02.m4a,sentence,,,03720033e30c
Sentence_for_entry_1136_01.m4a,sentence,,,f44ac757bccc
Sentence_for_entry_1137.m4a,sentence,,,ca25547bb5bd
Sentence_for_entry_1138.m4a,sentence,,,6b963b955690
Sentence_for_entry_1139.m4a,sentence,,,f8ca35d15445
Sentence_for_entry_1140.m4a,sentence,,,99a636242342
Sentence_for_entry_1141.m4a,sentence,,,0cb49c00eada
Sentence_for_entry_1142.m4a,sentence,,,6eebd7b6b7d7
Sentence_for_entry_1143_01.m4a,sentence,,,3a8c9aa58014
Sentence_for_entry_1143_02.m4a,sentence,,,cb3dd4e80f1e
Sentence_for_entry_1144.m4a,sentence,,,ff0c6243bf52
Sentence_for_entry_1145.m4a,sentence,,,6ad43ae59e65
Sentence_for_entry_1146.m4a,sentence,,,f7421b2b99d9
Sentence_for_entry_1147.m4a,sentence,,,ca7b88e5c67f
Sentence_for_entry_1148.m4a,sentence,,,3ad4e9b8296f
Sentence_for_entry_1150.m4a,sentence,,,bcbf4cb92c09
Sentence_for_entry_1152.m4a,sentence,,,6001ea415b68
Sentence_for_entry_1153.m4a,sentence,,,0dfe054d6139
Sentence_for_entry_1154.m4a,sentence,,,62159f130ac2
Sentence_for_entry_1160.m4a,sentence,,,b7c5a8b8a630
Sentence_for_entry_1161.m4a,sentence,,,c04c40237360
Sentence_for_entry_1162.m4a,sentence,,,1320cb3333c8
Sentence_for_entry_1163.m4a,sentence,,,3871fa308b93
Sentence_for_entry_1164.m4a,sentence,,,d7005c7af753
Sentence_for_entry_1165.m4a,sentence,,,1881089bde21
Sentence_for_entry_1166.m4a,sentence,,,12a8a2099886
Sentence_for_entry_1167_01.m4a,sentence,,,8d91ca0394f7
Sentence_for_entry_1167_02.m4a,sentence,,,97d04e5f1883
Sentence_for_entry_1168.m4a,sentence,,,ecac80e2fd76
Sentence_for_entry_1170.m4a,sentence,,,1b9fc8c64de5
Sentence_for_entry_1171.m4a,sentence,,,8e4ec49ad735
Sentence_for_entry_1172.m4a,sentence,,,0d067b49f034
Sentence_for_entry_1173.m4a,sentence,,,b0de726b30a7
Sentence_for_entry_1174.m4a,sentence,,,5f785eafeb8c
Sentence_for_entry_1176.m4a,sentence,,,da3f83807080
Sentence_for_entry_1178.m4a,sentence,,,3675b4c4603e
Sentence_for_entry_1179.m4a,sentence,,,92ee43cb6363
Sentence_for_entry_1180.m4a,sentence,,,0171d7cd3138
Sentence_for_entry_1181.m4a,sentence,,,09f2049a36ad
Sentence_for_entry_1182.m4a,sentence,,,9232088d1a0f
Sentence_for_entry_1183.m4a,sentence,,,7d69786d215c
Sentence_for_entry_1184.m4a,sentence,,,1eaa90182071
Sentence_for_entry_1185.m4a,sentence,,,9fa8125fccb9
Sentence_for_entry_1186.m4a,sentence,,,c8058a174c65
Sentence_for_entry_1187.m4a,sentence,,,7e66cdb519ef
Sentence_for_entry_1188.m4a,sentence,,,81bea19d197d
Sentence_for_entry_1189.m4a,sentence,,,f77013403256
Sentence_for_entry_1190.m4a,sentence,,,c5d7aae5d7f9
Sentence_for_entry_1191.m4a,sentence,,,3955bce1c6aa
Sentence_for_entry_1192_02.m4a,sentence,,,7a060c075bf6
Sentence_for_entry_1192_01.m4a,sentence,,,d78971496cd6
Sentence_for_entry_1193.m4a,sentence,,,3327062acd94
Sentence_for_entry_1194.m4a,sentence,,,6c6fd063bf1d
Sentence_for_entry_1195.m4a,sentence,,,b1409dc0e106
Sentence_for_entry_1196.m4a,sentence,,,13fbe9f12b03
Sentence_for_entry_1197.m4a,sentence,,,8ce3033899fb
Sentence_for_entry_1201.m4a,sentence,,,4005b7d714ae
Sentence_for_entry_1202.m4a,sentence,,,dcdf2652bfc0
Sentence_for_entry_1203.m4a,sentence,,,5776acff9b62
Sentence_for_entry_1205.m4a,sentence,,,f0f9873f1f6d
Sentence_for_entry_1206.m4a,sentence,,,ec30d5fe8293
Sentence_for_entry_1207.m4a,sentence,,,1128aa4b27bf
Sentence_for_entry_1208.m4a,sentence,,,cf5c294524f1
Sentence_for_entry_1209.m4a,sentence,,,cd587835dddc
Sentence_for_entry_1210.m4a,sentence,,,add3a6e9df73
Sentence_for_entry_1211.m4a,sentence,,,a4a6dcce6c72
Sentence_for_entry_1212.m4a,sentence,,,6d9d03a8e102
Sentence_for_entry_1213.m4a,sentence,,,5c89fd68d8d5
Sentence_for_entry_1214.m4a,sentence,,,22ee95e591de
Sentence_for_entry_1215.m4a,sentence,,,6b2a9d8959dc
Sentence_for_entry_1216.m4a,sentence,,,f87f3f75cd2f
Sentence_for_entry_1217.m4a,sentence,,,8fe8305d38a2
Sentence_for_entry_1218.m4a,sentence,,,4a85d2a56930
Sentence_for_entry_1219.m4a,sentence,,,fd35ee9742fd
Sentence_for_entry_1220.m4a,sentence,,,b6b831e2ab8a
Sentence_for_entry_1221.m4a,sentence,,,a62567f3a029
Sentence_for_entry_1222.m4a,sentence,,,8263675a22cd
Sentence_for_entry_1223.m4a,sentence,,,5459456eb529
Sentence_for_entry_1225.m4a,sentence,,,d2f7cf505082
Sentence_for_entry_1226.m4a,sentence,,,0d7a3b44b4fb
Sentence_for_entry_1227.m4a,sentence,,,541908bf8b0e
Sentence_for_entry_1228.m4a,sentence,,,707e1d07ad9d
Sentence_for_entry_1229.m4a,sentence,,,7084be575e1d
Sentence_for_entry_1230.m4a,sentence,,,fbd7626356dc
Sentence_for_entry_1231.m4a,sentence,,,48d42d3b7546
Sentence_for_entry_1232.m4a,sentence,,,bba247835240
Sentence_for_entry_1233.m4a,sentence,,,a31e35a9d5b3
Sentence_for_entry_1234.m4a,sentence,,,eaca9bc76abc
Sentence_for_entry_1235.m4a,sentence,,,023609048dae
Sentence_for_entry_1236.m4a,sentence,,,ca6afe84842a
Sentence_for_entry_1237.m4a,sentence,,,1157139005ea
Sentence_for_entry_1238.m4a,sentence,,,f1f4ba1e8ee5
Sentence_for_entry_1239.m4a,sentence,,,26d8d4d370b5
Sentence_for_entry_1240.m4a,sentence,,,2022f48099ce
Sentence_for_entry_1241.m4a,sentence,,,76b0b300e4de
Sentence_for_entry_1242.m4a,sentence,,,8609e073d0f7
Sentence_for_entry_1243.m4a,sentence,,,9e4563454e66
Sentence_for_entry_1244.m4a,sentence,,,9e9925156a17
Sentence_for_entry_1245.m4a,sentence,,,44d953e426eb
Sentence_for_entry_1246.m4a,sentence,,,d4521f0740bc
Sentence_for_entry_1247.m4a,sentence,,,5575eb86f0a2
Sentence_for_entry_1248.m4a,sentence,,,f3871a1c16d4
Sentence_for_entry_1249.m4a,sentence,,,21122c8bc822
Sentence_for_entry_1250.m4a,sentence,,,684b60aa8e66
Sentence_for_entry_1251.m4a,sentence,,,c4a61fd65a13
Sentence_for_entry_1252.m4a,sentence,,,15d2884afa6a
Sentence_for_entry_1253.m4a,sentence,,,714c750c42b9
Sentence_for_entry_1254.m4a,sentence,,,f66625491b11
Sentence_for_entry_1255.m4a,sentence,,,b17fa0f4c2d3
Sentence_for_entry_1256.m4a,sentence,,,4d34001071d9
Sentence_for_entry_1257.m4a,sentence,,,fe1aa3941a4e
Sentence_for_entry_1261.m4a,sentence,,,bd7d91f543cb
Sentence_for_entry_1262.m4a,sentence,,,4feef5c92997
Sentence_for_entry_1263.m4a,sentence,,,9ee5bf1f56fc
Sentence_for_entry_1264.m4a,sentence,,,7e0f447a3595
Sentence_for_entry_1265.m4a,sentence,,,b0b23b552827
Sentence_for_entry_1266.m4a,sentence,,,8bdbcd6b306d
Sentence_for_entry_1267.m4a,sentence,,,2fb44edbc640
Sentence_for_entry_1268.m4a,sentence,,,ea9e95a78d9c
Sentence_for_entry_1269.m4a,sentence,,,365dc623400c
Sentence_for_entry_1270.m4a,sentence,,,f4e167ab6b0e
Sentence_for_entry_1271.m4a,sentence,,,e4366fa0ad69
Sentence_for_entry_1272.m4a,sentence,,,5a849cc3709e
Sentence_for_entry_1273.m4a,sentence,,,b8bebaddc039
Sentence_for_entry_1274.m4a,sentence,,,e20015c2e592
Sentence_for_entry_1275.m4a,sentence,,,abf24cb6b54a
Sentence_for_entry_1276.m4a,sentence,,,2fff0f34d256
Sentence_for_entry_1277.m4a,sentence,,,f7db74ca1f85
Sentence_for_entry_1278.m4a,sentence,,,5cdb8ba6cb43
Sentence_for_entry_1279.m4a,sentence,,,ea9d71ea6d8c
Sentence_for_entry_1280.m4a,sentence,,,22521e01b21b
Sentence_for_entry_1281.m4a,sentence,,,a5adefa30fe9
Sentence_for_entry_1282.m4a,sentence,,,de38dcd35cba
Sentence_for_entry_1283.m4a,sentence,,,f622ed287054
Sentence_for_entry_1284.m4a,sentence,,,4287217e8b1b
Sentence_for_entry_1285.m4a,sentence,,,d3fde626441a
Sentence_for_entry_1286.m4a,sentence,,,96274ada3171
Sentence_for_entry_1287.m4a,sentence,,,ff63af64e6ab
Sentence_for_entry_1288.m4a,sentence,,,4fbe557aa196
Sentence_for_entry_1289.m4a,sentence,,,82618ca4fd5e
Sentence_for_entry_1290.m4a,sentence,,,af654462110e
Sentence_for_entry_1291.m4a,sentence,,,e5f8508f8d48
Sentence_for_entry_1292.m4a,sentence,,,267dd927bb06
Sentence_for_entry_1293.m4a,sentence,,,d02bc40233f2
Sentence_for_entry_1294.m4a,sentence,,,5a5407128d15
Sentence_for_entry_1295.m4a,sentence,,,2375b409b02d
Sentence_for_entry_1296_01.m4a,sentence,,,03242c342219
Sentence_for_entry_1296_02.m4a,sentence,,,e54232a127c3
Sentence_for_entry_1297.m4a,sentence,,,7b5ae5915c90
Sentence_for_entry_1298.m4a,sentence,,,e918e8c8b9a4
Sentence_for_entry_1299.m4a,sentence,,,da5ae24da7c2
Sentence_for_entry_1300.m4a,sentence,,,e494a1c89970
Sentence_for_entry_1301.m4a,sentence,,,8c0e13bb3141
Sentence_for_entry_1302.m4a,sentence,,,bb19a29db085
Sentence_for_entry_1303.m4a,sentence,,,67b564ba3b64
Sentence_for_entry_1304.m4a,sentence,,,e93799af5f2f
Sentence_for_entry_1305.m4a,sentence,,,739fc859194b
Sentence_for_entry_1306.m4a,sentence,,,70a809d66208
Sentence_for_entry_1307_02.m4a,sentence,,,4b0efb88af40
Sentence_for_entry_1307_01.m4a,sentence,,,8a6318a893dd
Sentence_for_entry_1308.m4a,sentence,,,e925557bed82
Sentence_for_entry_1309.m4a,sentence,,,7dfd54d41609
Sentence_for_entry_1310.m4a,sentence,,,e08c535caf81
Sentence_for_entry_1311.m4a,sentence,,,699e3308313a
Sentence_for_entry_1312.m4a,sentence,,,972c389c9d42
Sentence_for_entry_1313.m4a,sentence,,,564a2de51024
Sentence_for_entry_1314_01.m4a,sentence,,,1f63b77cebf0
Sentence_for_entry_1314_02.m4a,sentence,,,d0c82803df21
Sentence_for_entry_1315.m4a,sentence,,,84905c5025a0
Sentence_for_entry_1316.m4a,sentence,,,3543bd881ee0
Sentence_for_entry_1319.m4a,sentence,,,4d716234571c
Sentence_for_entry_1320.m4a,sentence,,,d9d5079a11b2
Sentence_for_entry_1321.m4a,sentence,,,d86aed92bcba
Sentence_for_entry_1322.m4a,sentence,,,5226311a4912
Sentence_for_entry_1323.m4a,sentence,,,1544dc6b10dd
Sentence_for_entry_1324_02.m4a,sentence,,,4787349e1a02
Sentence_for_entry_1324_01.m4a,sentence,,,8d315d71d051
Sentence_for_entry_1325.m4a,sentence,,,c30573067e27
Sentence_for_entry_1326.m4a,sentence,,,1c5027f3426c
Sentence_for_entry_1327.m4a,sentence,,,082c733b6007
Sentence_for_entry_1328.m4a,sentence,,,62e190fb5267
Sentence_for_entry_1329.m4a,sentence,,,d34f430cb593
Sentence_for_entry_1330.m4a,sentence,,,1cd39e6e1e02
Sentence_for_entry_1331.m4a,sentence,,,9fd6a1bc3afd
Sentence_for_entry_1332.m4a,sentence,,,420d5e8b0c74
Sentence_for_entry_1333.m4a,sentence,,,c5b260c10516
Sentence_for_entry_1334.m4a,sentence,,,9d30f416a06c
Sentence_for_entry_1335.m4a,sentence,,,fda09a5f1a6d
Sentence_for_entry_1336.m4a,sentence,,,a67dd7a8ae53
Sentence_for_entry_1337.m4a,sentence,,,f9bbd222908b
Sentence_for_entry_1338.m4a,sentence,,,31ba75975054
Sentence_for_entry_1339.m4a,sentence,,,046ac6a44e82
Sentence_for_entry_1340.m4a,sentence,,,697f53333cc5
Sentence_for_entry_1341.m4a,sentence,,,a458f12ed836
Sentence_for_entry_1342.m4a,sentence,,,ab0e9cbb4c51
Sentence_for_entry_1343.m4a,sentence,,,4729e336b682
Sentence_for_entry_1344.m4a,sentence,,,2b15600e5da5
Sentence_for_entry_1345.m4a,sentence,,,0d99d702b215
Sentence_for_entry_1346.m4a,sentence,,,82c7176d1fe4
Sentence_for_entry_1347.m4a,sentence,,,eeb80eb93015
Sentence_for_entry_1348.m4a,sentence,,,3680df3ade69
Sentence_for_entry_1349.m4a,sentence,,,39faf8db17f6
Sentence_for_entry_1352.m4a,sentence,,,694d441ca414
Sentence_for_entry_1353.m4a,sentence,,,348d0ab357d2
Sentence_for_entry_1355.m4a,sentence,,,d950ee8c082f
Sentence_for_entry_1356.m4a,sentence,,,13e85d6fb117
Sentence_for_entry_1357.m4a,sentence,,,7d2fed573c2c
Sentence_for_entry_1359.m4a,sentence,,,cd170c69a4f4
Sentence_for_entry_1362.m4a,sentence,,,ff7b17e98ccc
Sentence_for_entry_1363_02.m4a,sentence,,,a50d33ce0149
Sentence_for_entry_1363_01.m4a,sentence,,,aa59fc923c56
Sentence_for_entry_1364.m4a,sentence,,,8e1ebf617bc4
Sentence_for_entry_1365.m4a,sentence,,,779df3ee3872
Sentence_for_entry_1366.m4a,sentence,,,17ba9308f02c
Sentence_for_entry_1367.m4a,sentence,,,9a56e0569790
Sentence_for_entry_1368_01.m4a,sentence,,,152f32941d39
Sentence_for_entry_1368_02.m4a,sentence,,,93bc1ebc2639
Sentence_for_entry_1369.m4a,sentence,,,5bcb6a146e16
Sentence_for_entry_1370.m4a,sentence,,,f2b916706b8d
Sentence_for_entry_1371.m4a,sentence,,,a78717694d6b
Sentence_for_entry_1372.m4a,sentence,,,9871e2291faf
Sentence_for_entry_1373.m4a,sentence,,,57efba1fe7a8
Sentence_for_entry_1374.m4a,sentence,,,12622524531c
Sentence_for_entry_1375.m4a,sentence,,,808b49aeb273
Sentence_for_entry_1376.m4a,sentence,,,06cb8cd83e39
Sentence_for_entry_1377.m4a,sentence,,,579de2444eb7
Sentence_for_entry_1378.m4a,sentence,,,b063562605a9
Sentence_for_entry_1379.m4a,sentence,,,e75b184286a5
Sentence_for_entry_1380.m4a,sentence,,,68b7612a80b6
Sentence_for_entry_1381.m4a,sentence,,,772caf08eec5
Sentence_for_entry_1382.m4a,sentence,,,d9d2c5c22e99
Sentence_for_entry_1383.m4a,sentence,,,82a59f72554d
Sentence_for_entry_1384.m4a,sentence,,,c735fd5b5030
Sentence_for_entry_1385.m4a,sentence,,,4c11b78501e6
Sentence_for_entry_1386.m4a,sentence,,,15386cd2787b
Sentence_for_entry_1387.m4a,sentence,,,c7f074c194ce
Sentence_for_entry_1388.m4a,sentence,,,4b39e01d833a
Sentence_for_entry_1389.m4a,sentence,,,007c6a9d62be
Sentence_for_entry_1390.m4a,sentence,,,2fd0388ec750
Sentence_for_entry_1391.m4a,sentence,,,d7ace08a9dd0
Sentence_for_entry_1392.m4a,sentence,,,2f054b84e40b
Sentence_for_entry_1393.m4a,sentence,,,aca90520579a
Sentence_for_entry_1394.m4a,sentence,,,1bca1b70d0b7
Sentence_for_entry_1395.m4a,sentence,,,c00ad9dc94bb
Sentence_for_entry_1396_01.m4a,sentence,,,437f494be69c
Sentence_for_entry_1396_02.m4a,sentence,,,d74f8c51400c
Sentence_for_entry_1399.m4a,sentence,,,9b11a35cbed2
Sentence_for_entry_1400.m4a,sentence,,,dfbd33d94551
Sentence_for_entry_1401.m4a,sentence,,,363350a27432
Sentence_for_entry_1404.m4a,sentence,,,f44c33f55d9a
Sentence_for_entry_1406.m4a,sentence,,,b2889e3cf594
Sentence_for_entry_1407.m4a,sentence,,,6930202a7914
Sentence_for_entry_1410_02.m4a,sentence,,,75c1a8f20fbe
Sentence_for_entry_1410.m4a,sentence,,,ffc7a19e76ce
Sentence_for_entry_1411.m4a,sentence,,,50bdcac032f0
Sentence_for_entry_1412.m4a,sentence,,,d601987d9bbf
Sentence_for_entry_1413.m4a,sentence,,,a69e29a8b15c
Sentence_for_entry_1414.m4a,sentence,,,22a79fda12e8
Sentence_for_entry_1415.m4a,sentence,,,a1ac3eeaabc6
Sentence_for_entry_1416.m4a,sentence,,,2323a7fe447c
Sentence_for_entry_1417.m4a,sentence,,,3d323b3c0892
Sentence_for_entry_1419.m4a,sentence,,,ea14df8e2bdf
Sentence_for_entry_1420.m4a,sentence,,,fa88e057edd8
Sentence_for_entry_1421.m4a,sentence,,,badbdb31e841
Sentence_for_entry_1422.m4a,sentence,,,a967a52759f4
Sentence_for_entry_1423.m4a,sentence,,,06d7561e8cae
Sentence_for_entry_1424.m4a,sentence,,,828880b88aaa
Sentence_for_entry_1425.m4a,sentence,,,127ffa813121
Sentence_for_entry_1426_02.m4a,sentence,,,670db95f577f
Sentence_for_entry_1426_01.m4a,sentence,,,ce251b45ed69
Sentence_for_entry_1427.m4a,sentence,,,1d4553133b69
Sentence_for_entry_1429.m4a,sentence,,,3af983cc4373
Sentence_for_entry_1430.m4a,sentence,,,9ad1e30fc3d0
Sentence_for_entry_1431.m4a,sentence,,,aee9f1726bfb
Sentence_for_entry_1433.m4a,sentence,,,3b30f5056131
Sentence_for_entry_1434.m4a,sentence,,,ee241df422fe
Sentence_for_entry_1435.m4a,sentence,,,44cddf937ed3
Sentence_for_entry_1436.m4a,sentence,,,81b5202eabd5
Sentence_for_entry_1437.m4a,sentence,,,59c1b7268321
Sentence_for_entry_1438.m4a,sentence,,,19891123e4db
Sentence_for_entry_1439.m4a,sentence,,,9c6ea43db40a
Sentence_for_entry_1441.m4a,sentence,,,05f4e41bf24f
Sentence_for_entry_1442.m4a,sentence,,,e4aeeb168c28
Sentence_for_entry_1443.m4a,sentence,,,b813a5758bf6
Sentence_for_entry_1444.m4a,sentence,,,6ed0e9168f5f
Sentence_for_entry_1445.m4a,sentence,,,ac3ea1ad0e4f
Sentence_for_entry_1446.m4a,sentence,,,19465f60d115
Sentence_for_entry_1447.m4a,sentence,,,8f285aaa44d9
Sentence_for_entry_1450.m4a,sentence,,,7e4c2ec924c8
Sentence_for_entry_1451.m4a,sentence,,,a6fb49810fdf
Sentence_for_entry_1452.m4a,sentence,,,170d36359ff8
Sentence_for_entry_1453_02.m4a,sentence,,,a72457ab3b66
Sentence_for_entry_1453_01.m4a,sentence,,,d22b36c54a3f
Sentence_for_entry_1454.m4a,sentence,,,6e83bcffc9de
Sentence_for_entry_1455.m4a,sentence,,,d6553795a3a2
Sentence_for_entry_1456.m4a,sentence,,,d23be083572e
Sentence_for_entry_1458.m4a,sentence,,,e9286f6e5cda
Sentence_for_entry_1459.m4a,sentence,,,4f27ca2ef863
Sentence_for_entry_1460.m4a,sentence,,,628d4174298c
Sentence_for_entry_1461.m4a,sentence,,,2cc3ad1119ce
Sentence_for_entry_1462.m4a,sentence,,,2083c089f0b1
Sentence_for_entry_1463.m4a,sentence,,,ff8976c9d17f
Sentence_for_entry_1464.m4a,sentence,,,96c05ee95079
Sentence_for_entry_1465_01.m4a,sentence,,,127d12a83821
Sentence_for_entry_1465_02.m4a,sentence,,,d817921ecfd1
Sentence_for_entry_1466.m4a,sentence,,,8ae5720c8207
Sentence_for_entry_1467.m4a,sentence,,,9225daa1cbd6
Sentence_for_entry_1468.m4a,sentence,,,644e7c8f3ddf
Sentence_for_entry_1469.m4a,sentence,,,4b054a674586
Sentence_for_entry_1470.m4a,sentence,,,2fad1f59ac3b
Sentence_for_entry_1471.m4a,sentence,,,35a630eb8668
Sentence_for_entry_1472.m4a,sentence,,,a29c3e38b8d6
Sentence_for_entry_1473.m4a,sentence,,,a580f1df1be0
Sentence_for_entry_1474.m4a,sentence,,,20597dce0ba3
Sentence_for_entry_1475.m4a,sentence,,,37cd7f3b6e1b
Sentence_for_entry_1476.m4a,sentence,,,42daf57bda1a
Sentence_for_entry_1477.m4a,sentence,,,a5e77ca4d583
Sentence_for_entry_1478.m4a,sentence,,,a2dee5f64b00
Sentence_for_entry_1479.m4a,sentence,,,933d91d63ecc
Sentence_for_entry_1480.m4a,sentence,,,9226710622e8
Sentence_for_entry_1481.m4a,sentence,,,c280ca1e1ee0
Sentence_for_entry_1482.m4a,sentence,,,30efd50bc52a
Sentence_for_entry_1483.m4a,sentence,,,d066cc00d6aa
Sentence_for_entry_1484.m4a,sentence,,,4d64bc3d8521
Sentence_for_entry_1485.m4a,sentence,,,b289fef83232
Sentence_for_entry_1486.m4a,sentence,,,839c01975dd3
Sentence_for_entry_1487.m4a,sentence,,,617fff2b69c5
Sentence_for_entry_1488.m4a,sentence,,,228370856fa0
Sentence_for_entry_1489.m4a,sentence,,,8559db8287ad
Sentence_for_entry_1490.m4a,sentence,,,09dc4caa2190
Sentence_for_entry_1491.m4a,sentence,,,43916ffd14e2
Sentence_for_entry_1492.m4a,sentence,,,9670035c2ad9
Sentence_for_entry_1493.m4a,sentence,,,faff90d398c6
Sentence_for_entry_1494.m4a,sentence,,,65c80b7017b1
Sentence_for_entry_1495.m4a,sentence,,,4e5a3a43295c
Sentence_for_entry_1496.m4a,sentence,,,cf73d7d7d132
Sentence_for_entry_1497.m4a,sentence,,,e2f4ffa8a887
Sentence_for_entry_1498.m4a,sentence,,,8845724372fa
Sentence_for_entry_1499.m4a,sentence,,,67683f62886b
Sentence_for_entry_1500.m4a,sentence,,,fc4eadb059ce
Sentence_for_entry_1501.m4a,sentence,,,6920d731b5bd
Sentence_for_entry_1502.m4a,sentence,,,d68e3b55427b
Sentence_for_entry_1503.m4a,sentence,,,ffd6419bb00d
Sentence_for_entry_1504.m4a,sentence,,,2b0ba370d7c3
Sentence_for_entry_1505.m4a,sentence,,,9db1d758eb47
Sentence_for_entry_1506.m4a,sentence,,,79b1e4bd3ffa
Sentence_for_entry_1507.m4a,sentence,,,a7c80286a023
Sentence_for_entry_1508.m4a,sentence,,,a9bb22966609
Sentence_for_entry_1509.m4a,sentence,,,78d853b66769
Sentence_for_entry_1510_01.m4a,sentence,,,74cd2bd14bd2
Sentence_for_entry_1510_02.m4a,sentence,,,9d951723d25d
Sentence_for_entry_1511.m4a,sentence,,,b4aa8d71309c
Sentence_for_entry_1512.m4a,sentence,,,92cb6541a9f7
Sentence_for_entry_1513.m4a,sentence,,,18c75bab31dd
Sentence_for_entry_1514.m4a,sentence,,,cd6e0d753eef
Sentence_for_entry_1516.m4a,sentence,,,2d6c84e3d45c
Sentence_for_entry_1517.m4a,sentence,,,2765c1b79f30
Sentence_for_entry_1518.m4a,sentence,,,56a045180165
Sentence_for_entry_1519.m4a,sentence,,,a182077a6fd2
Sentence_for_entry_1520.m4a,sentence,,,3b2b87a878c4
Sentence_for_entry_1521.m4a,sentence,,,6b3c26099d62
Sentence_for_entry_1522.m4a,sentence,,,5f0928904f0f
Sentence_for_entry_1523.m4a,sentence,,,96921e06b3d2
Sentence_for_entry_1524.m4a,sentence,,,91fae75a1faa
Sentence_for_entry_1525.m4a,sentence,,,0284604e13c2
Sentence_for_entry_1526.m4a,sentence,,,3073cf5c145b
Sentence_for_entry_1527.m4a,sentence,,,eaa2836e124b
Sentence_for_entry_1528.m4a,sentence,,,e6cf79ae342c
Sentence_for_entry_1529.m4a,sentence,,,f5494af5365a
Sentence_for_entry_1530.m4a,sentence,,,cc937e786121
Sentence_for_entry_1531.m4a,sentence,,,dd0413c23dc7
Sentence_for_entry_1532.m4a,sentence,,,8985c33de42c
Sentence_for_entry_1533.m4a,sentence,,,d4600140da5b
Sentence_for_entry_1534.m4a,sentence,,,b15d224aa6aa
Sentence_for_entry_1535.m4a,sentence,,,d248a81677eb
Sentence_for_entry_1536.m4a,sentence,,,42fdcfab27df
Sentence_for_entry_1537.m4a,sentence,,,4d810494f158
Sentence_for_entry_1538.m4a,sentence,,,b840edd45677
Sentence_for_entry_1539.m4a,sentence,,,ca0a94eaff23
Sentence_for_entry_1540.m4a,sentence,,,6c372a855f01
Sentence_for_entry_1541.m4a,sentence,,,c5099713a755
Sentence_for_entry_1542.m4a,sentence,,,c6d19a2c6cfc
Sentence_for_entry_1543.m4a,sentence,,,e5e12d53f6ed
Sentence_for_entry_1544.m4a,sentence,,,794acdaf1c5c
Sentence_for_entry_1545.m4a,sentence,,,6ec1a31c051c
Sentence_for_entry_1546.m4a,sentence,,,70b3cd912c19
Sentence_for_entry_1547.m4a,sentence,,,c19f5031f0d8
Sentence_for_entry_1548.m4a,sentence,,,64ec29f49b49
Sentence_for_entry_1549.m4a,sentence,,,73a700e390ba
Sentence_for_entry_1550.m4a,sentence,,,38784e910cf0
Sentence_for_entry_1551.m4a,sentence,,,f0e97110df91
Sentence_for_entry_1552.m4a,sentence,,,0fccb947dca7
Sentence_for_entry_1553.m4a,sentence,,,ceea2ccecf9f
Sentence_for_entry_1554.m4a,sentence,,,8ae7fae98ee9
Sentence_for_entry_1555.m4a,sentence,,,1948588b9cf0
Sentence_for_entry_1556.m4a,sentence,,,75af6240ffb1
Sentence_for_entry_1557.m4a,sentence,,,99b8fd53bfd0
Sentence_for_entry_1558.m4a,sentence,,,ed507d4f9200
Sentence_for_entry_1559.m4a,sentence,,,b59e4fe62ee4
Sentence_for_entry_1560.m4a,sentence,,,65801e83664e
Sentence_for_entry_1561.m4a,sentence,,,869906c3abc6
Sentence_for_entry_1562.m4a,sentence,,,2d91821a8927
Sentence_for_entry_1563.m4a,sentence,,,fd0be7af11a9
Sentence_for_entry_1564.m4a,sentence,,,c55872aec32c
Sentence_for_entry_1565.m4a,sentence,,,c62cc04f0adb
Sentence_for_entry_1566.m4a,sentence,,,98d73920cc45
Sentence_for_entry_1567.m4a,sentence,,,8bdd4746c123
Sentence_for_entry_1568.m4a,sentence,,,d63206caace3
Sentence_for_entry_1569.m4a,sentence,,,0a2bb097318d
Sentence_for_entry_1570.m4a,sentence,,,55ec398aad58
Sentence_for_entry_1571.m4a,sentence,,,29350b6f733a
Sentence_for_entry_1572.m4a,sentence,,,e786bf247e8d
Sentence_for_entry_1573.m4a,sentence,,,e32d723b2059
Sentence_for_entry_1574.m4a,sentence,,,505d6836461d
Sentence_for_entry_1575.m4a,sentence,,,849809150504
Sentence_for_entry_1576.m4a,sentence,,,113de0f82298
Sentence_for_entry_1577.m4a,sentence,,,cb166ec2e657
Sentence_for_entry_1578.m4a,sentence,,,af2119ca4f0f
Sentence_for_entry_1579.m4a,sentence,,,6fe39a7ec10a
Sentence_for_entry_1580_02.m4a,sentence,,,46d7199336b0
Sentence_for_entry_1580_01.m4a,sentence,,,b2c4c79f5e4a
Sentence_for_entry_1581.m4a,sentence,,,32f67cd891f1
Sentence_for_entry_1582_01.m4a,sentence,,,33e4f8a3897d
Sentence_for_entry_1582_02.m4a,sentence,,,41715b923a90
Sentence_for_entry_1583.m4a,sentence,,,41296ab747f7
Sentence_for_entry_1584.m4a,sentence,,,a83cff638a4e
Sentence_for_entry_1585.m4a,sentence,,,ae445a41f24d
Sentence_for_entry_1586.m4a,sentence,,,ec923824dba3
Sentence_for_entry_1587.m4a,sentence,,,3830baee55c3
Sentence_for_entry_1588.m4a,sentence,,,3f96e56c1eaa
Sentence_for_entry_1589.m4a,sentence,,,f2dffcd1ecea
Sentence_for_entry_1590.m4a,sentence,,,d23f3a7e2a10
Sentence_for_entry_1591.m4a,sentence,,,8684ba047e09
Sentence_for_entry_1592.m4a,sentence,,,88656fa3057f
Sentence_for_entry_1593.m4a,sentence,,,3fc3210e2880
Sentence_for_entry_1594.m4a,sentence,,,08316cb18c61
Sentence_for_entry_1595.m4a,sentence,,,12a2f3d17b90
Sentence_for_entry_1596.m4a,sentence,,,c6f9b4ab1bbe
Sentence_for_entry_1597.m4a,sentence,,,10df409c5311
Sentence_for_entry_1598.m4a,sentence,,,1a240c2919d8
Sentence_for_entry_1599.m4a,sentence,,,125794b060ce
Sentence_for_entry_1600.m4a,sentence,,,cc9b8e304270
Sentence_for_entry_1601.m4a,sentence,,,bd13f457a995
Sentence_for_entry_1602.m4a,sentence,,,3a4f1e94780a
Sentence_for_entry_1603.m4a,sentence,,,4e4905d938a3
Sentence_for_entry_1604.m4a,sentence,,,0442f6b0080f
Sentence_for_entry_1605.m4a,sentence,,,34e59b5ae2f6
Sentence_for_entry_1606.m4a,sentence,,,6e7488fd94e1
Sentence_for_entry_1607.m4a,sentence,,,9825d2932c84
Sentence_for_entry_1608.m4a,sentence,,,2531cdb7bfe5
Sentence_for_entry_1609.m4a,sentence,,,4808b68dca4c
Sentence_for_entry_1610.m4a,sentence,,,9cb1f2f9213a
Sentence_for_entry_1611.m4a,sentence,,,656da2a318ec
Sentence_for_entry_1612.m4a,sentence,,,a62b8dbc5a12
Sentence_for_entry_1613.m4a,sentence,,,3a30c98c056c
Sentence_for_entry_1614.m4a,sentence,,,e35854cdae67
Sentence_for_entry_1615.m4a,sentence,,,8c2c99ba3446
Sentence_for_entry_1616.m4a,sentence,,,28ef3f25419b
Sentence_for_entry_1617.m4a,sentence,,,2083b93c3fa6
Sentence_for_entry_1618.m4a,sentence,,,10c1aa974986
Sentence_for_entry_1619.m4a,sentence,,,cdff60fdb1f4
Sentence_for_entry_1620.m4a,sentence,,,160f3028c631
Sentence_for_entry_1621.m4a,sentence,,,060d809d282d
Sentence_for_entry_1622.m4a,sentence,,,cfe167070231
Sentence_for_entry_1623.m4a,sentence,,,4b19af467c0b
Sentence_for_entry_1624.m4a,sentence,,,cd062453e666
Sentence_for_entry_1625.m4a,sentence,,,a6adf1489d5d
Sentence_for_entry_1626.m4a,sentence,,,bb020728a01d
Sentence_for_entry_1627.m4a,sentence,,,821701c38ec0
Sentence_for_entry_1628.m4a,sentence,,,3ab9d68e07c2
Sentence_for_entry_1629.m4a,sentence,,,db7fff00d44f
Sentence_for_entry_1630.m4a,sentence,,,ef455ea6f789
Sentence_for_entry_1631.m4a,sentence,,,b42ee5f9b863
Sentence_for_entry_1632.m4a,sentence,,,c9ea6324568a
Sentence_for_entry_1633.m4a,sentence,,,a60681c4e8a3
Sentence_for_entry_1634.m4a,sentence,,,23629560f7c5
Sentence_for_entry_1635.m4a,sentence,,,0571a67a79ef
Sentence_for_entry_1636.m4a,sentence,,,d426475ced8a
Sentence_for_entry_1637.m4a,sentence,,,6ac8da08c88b
Sentence_for_entry_1638.m4a,sentence,,,d6be79f75e5a
Sentence_for_entry_1639.m4a,sentence,,,6eb65d4c2f6d
Sentence_for_entry_1640.m4a,sentence,,,bfefd61ea3a7
Sentence_for_entry_1641.m4a,sentence,,,86608660122d
Sentence_for_entry_1642.m4a,sentence,,,1a781f5edcac
Sentence_for_entry_1643.m4a,sentence,,,632a556f91a6
Sentence_for_entry_1644.m4a,sentence,,,5690d9b828d3
Sentence_for_entry_1645.m4a,sentence,,,d180c3a75666
Sentence_for_entry_1646.m4a,sentence,,,7152a81a5ab6
Sentence_for_entry_1647.m4a,sentence,,,945607cb1fe3
Sentence_for_entry_1648.m4a,sentence,,,f6eaed526945
Sentence_for_entry_1649.m4a,sentence,,,7e64c5ae4d5a
Sentence_for_entry_1650.m4a,sentence,,,637777f57429
Sentence_for_entry_1651.m4a,sentence,,,d21def806421
Sentence_for_entry_1652.m4a,sentence,,,9f8095c44c9e
Sentence_for_entry_1653.m4a,sentence,,,19b411fc5d24
Sentence_for_entry_1654.m4a,sentence,,,a23b3b9cf07b
Sentence_for_entry_1655.m4a,sentence,,,8684f0cb3a17
Sentence_for_entry_1656.m4a,sentence,,,20b4ef787774
Sentence_for_entry_1657.m4a,sentence,,,3be86209d197
Sentence_for_entry_1659.m4a,sentence,,,11423b3c008b
Sentence_for_entry_1660.m4a,sentence,,,2c259a49a13b
Sentence_for_entry_1661.m4a,sentence,,,e16f948cc0c5
Sentence_for_entry_1662.m4a,sentence,,,009b2aa0d924
Sentence_for_entry_1663.m4a,sentence,,,a42bab8352af
Sentence_for_entry_1664.m4a,sentence,,,02b61f55a7a8
Sentence_for_entry_1665.m4a,sentence,,,bb1cad1e869c
Sentence_for_entry_1666.m4a,sentence,,,103959516e18
Sentence_for_entry_1667.m4a,sentence,,,d3f509e51a76
Sentence_for_entry_1668.m4a,sentence,,,179e093c6870
Sentence_for_entry_1669.m4a,sentence,,,60bfdafb0f4a
Sentence_for_entry_1670.m4a,sentence,,,053152ea8272
Sentence_for_entry_1671.m4a,sentence,,,b16517210f84
Sentence_for_entry_1672.m4a,sentence,,,a9254a00ec0d
Sentence_for_entry_1673.m4a,sentence,,,98c5bd695627
Sentence_for_entry_1674.m4a,sentence,,,92da40b489fa
Sentence_for_entry_1675.m4a,sentence,,,42eb92575e8a
Sentence_for_entry_1676.m4a,sentence,,,3612f28fc2a8
Sentence_for_entry_1677.m4a,sentence,,,616527522bd7
Sentence_for_entry_1678.m4a,sentence,,,75780f780be7
Sentence_for_entry_1679.m4a,sentence,,,0f970bb79e4e
Sentence_for_entry_1680.m4a,sentence,,,e3b85a55c2e3
Sentence_for_entry_1681.m4a,sentence,,,6e6dee976228
Sentence_for_entry_1682_01.m4a,sentence,,,411de3a8dca1
Sentence_for_entry_1682_02.m4a,sentence,,,66b6cfd8aa6d
Sentence_for_entry_1683.m4a,sentence,,,6132c3d4cad7
Sentence_for_entry_1684.m4a,sentence,,,1ee1450cd87f
Sentence_for_entry_1685.m4a,sentence,,,e95d1e8093b1
Sentence_for_entry_1686_02.m4a,sentence,,,51b8c1bc86e3
Sentence_for_entry_1686_01.m4a,sentence,,,9589b0992138
Sentence_for_entry_1687.m4a,sentence,,,17ad4da78942
Sentence_for_entry_1688.m4a,sentence,,,7d327661d3d9
Sentence_for_entry_1689.m4a,sentence,,,90968bac3755
Sentence_for_entry_1690.m4a,sentence,,,db71e78c6ffb
Sentence_for_entry_1691.m4a,sentence,,,21b182b8acfe
Sentence_for_entry_1692.m4a,sentence,,,65223a28ee9c
Sentence_for_entry_1693.m4a,sentence,,,ba4492e12503
Sentence_for_entry_1694.m4a,sentence,,,984d93e24062
Sentence_for_entry_1695.m4a,sentence,,,3f452432089c
Sentence_for_entry_1696.m4a,sentence,,,fe8659e6da96
Sentence_for_entry_1697.m4a,sentence,,,42407904f299
Sentence_for_entry_1698.m4a,sentence,,,9f8a09b576b9
Sentence_for_entry_1699.m4a,sentence,,,3ec9af6afed0
Sentence_for_entry_1700.m4a,sentence,,,fab74893b264
Sentence_for_entry_1701.m4a,sentence,,,7e031e91e6e2
Sentence_for_entry_1702.m4a,sentence,,,77833ce4c72a
Sentence_for_entry_1703.m4a,sentence,,,12f456ddf864
Sentence_for_entry_1704.m4a,sentence,,,a10c4622e2a1
Sentence_for_entry_1705.m4a,sentence,,,e871d24944a7
Sentence_for_entry_1706.m4a,sentence,,,9ae39242f715
Sentence_for_entry_1707.m4a,sentence,,,76284741e5c0
Sentence_for_entry_1708.m4a,sentence,,,aedf95cf85cf
Sentence_for_entry_1709.m4a,sentence,,,c6c4ea69e3be
Sentence_for_entry_1710.m4a,sentence,,,b1e8bd1a4d35
Sentence_for_entry_1711.m4a,sentence,,,e751fb72977d
Sentence_for_entry_1712.m4a,sentence,,,ef5e445e4701
Sentence_for_entry_1713.m4a,sentence,,,b55b4eaa81a6
Sentence_for_entry_1714.m4a,sentence,,,39947fbf0696
Sentence_for_entry_1715_01.m4a,sentence,,,44413b37819e
Sentence_for_entry_1715_02.m4a,sentence,,,8e7f75600026
Sentence_for_entry_1716.m4a,sentence,,,fc0e870c8deb
Sentence_for_entry_1717.m4a,sentence,,,b428aecbf595
Sentence_for_entry_1718.m4a,sentence,,,018ecb506afd
Sentence_for_entry_1719.m4a,sentence,,,435b30b98e26
Sentence_for_entry_1721.m4a,sentence,,,9dac46ad4f0b
Sentence_for_entry_1722.m4a,sentence,,,03c089fbd756
Sentence_for_entry_1723.m4a,sentence,,,0f1264c4e918
Sentence_for_entry_1724.m4a,sentence,,,c31ebbc695b0
Sentence_for_entry_1725.m4a,sentence,,,43ee11493a78
Sentence_for_entry_1726.m4a,sentence,,,d9da6efc6b46
Sentence_for_entry_1727.m4a,sentence,,,e9a85ed468fc
Sentence_for_entry_1728.m4a,sentence,,,36f46cc22751
Sentence_for_entry_1729.m4a,sentence,,,8718f9472721
Sentence_for_entry_1730.m4a,sentence,,,5236166b9eac
Sentence_for_entry_1731.m4a,sentence,,,43bd8cb4456f
Sentence_for_entry_1732_01.m4a,sentence,,,4648a84a30fd
Sentence_for_entry_1732_02.m4a,sentence,,,7c7f47e07665
Sentence_for_entry_1733.m4a,sentence,,,280b30e26942
Sentence_for_entry_1734.m4a,sentence,,,c376ff95a461
Sentence_for_entry_1735.m4a,sentence,,,bc77ad75d584
Sentence_for_entry_1736.m4a,sentence,,,5a36822c2a19
Sentence_for_entry_1737.m4a,sentence,,,c7ea38021ceb
Sentence_for_entry_1738.m4a,sentence,,,f49ad662ff43
Sentence_for_entry_1739.m4a,sentence,,,88eff8740648
Sentence_for_entry_1740.m4a,sentence,,,2c2a5d94ad90
Sentence_for_entry_1741.m4a,sentence,,,7e8e3cd04d37
Sentence_for_entry_1742.m4a,sentence,,,be044e4d5bec
Sentence_for_entry_1743.m4a,sentence,,,385fb6d904bf
Sentence_for_entry_1744.m4a,sentence,,,4071d0e2ba1a
Sentence_for_entry_1745.m4a,sentence,,,ecf9484b7655
Sentence_for_entry_1746.m4a,sentence,,,5497b013cefc
Sentence_for_entry_1747.m4a,sentence,,,c5fadc40e971
Sentence_for_entry_1748.m4a,sentence,,,31c542023321
Sentence_for_entry_1749.m4a,sentence,,,9157436e3c36
Sentence_for_entry_1750.m4a,sentence,,,daca50ee2848
Sentence_for_entry_1751.m4a,sentence,,,5feb46fc3f50
Sentence_for_entry_1752.m4a,sentence,,,28726a81913b
Sentence_for_entry_1753.m4a,sentence,,,d357b528e953
Sentence_for_entry_1754.m4a,sentence,,,e90352637fde
Sentence_for_entry_1755.m4a,sentence,,,1af27ca10267
Sentence_for_entry_1756.m4a,sentence,,,9a558779adbd
Sentence_for_entry_1757.m4a,sentence,,,60261be9b9ca
Sentence_for_entry_1758.m4a,sentence,,,6cb161585ce9
Sentence_for_entry_1759.m4a,sentence,,,826b182c7203
Sentence_for_entry_1760.m4a,sentence,,,031cbc0a1b28
Sentence_for_entry_1761.m4a,sentence,,,cebb8474171b
Sentence_for_entry_1762.m4a,sentence,,,ce2e1da698ed
Sentence_for_entry_1763.m4a,sentence,,,b20ef9ff20bc
Sentence_for_entry_1764.m4a,sentence,,,13adcbb434e9
Sentence_for_entry_1765.m4a,sentence,,,e90a6c7a848f
Sentence_for_entry_1766.m4a,sentence,,,be09cd938393
Sentence_for_entry_1767.m4a,sentence,,,67a0eea67754
Sentence_for_entry_1768.m4a,sentence,,,7684b003cb76
Sentence_for_entry_1769.m4a,sentence,,,9eb2487a08e6
Sentence_for_entry_1770.m4a,sentence,,,6f1393ab9292
Sentence_for_entry_1771_02.m4a,sentence,,,9cdc578c5a26
Sentence_for_entry_1771_01.m4a,sentence,,,ff8703609b7c
Sentence_for_entry_1773.m4a,sentence,,,5b795f0191cf
Sentence_for_entry_1774.m4a,sentence,,,d7e01ab162d2
Sentence_for_entry_1775.m4a,sentence,,,46e36bc2fb78
Sentence_for_entry_1776.m4a,sentence,,,282c4e841f30
Sentence_for_entry_1777.m4a,sentence,,,eb7a089d0f54
Sentence_for_entry_1778.m4a,sentence,,,b268edc26470
Sentence_for_entry_1779.m4a,sentence,,,699065b4a396
Sentence_for_entry_1780.m4a,sentence,,,3e8b32c1b428
Sentence_for_entry_1781.m4a,sentence,,,2b2138ad30b3
Sentence_for_entry_1782.m4a,sentence,,,a00e01cb73b2
Sentence_for_entry_1783.m4a,sentence,,,62c07e1a91cd
Sentence_for_entry_1784.m4a,sentence,,,3d03c033cd57
Sentence_for_entry_1785.m4a,sentence,,,45ba9281204a
Sentence_for_entry_1786.m4a,sentence,,,ba4c97ab499d
Sentence_for_entry_1787.m4a,sentence,,,94d07c38edc5
Sentence_for_entry_1788.m4a,sentence,,,3685f2a1a63c
Sentence_for_entry_1789.m4a,sentence,,,f416fa39660f
Sentence_for_entry_1790.m4a,sentence,,,4dd6cde81c0d
Sentence_for_entry_1791.m4a,sentence,,,87e8de53b915
Sentence_for_entry_1792.m4a,sentence,,,b4f09b63efb4
Sentence_for_entry_1793.m4a,sentence,,,ccf699e7fd9d
Sentence_for_entry_1794.m4a,sentence,,,13ea847c361a
Sentence_for_entry_1795_01.m4a,sentence,,,5186c45cdc45
Sentence_for_entry_1795_02.m4a,sentence,,,730ec3510f29
Sentence_for_entry_1796_02.m4a,sentence,,,3c874ee89995
Sentence_for_entry_1796_01.m4a,sentence,,,f42ded1cb724
Sentence_for_entry_1797.m4a,sentence,,,5ec2f3c609b8
Sentence_for_entry_1798.m4a,sentence,,,36612782c7e1
Sentence_for_entry_1799.m4a,sentence,,,ff7732470ff3
Sentence_for_entry_1800.m4a,sentence,,,26de12ca133b
Sentence_for_entry_1801.m4a,sentence,,,626789941857
Sentence_for_entry_1802.m4a,sentence,,,20ecc3bb54bf
Sentence_for_entry_1803.m4a,sentence,,,6c837c4370e7
Sentence_for_entry_1804.m4a,sentence,,,250b7c172357
Sentence_for_entry_1805.m4a,sentence,,,0f3d5011d38e
Sentence_for_entry_1806.m4a,sentence,,,2f9a6d255bf9
Sentence_for_entry_1807.m4a,sentence,,,ca6dbd04640b
Sentence_for_entry_1808.m4a,sentence,,,20a9e4067433
Sentence_for_entry_1809.m4a,sentence,,,fbad7160b558
Sentence_for_entry_1810_01.m4a,sentence,,,305a7d3f9d98
Sentence_for_entry_1810_02.m4a,sentence,,,3f4677f02b5f
Sentence_for_entry_1811.m4a,sentence,,,d40e55a32243
Sentence_for_entry_1812.m4a,sentence,,,8bf5967fe22e
Sentence_for_entry_1813.m4a,sentence,,,b072887fb75a
Sentence_for_entry_1816.m4a,sentence,,,15d42c1af029
Sentence_for_entry_1818.m4a,sentence,,,0c57fc46708e
Sentence_for_entry_1819.m4a,sentence,,,0a3991d94c67
Sentence_for_entry_1820.m4a,sentence,,,be20673ef221
Sentence_for_entry_1822.m4a,sentence,,,ba360a00ab42
Sentence_for_entry_1823.m4a,sentence,,,b2d6d62ab0a4
Sentence_for_entry_1825.m4a,sentence,,,6e2bcc0cb683
Sentence_for_entry_1826.m4a,sentence,,,8d6463a26b0d
Sentence_for_entry_1827.m4a,sentence,,,71ca48757a56
Sentence_for_entry_1828.m4a,sentence,,,a0da30bf5291
Sentence_for_entry_1829.m4a,sentence,,,c024cecba607
Sentence_for_entry_1830.m4a,sentence,,,9ee05cf6d526
Sentence_for_entry_1831.m4a,sentence,,,515732be9708
Sentence_for_entry_1832.m4a,sentence,,,299957864f76
Sentence_for_entry_1833.m4a,sentence,,,290cdef13d57
Sentence_for_entry_1834.m4a,sentence,,,52632b315d39
Sentence_for_entry_1835.m4a,sentence,,,b07889496476
Sentence_for_entry_1836.m4a,sentence,,,7f7a7a30c973
Sentence_for_entry_1837.m4a,sentence,,,1e9a60a7e4a9
Sentence_for_entry_1838.m4a,sentence,,,692baed0aa94
Sentence_for_entry_1838.m4a,sentence,,,c58d04a81796
Sentence_for_entry_1839.m4a,sentence,,,db7a9671a550
Sentence_for_entry_1840.m4a,sentence,,,9830588bdb08
Sentence_for_entry_1841.m4a,sentence,,,9febdba974da
Sentence_for_entry_1843.m4a,sentence,,,17d968dff9ca
Sentence_for_entry_1845.m4a,sentence,,,3279c0d8915f
Sentence_for_entry_1846.m4a,sentence,,,307968412b4a
Sentence_for_entry_1847.m4a,sentence,,,5ebb4a33f288
Sentence_for_entry_1848.m4a,sentence,,,f43b2bd6b2f6
Sentence_for_entry_1848.m4a,sentence,,,95bde58e63b4
Sentence_for_entry_1850.m4a,sentence,,,e75e6de40c49
Sentence_for_entry_1851.m4a,sentence,,,45602362e31a
Sentence_for_entry_1855.m4a,sentence,,,24e9fdf2beb4
Sentence_for_entry_1858.m4a,sentence,,,28c774b00d68
Sentence_for_entry_1859.m4a,sentence,,,3625ff850041
Sentence_for_entry_1860.m4a,sentence,,,188b1b656f2e
Sentence_for_entry_1861.m4a,sentence,,,15d63cd2e4b8
Sentence_for_entry_1862.m4a,sentence,,,162f4c92d788
Sentence_for_entry_1863.m4a,sentence,,,f66fc8c2d1a0
Sentence_for_entry_1864.m4a,sentence,,,fd50b5609f58
