ID,Source,Syllabary,Transliteration,English,Audio,Story,Chapter,Line,Author,Speaker,,Word-by-word Literal Translation,Cherokee Morphemes,English Morphemes (Gloss)
,Cherokee Narratives,ᏣᏆᏛᏏᏗᏒ ᎢᎸᏢ 57 ᏧᏕᏘᏴᏌᏗᏒ Ꮭ ᎠᏏ ᏗᎾᎦᎵᏍᎩ ᏱᏙᎩᏏᎳᏕ ᎣᎨᏅᏒ ᎦᎵᏦᏕ,jagwatvsidisv ilvhdlv 57 judetiyvsadisv hla asi dinagalisgi yidogisilade ogenvsv galhjode,"When I was growing up, I guess it was about the year 1957, we did not have electricity in our house yet.",,Ball of Fire,,1,Durbin Feeling,,,"when I was growing up, somewhere, 57, the year of, not, yet, electricity, we had no wiring in our home, house",j-agw-atvs-idis-v ilvhdlv 57 j-u-detiyv-sadis-v hla asi di-n-agalis-g-i yi-d-ogi-silad-e og-envs-v galhjode,"Rel 1 grow-up Inc exP, somewhere, 57, Pst 3 year-of exP, not, yet, Pl Pl to-lighten Prog Ag, nonF Pl they-and-I connect repP, they-and-I home exP, house"
,Cherokee Narratives,ᎣᎩᎸᏉᏗ ᎨᏒ ᎾᎥ ᎢᏦᎦᏓᎵ ᏧᏁᏅᏒ ᏬᎨᏓᏍᏗ ᏗᏓᏴᎳᏛᏍᎩ ᎤᏂᎲ ᎠᎴ ᏧᎵᏏᏅᏓᏊ ᎢᏳᏍᏗ,ogilvkwdi gesv na?v ijogadali junenvsv wogedasdi didayvlatvsgi unihv ale julisihnvdagwu iyusdi,"We really liked to visit our neighbors. They had a television, and we would go just about every evening.",,Ball of Fire,,2,Durbin Feeling,,,"we liked, was near, apart, their home for us to go there, television, they had, and, nightly just, almost",ogi-lvkwdi ges-v na?v ijo-gadali j-u-n-envs-v w-og-edas-di di-d-a-yvlatvs-g-i u-ni-h-v ale julisihnvdagwu iyusdi,"they-and-I like, be exP, near, they-and-I apart, Pl 3 Pl home exP, Tr they-and-I go Inf, Pl Pl 3 in-view Prog Ag, 3 Pl have exP, and, nightly just, almost"
,Cherokee Narratives,ᎢᎸᏍᎩ ᎢᏯᏓᏁᎸ ᏓᎾᏠᏏᎯᎲ ᏗᏓᏴᎳᏛᏍᎩ ᏧᎾᎦᏙᏍᏔᏂᏢᎢ,ilvsgi iyadanelv danadlosihihv didayvlatvsgi junagatostanihlv?i,A few families would come to watch the television.,,Ball of Fire,,3,Durbin Feeling,,,"a few, families, they would come and gather, television, for them to come",ilvsgi iyadanelv d-a-n-adlosihih-v di-d-a-yvlatvs-g-i j-u-n-agatos-tan-ihl-v?i,"a-few, family, Pl 3 Pl gather exP, Pl Pl 3 in-view Prog Ag, Inf 3 Pl watch Inf come exP"
,Cherokee Narratives,ᏌᏊ ᎢᏳᏩᎪᏗ ᏒᏃᏱ ᏫᎣᎩᎷᏣ ᏦᎨᏅᏒ ᎩᏟ ᎤᏍᎦᏎᏗᏊ ᏂᎦᏪᏍᎬ ᏓᏑᏫᏍᎬ ᎤᏠᏱᏊ ᎪᎱᏍᏗ ᎠᏊᎢᏴ ᏣᎪᏩᏘᏍᎪ,sagwu yuwagodi svnoyi wi?ogiluhja jogenvsv gitli usgasehdigwu nigawesgv dasuhwisgv utloyigwu gohusdi agwu?iyv jagowatisgo,"One night when we returned home, our dog was barking fiercely as if he were barking at some animal close by.",,Ball of Fire,,4,Durbin Feeling,,,"one time, midnight, when we returned, at home, dog, fiercely, was uttering, it was barking, just as, something, here close by, as if he were seeing it",sagwu yuwagodi svnoyi wi-?ogi-luhj-a j-og-envs-v gitli usgasehdi-gwu ni-g-awes-g-v d-a-suhwis-g-v uhloyi-gwu gohusdi agwu?iyv j-a-gowatis-g-o,"one, time, midnight, Tr they-and-I arrive imP, Pl they-and-I home exP, dog, fiercely just, Lat 3 utter Prog exP, Pl 3 bark Prog exP, same just, something, close-by, Rel 3 see Prog Hab"
,Cherokee Narratives,ᎤᏠᏱ ᎾᏛᏁᎲ ᎠᏁᎷᎩᏍᎬ ᎠᎨ ᎢᏳᏓᏅᎯᏓ ᏃᏊᎴ ᏗᎠᏨᏍᎪ ᎠᏊᎢᏴ ᎢᎦᎷᎪᎢ ᎠᎴ ᏓᏑᏫᏍᎬ ᏂᎬᏩᏍᏙᎢ,uhloyi nadvnehv anelugisgv age iyudanvhida nogwule di?ajvsgo agwu?iyv iga?luhgo?i ale dasuhwisgv nigvwasdo?i,"He would run after it and then run back, barking all along.",,Ball of Fire,,5,Durbin Feeling,,,"the same, he was doing, it was chasing after it, over there, distance, and then, he would turn back, here close by, he would return, and, his barking, it would continue",uhloyi n-a-dvneh-v a-n-elugis-g-v age iyudanvhida nogwule di-a-jvs-g-o agwu?iyv i-g-a?luhg-o?i ale d-a-suhwis-g-v ni-g-vwasd-o?i,"same, Spec 3 do exP, 3 Pl chase Prog exP, over-there, at-distance, then and, Dst 3 turn-back Prog Hab, here-close-by, Rep arrive Prog Hab, and, Pl 3 bark Prog exP, Lat 1 continue Hab"
,Cherokee Narratives,Ꮭ ᎤᏟᎢᎦ ᏲᏣᎦᏎᏍᏓᏁᎴ ᎢᎬᏱ ᎥᏍᎩ ᏄᏛᏁᎳ,hla udli?iga yojagasesdanele igvyi vsgi nudvnela,We didn't pay much attention to him that first night.,,Ball of Fire,,6,Durbin Feeling,,,"not much, we didn't pay much attention to it, at first, that, when it did that",hla udli?iga y-oj-agasesdan-el-e igvyi vsgi n-u-dvn-el-a,"not, much, nonF they-and-I pay-attention Dat repP, at-first, that, Spec 3 do recP"
,Cherokee Narratives,ᎤᎩᏨᏓᏍᎩᏂ ᎤᏒ ᎤᏠᏱ ᏄᏛᏁᎸ,ugijvdasgini usv uhloyi nudvnelv,And the next night he did the same thing.,,Ball of Fire,,7,Durbin Feeling,,,"but the next day, night, same, he did it",ugijvda-sgini usv uhloyi n-u-dvnel-v,"next-day however, night, same, Spec 3 do exP"
,Cherokee Narratives,ᎠᏁᎷᎩᏍᎪ ᎠᎨ ᎢᏳᏓᏅᎯᏓ ᏗᎠᏨᏍᎪ ᏃᏊᎴ ᎢᎠᏁᎷᎩᏍᎪ ᎤᏠᏱᏊ ᏳᏚᎵᎭ ᎩᎶ ᎤᏍᏓᏩᏛᏍᏗᎢ,anelugisgo age iyudanvhida di?ajvsgo nogwule i?anelugisgo utloyigwu yuduliha kilo usdawadvsdi?i,"He would bark, run after whatever it was, and then run back as if he wanted someone to follow him.",,Ball of Fire,,8,Durbin Feeling,,,"he would chase after it, over there, distance, he would turn back, again he would chase after it, just as though, if he wanted someone, to follow him",a-n-elugis-g-o age iyudanvhida di-?a-jvs-g-o nogwu-le i-?a-nelugis-g-o uhloyi-gwu y-u-dulih-a kilo u-sdawadvs-di?i,"3 Pl chase Prog Hab, over-there, distance, Dst 3 turn-back Prog Hab, Rep 3 chase Prog Hab, same just, nonF 3 want Pres, someone, 3 follow Inf"
,Cherokee Narratives,ᎢᎬᏱᏃ ᏩᎦᏊ ᎠᎴᏱᎩ ᎪᎱᏍᏗᏊ ᏄᏓᎴ ᎦᎾᏝᎢ ᏱᎡᏙᎭ ᎣᎨᎵᏒᎢ,igvyihno wahgagwu aleyigi gohusdigwu nudale ganahla?i yi?edoha ogelisv?i,At first we thought it was just a cow or some other animal.,,Ball of Fire,,9,Durbin Feeling,,,"and at first, just a cow, or, just something, something else, stock, it may be roaming, we all thought",igvyi-hno wahga-gwu aleyigi gohusdi-gwu nudale ganahla?i yi-?e-doh-a og-elis-v?i,"at-first and, cow just, or, something just, different, livestock, nonF be-there Pres, they-and-I think exP"
,Cherokee Narratives,ᏃᏊ ᎤᎦᏛᏓᏁᎸ ᎡᏙᏓ ᏥᎨᏒ ᎠᎴ ᎦᎶᏇ ᎤᏒᏕᎾ ᏭᏴᎲ ᎦᎵᏦᏕ,nogwu ugatvhdanelv edoda jigesv ale galogwe usvdena wuyvhv galihjode,"But when he did it the second time, my dad got curious and went in the house and got our shotgun.",,Ball of Fire,,10,Durbin Feeling,,,"then, it made him curious, my father, who was, and, gun, big barrel, he went and got, in the house",nogwu ug-advh-dan-el-v edoda ji-ges-v ale galogwe usvdena w-u-yvh-v galihjode,"then, 3 curious Caus Dat exP, 1Pos father, Rel be exP, and, gun, big-barrel, Tr 3 go-get exP, house-in"
,Cherokee Narratives,ᏦᏍᏓᏓᏅᏟᏃ ᎠᏴᏃ ᎡᏙᏓᎴ ᏃᏊ ᎣᏥᏍᏓᏩᏛᏒ ᎩᏟ,josdadahnvtlihno ayvhno edodale nogwu ojisdawadvsv gitli,"So, my dad, my brother, and I followed the dog.",,Ball of Fire,,11,Durbin Feeling,,,"and my brother, and I, my dad also, then, we followed it, dog",j-osd-adahnvtli-hno ayv-hno edoda-le nogwu oji-sdawadvs-v gitli,"Pl he-and-I brother and, I and, 1Pos father also, then, they-and-I follow exP, dog"
,Cherokee Narratives,ᎩᏟᏃ ᏃᏊ ᎤᏕᎶᎰᏌ ᎣᏥᏍᏓᏩᏕᎬ ᏫᏂᎦᏯᎢᏒ Ꮭ ᏃᏊ ᏱᏗᎤᏨᏎ,gitlihno nogwu udelohosa ojisdawadegv winigaya?isv hla nogwu yidi?ujvse,"When the dog noticed that we were willing to follow him, he kept going and did not run back.",,Ball of Fire,,12,Durbin Feeling,,,"and dog, when he realized, that we were following him, he kept going, no, now, he didn't turn back",gitli-hno nogwu u-delohos-a oji-sdawade-g-v wi-ni-g-aya?is-v hla nogwu yi-di-?ujvs-e,"dog and, whenever, 3 realize recP, they-and-I follow Prog exP, Tr Lat 3 go exP, no, now, nonF Dst turn repP"
,Cherokee Narratives,ᎠᏴ ᏃᏊ ᏦᎢ ᎢᏲᏥᎢ ᎣᏥᏍᏓᏩᏛᏒ ᎠᎴ ᎢᎸᏢ ᎩᏄᏛᏗ ᎢᏳᏟᎶᏓ ᎢᏳᏓᏅᎯᏓ ᎤᏂᎩᏒ ᎪᎱᏍᏗ ᏣᎨᎯᏐ ᎢᏳᏍᏗ,ayv nogwu jo?i iyoji?i ojisdawadvsv ale ilvhdlv ginutdi iyuhliloda iyudanvhida uhnigisv gohusdi jakehiso iyusdi,"We followed the dog for about a quarter mile, and he acted like he was after something;",,Ball of Fire,,13,Durbin Feeling,,,"I, now, three, of us, we all followed him, and, somewhere around, one-fourth, of a mile, in distance, he went, something, as if he were chasing it, just as",ayv nogwu jo?i i-yoji?i oji-sdawadvs-v ale ilvhdlv ginutdi iyuhliloda iyudanvhida u-hnigis-v gohusdi j-a-kehis-o iyusdi,"I, then, three, in-number, they-and-I follow Prog exP, and, somewhere-around, one-fourth, of-a-mile, in-distance, 3 start exP, something, as-if 3 chase Hab, just-as"
,Cherokee Narratives,ᎤᏔᎾ ᏧᏍᎦ ᏡᎬ ᎤᏕᏲᎸ ᎠᎴ ᎦᎸᎳᏗ ᎢᏗᏜ ᏫᏓᏑᏫᏍᎪ,utana jusga dluhgv udeyolv ale galvladi ididla widasuwisgo,"then suddenly he stopped at the big oak tree, and he barked as he circled the tree.",,Ball of Fire,,14,Durbin Feeling,,,"big, oak tree, he went around, and, up, toward, he was barking",utana jusga dluhgv u-deyol-v ale galvladi ididla wi-d-a-suwis-g-o,"big, oak tree, 3 go-around exP, and, up, toward, Tr Pl 3 bark Prog Hab"
,Cherokee Narratives,ᎤᎵᎪᎲᏍᏗᏃ ᎨᏒ ᎠᎴ ᏧᎵᏍᏚᏬᏐᏅ ᎨᏒ ᏕᏢᎬ ᎠᎴ ᏒᏃᏱ ᎡᎯ ᏅᏓ ᎥᏍᏊ ᎢᎦᎯ ᎤᏘᏍᏛᎢ,uligohvsdihno gesv ale julisduwosohnv gesv dedluhgv ale svnoyi ehi nvda vsgwu igahi utisdv?i,"It was in the fall, and the leaves had fallen, and the moon was shining brightly.",,Ball of Fire,,15,Durbin Feeling,,,"in the fall time it was, and, leaves had fallen completely, it was, trees, and, midnight, dweller, sun, also, brightly, it was shining",u-ligohvs-di-hno ges-v ale j-u-lisduwos-ohn-v ges-v de-dluhgv ale svnoyi eh-i nvda vsgwu igahi u-tisd-v?i,"3 fall-in Inf and, be exP, and, Pst 3 fall Comp exP, be exP, Pl tree, and, evening, be Ag, sun, also, brightly, 3 shine exP"
,Cherokee Narratives,ᎠᏎᏃ ᎣᎦᏕᏲᏅ ᏧᏍᎦ ᏡᎬ ᏝᏃ ᎥᏍᏊ ᎪᎱᏍᏗ ᎤᎩᎸ ᏲᏥᎪᎡ,asehno ogadeyohnv jusga dluhgv hlano vsgwu gohusdi uki?lv yojigo?e,"We went around the oak tree, but we did not see anything up in the tree.",,Ball of Fire,,16,Durbin Feeling,,,"but, we went completely around, oak, tree, and not, also, something, perched on, we didn't see",asehno og-adey-ohn-v jusga dluhgv hla-no vsgwu gohusdi uki?l-v y-oji-ogo?-e,"but, they-and-I go-around Comp exP, oak, tree, not and, also, something, on exP, nonF they-and-I see repP"
,Cherokee Narratives,ᎩᏟᏃ ᏂᎬᏩᏍᏛ ᎤᏍᎦᏎᏗ ᏂᎦᏪᏍᎬ ᏓᏑᏫᏍᎬᎢ,gitlihno nigvwasdv usgasehdi nigawesgv dasuhwisgv?i,The dog kept barking fiercely.,,Ball of Fire,,17,Durbin Feeling,,,"and dog, continued, fiercely, uttering, barking",gitli-hno ni-g-vwasd-v usgasehdi ni-g-awes-g-v d-a-suhwis-g-v?i,"dog and, ni 3 continue exP, fiercely, ni 3 utter Prog exP, Pl 3 bark Prog exP"
,Cherokee Narratives,ᎣᎦᏢᏲᎳᏃ ᎪᎱᏍᏗ ᎣᏥᎪᏩᏛᏗ ᎡᏙᏓ ᏥᎨᏒ ᏃᏊ ᏗᏡᎬ ᎦᎸᎳᏗ ᎢᏗᏢ ᏫᏚᎵᏐᏍᏔᏅ ᎤᏒᏕᎾ ᎦᎶᏊ ᎠᎴ ᏫᏚᏍᏓᏲᏢ,ogatlvyolahno gohusdi ojigowahtvhdi edoda jigesv nogwu didluhgv galvladi ididlv widulisostanv usvdena galogwe ale widusdayohlv,"When we could not see anything up there, my dad aimed up toward the branch and fired a shot.",,Ball of Fire,,18,Durbin Feeling,,,"and when we gave up, something, for us to see, my dad, who was, then, at tree, up, toward, he aimed, big barrel, gun, and, he shot",og-ahlvyol-a-hno gohusdi oji-gowahtvh-di edoda ji-ges-v nogwu didluhgv galvladi ididlv wi-d-u-lisostan-v usvdena galogwe ale wi-d-u-sdayohl-v,"they-and-I give-up recP and, something, they-and-I see Inf, 1Pos father, Rel be exP, then, tree, up, toward, Tr Pl 3 aim exP, big-barrel, gun, and, Tr Pl 3 shoot exP"
,Cherokee Narratives,ᎩᎳᏊᏃ ᎢᏴᏓ ᎦᏌᏆᎸ ᎠᏓᏪᎳᎩᏍᎩ ᎠᎳᏍᎦᎸᏗ ᎢᎩᏓ ᏭᎵᏌᎳᏓᏅ ᎦᎸᎶ ᎢᏗᏢ ᎠᎴ ᎢᎸᏍᎩᏊ ᎢᎳᏏᏗ ᎢᏴ ᏭᏍᎪᎸᏨ,kilagwuhno iyvda gasagwalv adawelagisgi alasgalvdi ikida wulisaladanv galvlo ididlv ale ilvsgigwu ilasihdi iyv wusgolvjv,"Instantly, a ball of fire about the size of a basketball lifted up from somewhere in the tree and faded out a few feet above the tree.",,Ball of Fire,,19,Durbin Feeling,,,"and just then, you could say, round, flaming, a ball, the size of it, went up, sky, toward, and, just a few, feet, distance, it faded",kila-gwu-hno iyvda gasagwalv a-da-welagis-g-i alasgaldi ikida w-u-lisaladan-v galvlo ididlv ale ilvsgi-gwu ilasihdi iyv w-u-sgolvj-v,"then just and, time-frame, round, 3 Refl flame Prog Ag, ball, size, Tr 3 go-up exP, sky, toward, and, few just, foot, distance, Tr 3 fade exP"
,Cherokee Narratives,ᎾᎯᏳ ᎤᏑᎵᎪᏨ ᎩᏟ ᎤᏍᎦᏎᏗ ᏂᎦᏪᏍᎬ ᏓᏑᏫᏍᎬᎢ,nahiyu usuligojv gitli usgasehdi nigawesgv dasuhwisgv?i,"After that, the dog did not bark like that anymore.",,Ball of Fire,,20,Durbin Feeling,,,"from then on, he quit, dog, fiercely, uttering, his barking",nahiyu u-suligoj-v gitli usgasehdi ni-g-awes-g-v d-a-suhwis-g-v?i,"thereafter, 3 quit exP, dog, fiercely, ni 3 utter Prog exP, Pl 3 bark Prog exP"
,Cherokee Narratives,ᎦᏅᏓᏗᏍᎪ ᏌᏊ ᎢᏳᏩᎪᏗ ᏥᏧᏣᏊ ᏥᎨᏒ ᎩᎶ ᎤᏛᏐᏅ ᎤᏢᎬ ᎢᎸᏍᎩ ᏧᏒᎯᏓ ᎤᏢᏨ ᎠᎴ ᏂᏚᎵᏏᏂᏒ ᎤᏣᏙᎬ ᏂᎬᏩᏍᏛ ᎥᏍᎩᏕᎲ Ꮩ ᎠᏎ ᏄᎵᏍᏔᏁ,ganvdadisgo sagwu iyuwakdi jichujagwu jigesv kilo utvsohnv udlvgv ilvsgi jusvhida udlvjv ale nidulsihnisv ujadogv nigvwsdv vsgidehv do ase nulstane,"I remember once when I was just a boy, there was an old man who had been sick for several days, and each day he seemed to get worse.",,Cat Meowing,,1,Durbin Feeling,,,"I remember, one time, I just a boy it was, someone, old man, he was sick, a few, days, sick, and, every night, he got worse, it seemed, well that, truly perhaps, it happened",ga-nvdadis-g-o sagwu iyuwakdi ji-chuja-gwu ji-ges-v kilo utvsohnv u-dlv-g-v ilvsgi j-usvhida u-dlvj-v ale nidulsihnisv u-jadog-v ni-g-vwsd-v vsgi d-eh-v do ase n-u-lstan-e,"1 remember Prog Hab, one, time, 1 boy just, Pst be exP, someone, old-man, 3 sick Prog exP, a-few, Pl day, 3 get-sick exP, and, every-night, 3 worsen Prog exP, Spec 3 seem exP, that, Pl have exP, do, really perhaps, Spec 3 happen repP"
,Cherokee Narratives,ᏭᏲᎱᏒᎮᏃ ᎢᎸᏍᎩ ᏫᏄᏒᏝ,wuyohusvhehno ilvsgi winusvhla,"I suppose it was true, because a few days later he died.",,Cat Meowing,,2,Durbin Feeling,,,"because he died, a few, days later",w-u-yohus-vhehno ilvsgi winusvhla,"Tr 3 die exP because, a-few, days-later"
,Cherokee Narratives,ᎾᎯᏳᎮᏃ ᏥᎨᏒ ᎤᏟ ᎢᎦ ᎡᎳᏗᏊ ᎣᏤᏙᎯ ᎨᏒ,nahiyuhehno jigesv udli iga eladigwu ojedohi gesv,Back then our mobility was by foot.,,Cat Meowing,,3,Durbin Feeling,,,"back then when it was, mostly quantity, just on foot, we walked, was",nahiyu-hehno ji-ges-v udli iga eladi-gwu oj-edoh-i gesv,"then because, Pst be exP, more, quantity, on-foot just, they-and-I walk Ag, be exP"
,Cherokee Narratives,ᎢᎸᏢ ᏲᎨᎾ ᎠᎴ ᎥᏍᏊ ᎩᎶ ᏳᏢᏣ ᏴᏫ ᎾᎥ ᏂᏚᎾᏓᎸ ᏓᎾᏓᏩᏛᎯᏙᎲ ᎠᎴᏱᎩ ᏓᏂᏨᏓᏆᏍᎬ ᎤᏢᎩ ᎠᏂᎦᏘᏗᎯᎲ,iluhdlv yogena ale vsgwu kilo yudlvja yvwi na?v nidunadalv danadawatvhidohv aleyigi danijvdagwasgv udlvgi aniktidihihv,"When someone was sick, the people in the neighboring area would come and sit up with the sick.",,Cat Meowing,,4,Durbin Feeling,,,"somewhere when we went, and also, someone when he got sick, people, near, close together, they visited each other, or, they would stay night after night, sick person, they would come and stay with him",iluhdlv y-og-en-a ale vsgwu kilo y-u-dlvj-a yvwi na?v ni-d-u-n-adal-v d-a-n-ada-watvh-idoh-v aleyigi d-a-n-ijvdagwas-g-v u-dlv-g-i a-n-iktidi-hih-v,"somewhere, nonF they-and-I go recP, and, also, someone, nonF 3 get-sick Pres, people, near, Spec Pl 3 Pl apart exP, Pl 3 Pl Refl visit around exP, or, Pl 3 Pl stay-night-after-night Prog exP, 3 sick Prog Ag, 3 Pl stay-with come exP"
,Cherokee Narratives,ᏗᏰᎦᏟ ᏗᏆᏍᏙᏃ ᏓᏂᏃᎯᎲ ᎤᏢᎩ ᏗᎦᏅᎬ ᏒᏃᏱᏃ ᏱᏄᎵᏍᏔᎾ ᎤᎿᏊ ᎠᏂᏟᏅᎬ ᎢᎦᏓ ᎦᏙᎯᏊ ᏓᏂᏰᏍᏛᎥᏍᎬ,dihyegahli digwsdohno danihnohihv udlvgi diganvgv svnoyihno yinulstana uhnagwu anihlinvgv igada gadohigwu daniyesdv?vsgv,"They would bring with them quilts and pillows, and when it got late, some would make their pallets on the ground and sleep.",,Cat Meowing,,5,Durbin Feeling,,,"quilts, pillows, they brought, sick person, where he lay, and midnight when it became, just there, they would sleep, some, just on ground, they would bed down",dihyegahli di-gwsdo-hno d-a-ni-hnohih-v u-dlv-g-i di-g-anh-g-v svnoyi-hno yi-n-u-lstan-a uhna-gwu a-n-ihlinv-g-v igada gado-hi-gwu d-a-n-iyesdv?vs-g-v,"quilt, Pl pillow and, Pl 3 Pl bring exP, 3 sick Prog Ag, Dst 3 lie Prog exP, at-midnight and, nonF Spec 3 happen Pres, there just, 3 Pl fall-asleep Prog exP, some, ground on just, Pl 3 Pl spread Prog exP"
,Cherokee Narratives,ᎪᎩ ᏱᎩ ᏚᏂᎦᏒᏍᏙᎢ ᏱᎩ ᏙᏌ ᏚᏂᏖᏍᏙᎢ ᎠᏂᎦᏘᏗᏍᎬ ᏓᎾᏓᏁᏟᏴᏍᎬ ᏃᏊᎴ,gogi yigi duniksvsdo?i yigi dosa dunitesdv?i aniktidisgv danadanedliyvsgv nogwule,"If it was during the summer, they would build a fire to produce smoke to repel the mosquitoes as they kept watch.",,Cat Meowing,,6,Durbin Feeling,,,"summer if it was, they would make smoke, maybe, mosquito, as they repel them, as they kept watch, they would alternate, and also",gogi y-igi d-u-ni-ksvsd-o?i y-igi dosa d-u-ni-tesd-v?i a-ni-ktidis-g-v d-a-n-ada-nedliyvs-g-v nogwu-le,"summer, nonF be, Pl 3 Pl make-smoke Hab, nonF be, mosquito, Pl 3 Pl would exP, 3 Pl stay-up Prog exP, Pl 3 Pl Refl alternate Prog exP, now and"
,Cherokee Narratives,ᎤᏢᎩ ᎥᏍᎩᏃ ᏄᎵᏍᏔᏂᏙᎸ ᎯᎠ ᏥᏥᏃᎮᎭ,udlvgi vsgihno nulstanidolv hi?a jijinoheha,That is what had happened in this story that I am telling.,,Cat Meowing,,7,Durbin Feeling,,,"the sick person, and that is it happened, this, what I am telling",u-dlv-g-i vsgi-hno n-u-lstanidol-v hi?a ji-ji-noheh-a,"3 sick Prog Ag, that and, Spec 3 happen around exP, this, Rel 1 live Pres"
,Cherokee Narratives,ᎡᎳᏗ ᎣᏣᏂᎩᏍᎬ ᏧᏪᏅᏒ ᎣᏤᎪ,eladi ojanigisgv juwenvsv ojego,We would start out on foot to go to his home.,,Cat Meowing,,8,Durbin Feeling,,,"on foot, we would start out, his home, we would go",eladi oj-anigis-g-v j-u-wenvsv oj-e-g-o,"on-foot, they-and-I start Prog exP, Pl 3 home, they-and-I go Prog Hab"
,Cherokee Narratives,ᎤᎿ ᏗᎦᏅᎬ ᏢᏃ ᏔᎵ ᎢᏳᏟᎶᏓ ᎢᏳᏓᏅᎯᏓ ᎨᏒ ᏦᎨᏅᏒ ᏂᏛᏂᎩᏓ,uhna diganhgv dlvhno ta?li iyudhliloda iyudanvhida gesv jogenvsv nidvhigida,It was about two miles from our house.,,Cat Meowing,,9,Durbin Feeling,,,"there where he lay, and somewhere, two, miles, in distance, it was, our home, starting point",uhna di-g-anh-g-v dlv-hno ta?li iyudhliloda iyudanvhida ges-v j-ogenvs-v nidvhnigida,"there, Dst 3 lie Prog exP, somewhere and, two, mile, in-distance, be exP, Pl they-and-I home exP, start"
,Cherokee Narratives,ᎦᏅᏓᏗᏍᎪᎢᏃ ᏬᎩᏨᏓᏋ Ꮲ ᏔᎵᎭ ᎢᏳᏩᎪᏗ,ganvdadisgo?ihno wogijvdagwv dlv taliha iyuwakdi,I remember we spent the night there a couple of times.,,Cat Meowing,,10,Durbin Feeling,,,"I remember, we spent the night, some time, about two times",ga-nvdadvs-g-o?i-hno w-ogi-jvd-a-gwv dlv tali-ha iyuwakdi,"1 remember Prog Hab and, Tr they-and-I spend-night Pres just, somewhere, two Num, time"
,Cherokee Narratives,ᏃᏊᏃ Ꮲ ᏅᎩᏁ ᏒᏃᏱ Ꮭ ᏲᎨᏅᏎ ᎡᎵᏏᏍᎩᏂ ᏧᏪᏅᏒ ᎣᎨᏅᏒ ᎠᎴ ᎣᎩᏒᎸ,nogwuhno dlv nvhgine svnoyi hla yogenvse elisisgini juwenvsv ogenvsv ale ogisvlv,"About the fourth night we did not go, but instead we went to visit my grandmother.",,Cat Meowing,,11,Durbin Feeling,,,"and then, some time, the fourth, night, not we did not go, but grandmother her home, we went, and, we spent the night",nogwu-hno dlv nvhgi-ne svnoyi hla y-og-envs-e e-lisi-sgini j-u-wenvs-v og-envs-v ale ogi-svhl-v,"then and, sometime, four Ord, at-night, not, nonF they-and-I go repP, 1Pos grandmother but, Pl 3 home exP, they-and-I go exP, and, they-and-I spend-night exP"
,Cherokee Narratives,ᏃᏊᏃ ᎡᎵᏏ ᏥᎨᏒ ᎣᎦᏛᏅᎢᏍᏓᏁᎸ ᎣᎩᏒᏍᏗ ᏚᏰᏍᏛᏂᏙᎸ ᎣᎦᏅᏢᏗ ᎣᎦᏅᏢᎾᏃ ᏃᏊ Ꮩ ᏃᎦᏛᏁᎳ ᎠᏏ ᏫᏃᎩᎵᏅᏨᎾᏊ ᏂᎦᏓ ᎣᎦᏛᎦᏅ ᏪᏌ ᏂᎦᏪᏍᎬ,nogwuhno elisi jigesv ogadvnv?isdanelv ogisvsdi duyesdvnidolv oganhdlvdi oganhdlvnahno nogwu to nogadvnela asi winogilinvjvnagwu nigada ogatvganv wesa nigawesgv ina nidigawesgv,"She prepared our beds for us, and we all went to bed, but before any of us fell asleep, we heard a faint meowing of a cat somewhere off in the distance.",,Cat Meowing,,12,Durbin Feeling,,,"and then, grandmother, who was, she prepared for us, our beds, she laid pallets around, for us to bed down, after we lay down, then, quiet, we became, before, just before we went to sleep, all, we heard, a cat, its meowing, far away, it was uttering",nogwu-hno e-lisi ges-v og-advnv?isda-nel-v ogi-svsdi d-u-yesdvni-dol-v og-anhdlv-di og-anhdlvn-a-hno nogwu to n-og-advnel-a asi wi-n-ogi-hlinvj-v nigada og-atvgan-v wesa ni-g-awes-g-v ina ni-di-ga-wes-g-v,"then and, 1Pos grandmother, be exP, they-and-I prepare Dat exP, they-and-I bed, Pl 3 spread around exP, they-and-I lie-down Inf, they-and-I lie-down Pres and, then, then, Spec they-and-I do Pres, before, Tr Spec they-and-I fall-asleep exP, all, they-and-I hear exP, cat, Spec 3 utter Prog exP, far-away, Spec Pl 3 utter Prog exP"
,Cherokee Narratives,ᏔᎵᏁ ᎢᎣᎦᏛᎦᎾ ᏂᎤᏪᏌ ᏃᏊ ᏍᏗᎩᏓ ᎾᎥᏂᎨ ᏂᎬᏩᏍᏛ,woktvganv taline i?oktvgana ni?uwesa nogwu sdikida na?vhnige nigvwsdv,"When we heard it the second time, it seemed a little closer.",,Cat Meowing,,13,Durbin Feeling,,,"we heard, second time, when we heard it, when it meowed again, then, a little bit, closer, it seemed",w-ok-tvgan-v tali-ne i-?ok-tvgan-a ni-ga-wes-g-v nogwu sdikida na?v-hnige ni-g-vwsd-v,"Tr they-and-I hear exP, two Ord, Rep they-and-I hear recP, Spec 3 meow Prog exP, then, a-little, close more, Spec 3 seem exP"
,Cherokee Narratives,ᏏᏊᎴ ᏦᎢᏁ ᏃᏊ ᎥᎣᎦᏛᎦᏅ ᏃᏊᏛ ᎤᏙᎯᏳ ᎬᏂ ᎨᏒ ᎡᏍᎦ ᏣᎢᏒ ᎠᎴ ᏂᎦᏪᏏᏒ ᎠᏍᏓᏲᏍᎬ,sigwule jo?ine nogwu v?oktvganv nogwudu udohiyu kvhni gesv esga tsa?isv ale nigawesisv asdayosgv,"We heard it again the third time, and we knew for sure it was coming toward us, as the meows were getting louder.",,Cat Meowing,,14,Durbin Feeling,,,"and again, the third time, then, we heard again, and now, very, clear, it was, in this direction, its walking, and, it meowed along, it got louder",sigwu-le jo?i-ne nogwu v-?ok-tvgan-v nogwu-dv udohiyu kvhni ges-v esga j-a?is-v ale ni-gawes-is-v a-sdayos-g-v,"again and, three Ord, now, Rep they-and-I hear exP, now Emp, really, clear, be exP, this-way, Pst 3 walk exP, and, Spec 3 meow-along exP, 3 louder Prog exP"
,Cherokee Narratives,ᏂᏓᎦᏪᏏᏒᏃ ᏂᎦᏓ ᏃᏊ ᎣᏍᏓ ᎣᎦᏛᏓᏍᏛ ᎠᎴ ᎡᏝᏪ ᎣᏥᏅᏜᎥᎢ,nidagawesisvhno nigada nogwu osda oktvdasdv ale ehlawe ojinhdla?v?i,"As it came toward us, we all took notice and listened quietly.",,Cat Meowing,,15,Durbin Feeling,,,"and it was meowing along in this direction, all, then, good, we were all listening, and, quiet, we were lying there",nida-g-awesis-v-hno nigada nogwu osda ok-tvdasd-v ale ehlawe ojin-hdla?-v?i,"this-way 3 come-direction-of exP and, all, then, good, they-and-I hear exP, and, quiet, he-and-I lie exP"
,Cherokee Narratives,ᎪᎯ ᎢᏴ ᏃᏊ ᎠᏊ ᎢᏴ ᏙᏱ ᏗᏢ ᏄᏪᏏᏢ ᏃᏊ ᎤᏕᏲᎸ ᎦᎵᏦᏕ,kohi iyv nogwu agwu iyv doyi didlv nuwesihlv nogwu udeyolv galhjode,"In a little while we heard it right outside, and as it went around the house it was meowing.",,Cat Meowing,,16,Durbin Feeling,,,"after a while, now then, here nearby, outside, toward, it came and meowed, then, it circled, house",kohi iyu nogwu agwu iyu doyi didlv n-u-wes-ihl-v nogwu u-deyol-v galhjo-de,"there after, a while, then, here, nearby, outside, toward, Spec 3 meow come exP, then, 3 go-around exP, house"
,Cherokee Narratives,ᏃᏊ ᏧᎶᏒ ᎢᏗᏜ ᏭᎶᏒ ᏏᏊ ᏂᎦᏪᏏᏐᎢᏊ ᏫᎬᏩᏕᎵᏦᎲᏍᎩ ᏂᎦᏪᏏᏒᎢ,nogwu julosv ididla wulosv sigwu nigawesiso?igwu wigvwadelichohvsgi nigawesisv?i,"It circled the house and then went back the way it came, still meowing as it went, until the meows faded in the distance.",,Cat Meowing,,17,Durbin Feeling,,,"then, where it came from, toward, it returned, still, continued to meow along, until it faded out, it is meowing along",nogwu j-u-los-v ididla w-u-los-v sigwu ni-g-awes-is-o?i-gwu wi-gvw-adeli-chohvs-g-i ni-g-awes-is-v?i,"then, Dst 3 come exP, toward, Tr 3 go exP, still, Spec 3 meow continue Hab just, Tr 3 fade Comp Prog Ag, Spec 3 meow continue exP"
,Cherokee Narratives,ᎡᎵᏏᏃ ᏃᏊ ᎪᎯ ᎢᏴ ᎤᏁᏨ ᎯᎠ ᏄᏪᏒᎢ ᎪᎱᏍᏗᏛ ᏗᏓᏛᎦᏂᏒ ᎢᎩᏃᎯᏎᎭ,elisihno nogwu kohi iyv uhnejv hi?a nuwesv?i gohusdidv didatvganisv igihnohiseha,"After a while my grandmother spoke up and said, ""It's telling us that we will hear some news.""",,Cat Meowing,,18,Durbin Feeling,,,"and my grandmother, then, after a while, she spoke, this, she said, something (affirmative), that we are going to hear, it is telling us",elisi-hno nogwu kohi iyv u-hnej-v hi?a n-u-wes-v?i gohusdi-dv di-d-a-tvganis-v igi-hnohis-eh-a,"1Pos grandmother and, then, after a while, 3 speak exP, this, Spec 3 say exP, something Emp, Pl Fut 3 hear exP, he/you Pl-and-me tell Dat Pres"
,Cherokee Narratives,ᎤᎩᏨᏓᏃ ᏃᏊ ᎯᎠᏴ ᎧᎸ ᏅᏙ ᏃᏊ ᎤᎷᏨ ᎾᎥ ᎢᏦᎦᏓᎵ ᎠᎴ ᎣᎩᏃᎯᏎᎸ ᎾᎯᏳ ᏒᏃᏱ ᎠᏟᎢᎵᏒ ᎤᏲᎱᏎ Ꮎ ᎤᏛᏐᏅ ᏧᏢᎬᎢ,ugijvdahno nogwu hi?ayv kalv nvdo nogwu uluhjv na?v ijogadali ale ogihnohiselv nahiyu svnoyi ahli?ilisv uyohuse na utvsohnv judlvgv?o,"The next day when the sun was up high, a neighbor came over and told us that the old man who had been sick had died that night.",,Cat Meowing,,19,Durbin Feeling,,,"and the next morning, then, about this, the position of, sun, then, he came, near, apart from us, and, and he told us, at that time, midnight time, he died, that, old man, who was sick",ugijvda-hno nogwu hi?a-yv kalv nvdo nogwu u-luhj-v na?v ijo-gadali ale ogi-hnohis-el-v nahiyu svnoyi ahli?ilisv u-yohus-e na utvsohnv j-u-dlv-g-v?i,"next-day and, then, this about, position-of, sun, then, 3 come exP, near, you Pl-and-I apart, and, he/them-and-me tell Dat exP, then, midnight, time, 3 die repP, that, old-man, Rel 3 sick Prog exP"
,Cherokee Narratives,Ꮲ ᎠᏎ ᏓᎳᏚ ᎢᏯᏆᏕᏘᏴᏓ ᎨᏎ ᎩᎳᎢᏊ ᎢᏳᏍᏗ ᎠᎩᏁᏓ ᎨᏒ ᎠᏆᎵᏍᎪᎸᏓᏁᎯ ᏓᏆᎴᎳ ᎠᎩᎯᎵᏓᏍᏗ,dlv ase daladu iyagwadetiyvda gese kila?igwu iyusdi agineda gesv agwalsgolhdanehi dagwalela agihilidasdi,"I guess I was about sixteen years old, and I had just gotten my operator's license.",,Cat Meowing,,1,Durbin Feeling,,,"about, probably, sixteen, my age, was, just recently, almost, I gotten had, which permits me, car, for me to drive",dlv ase daladu iy-agw-adetiyv-da ges-e kila?-igwu iyusdi ag-ined-a ges-v agw-alsgolhdaneh-i dagwalela agi-hili-das-di,"about, perhaps, sixteen, one-year-of-age, 3 be exP, recently just, almost, 1 get recP, be exP, 1 have-permission Ag, car, 1 drive Inf"
,Cherokee Narratives,ᎠᎴ ᎠᎩᎸᏉᏗ ᎨᏒ ᏗᏓᎾᏅ ᎾᎩᎶᎯᏍᏗ ᎣᏏ ᎠᎩᏰᎸᏒ ᏓᏆᎴᎳ ᎬᎩᎯᎵᏓᏍᏗ ᎨᏒᎢ,ale agilvkwdi gesv didadnv nagilohisdi osi agiyelvsv dagwalela gvgihilidasdi gesv?i,I really enjoyed going to the store because I liked to drive our car.,,Cat Meowing,,2,Durbin Feeling,,,"and, I liked, was, to the store, to go and return, good, for me, car, for-me-to-drive, was",ale ag-ilvkwdi ges-v didadnv n-agi-lohis-di osi ag-iyelvs-v dagwalela gv-gihili-das-di ges-v?i,"and, 1 like, be exP, store, Lat 1 go-return Inf, good, 1 think exP, car, nonF they/me drive Inf, be exP"
,Cherokee Narratives,ᎡᎵᏃ Ꮲ ᏦᎢ ᎢᏳᏟᎶᏓ ᎢᏴ ᎠᏂᎩᏓ ᏛᏓᎾᏅ,elihno dlv jo?i iyutliloda iyv ahnigida dvdananv,The store was about three miles from where we lived.,,Cat Meowing,,3,Durbin Feeling,,,"possibly and, about, three, miles, about, in distance, to store",eli-hno dlv jo?i iyuhliloda iyv ahnigi-da dvdananv,"possibly and, about, three, mile, about, in-length, store"
,Cherokee Narratives,ᎤᏔᎾᏃ ᏂᎦᏅᏅ 33 ᎪᏪᎵ Ꮲ ᎩᏄᏛᏗ ᎢᏳᏟᎶᏓ ᎠᏂᎩᏓ ᏦᎨᏅᏒ ᎠᏎᏃ ᎠᎨ ᎢᏴ ᏗᎦᏁᎶ ᎾᎥ ᎢᏦᎦᏓᎵ ᎥᏍᎩᏃ ᏂᎪᎯᎸ ᎠᎪᏩᏛᏗ ᎨᏐ ᎡᎳᏗ ᎠᎢᏒ,utanahno niganvhnv 33 gohweli dlv ginutdi iyutliloda ahnigida jogenvsv asehno age iyv diganelo na?v ijogadali vsgihno nigohilv agowahtvhdi geso eladi a?isv,"There was a state highway about a quarter of a mile from our house, and a neighbor lived just on the other side of us, and you would see him walking these roads all the time.",,Cat Meowing,,4,Durbin Feeling,,,"and big, there was a road, 33 numbered, about, one-fourth, measure of, in distance, our house, but, over there, about, he lived there, near, our neighbor, that and, all the time, him to see, was, on foot, as he walked along",utana-hno ni-g-anvhn-v 33 gohweli dlv ginutdi iyuhliloda ahnigi-da j-og-envsv ase-hno age iyv di-ganel-o na?v ijo-gadali vsgi-hno nigohilv a-gohwahtvh-di ges-o eladi a-?is-v,"big and, Lat 3 be-road exP, 33 numbered, about, one-fourth, one-mile, in-length, Pl they-and-I house, but and, over-there, about, Dst live Hab, near, they-and-I apart, that and, always, 3 see Inf, be Hab, on-ground, 3 walk exP"
,Cherokee Narratives,ᎥᏍᎩᏃ ᏄᎵᏍᏔᏂᏙᎸ ᎾᎯᏳ ᎩᎳ ᎤᏒ,vsgihno nulstanidolv nahiyu kila usv,One evening it had just gotten dark.,,Cat Meowing,,5,Durbin Feeling,,,"that and, it happened, then, early, night",vsgi-hno n-u-lstani-dol-v nahiyu kila usv,"that and, Spec 3 happen exP, then, early, night"
,Cherokee Narratives,ᏗᏓᎾᎾ ᎠᏇᏙᎸ ᎥᎦᎢᏒ ᏗᏇᏅᏒ ᎢᏗᏜ,didanana agwedolv vga?isv digwenvsv ididla,I was driving back from the store going home.,,Cat Meowing,,6,Durbin Feeling,,,"to the store, I had been, I was on my way back, my house, toward",didanana agw-edol-v v-g-a?is-v di-gw-envsv ididla,"store, 1 be exP, Rep 1 walk exP, Pl 1 house, toward"
,Cherokee Narratives,ᏃᏊᏃ ᎠᏆᏞᏌ 33 ᎪᏪᎵ ᎦᏅᏅ ᎠᎴ ᏗᏇᏅᏒ ᎢᏗᏜ ᏫᎦᏅᏅ ᏩᏆᏕᏙᎾ ᏓᏆᎴᎳ ᏚᏨᏍᏛ ᏫᏚᎸᏌᏓᏓ ᏫᎦᏅᏅ ᏫᎦᏥᎪᎥ ᎠᏂᏔᎵ ᎠᏂᏍᎦᏯ ᏩᎾᎢᏒᎢ,nogwuhno agwadlesa 33 gohweli ganvhnv ale digwenvsv ididla wiganvhnv wagwadetona dagwalela dujvstv widulvsadada wiganvhnv wigajigo?v anita?li anisgaya wana?isv?i,"As I turned off the state highway and onto the dirt road, the lights of our car shined down the road, and I saw two men walking.",,Cat Meowing,,7,Durbin Feeling,,,"and then, when I turned off, 33 numbered, road, and, my home, toward, down the road, when I got on, car, lights, they shined, down the road, I saw them, two of them, men, walking in the other direction",nogwu-hno agw-adles-a 33 gohweli ganvhnv ale di-gw-envsv idi-dla wi-g-anv-hnv w-agw-adeton-a dagwalela d-ujvstv wi-d-u-lvsadad-a wi-g-anvhn-v wi-g-ajigo?-v ani-ta?li ani-sgaya w-a-n-a?isv-?i,"then and, 1 turn-off recP, 33 numbered, road, and, Pl 1 house, toward, Tr 3 road exP, Tr 1 get-on recP, car, Pl light, Tr Pl 3 shine recP, Tr 1 down-road exP, Tr 1 see exP, 3 Pl two, 3 Pl man, Tr 3 Pl walk Ag"
,Cherokee Narratives,ᏌᏊᏃ ᎩᎳᏊ ᎢᏴᏓ ᏥᏲᎵᏨ ᎾᎥ ᎢᏦᎦᏓᎵ ᎨᏒᎢ,sagwuhno kilagwu iyvda jiyolijv na?v ijogadali gesv?i,I recognized one of them immediately as our neighbor.,,Cat Meowing,,8,Durbin Feeling,,,"and one, immediately, length of time, I recognized him, near, neighbor, was",sagwu-hno kila-gwu iyvda ji-yolij-v na?v ijo-gadali ges-v?i,"one and, immediately just, length-of-time, 1 recognize exP, near, they-and-I apart, be exP"
,Cherokee Narratives,ᎤᎾᎵᎪᏒᎢᏍᎩᏂ Ꮭ ᏱᏥᏲᎵᏤᎢ,unaligosv?isgini hla yijiyolije?i,But his partner I didn't recognize.,,Cat Meowing,,9,Durbin Feeling,,,"but his partner, not, I did not recognize him",u-n-aligos-v?i-sgini hla yi-ji-yolije-?i,"3 Pl be-partners exP but, no, nonF 1 recognize"
,Cherokee Narratives,ᎠᏎᏃ ᏫᎦᏥᏯᏢᏔᎭ ᎠᏆᎴᏫᏍᏔᏅ ᎤᎾᏦᏗ ᎤᎬᏩᏟ,asehno wigajiyadlvtaha agwalehwistanv unajodi ugvwahli,"As I caught up with them, I stopped the car to give them a ride.",,Cat Meowing,,10,Durbin Feeling,,,"however, when I caught up with them, I stopped, for them to get in, purpose of",ase-hno wi-gajiy-adlvtah-a agw-alehwistan-v u-n-ajo-di ugvwahli,"but and, Tr I-them catch-up recP, 1 stop exP, 3 Pl get-in Inf, purpose"
,Cherokee Narratives,ᏓᏳᏍᏚᎢᏒᏃ ᎦᎶᎯᏍᏗ ᎠᎴ ᏓᏳᏣᏅᎢ ᎤᏣᎾᏃ ᎤᏍᏚᏅ ᎦᎶᎯᏍᏗᎢ,dayusdu?isvhno galohisdi ale dayujanv?i ujanahno usduhnv galohisdi?i,"The door opened, and our neighbor got in and closed the door behind him.",,Cat Meowing,,11,Durbin Feeling,,,"he opened, and, door, and, he got in, and when he got in, he closed it, door",d-a-yu-sdu?is-v-hno galohisdi ale d-a-yu-jan-v?i u-jan-a-hno u-sdu-hnv galohisdi?i,"Pl 3 open exP and, door, and, Pl 3 get-in exP, 3 get-in and, 3 close exP, door"
,Cherokee Narratives,ᏍᏓᎵᎪᏒᎾᎲ Ꮭ ᏱᏛᏣᏂ ᏥᏲᏎᎸ,sdaligosvnahv hla yidvjani jiyoselv,"""Isn't your friend going to ride with us?"" I asked him.",,Cat Meowing,,12,Durbin Feeling,,,"what about your partner, no, he is not getting in, I said to him",sd-aligosv-nahv hla yi-d-v-jan-i ji-yos-el-v,"you/two partner what-about, no, nonF Pl 3 get-in Ag, 1 say Dat exP"
,Cherokee Narratives,ᎡᏝᏪᎢᏊᏃ ᏓᏆᎧᎿᏅ,ehlawe?igwuhno dagwakahnanv,He looked at me puzzled.,,Cat Meowing,,13,Durbin Feeling,,,"and silently, he looked at me",ehlawe?i-gwu-hno d-agw-akahnan-v,"silently also and, Pl he/me look exP"
,Cherokee Narratives,ᏞᎦ ᏥᏍᎦᏍᏓᏁᏗ ᎦᏁᎸᏗᏍᎬ ᎡᎵᏍᎬ,hlega jisgasdanehdi ganelhdisgv elisgv,He thought I was trying to scare him.,,Cat Meowing,,14,Durbin Feeling,,,"awhile, for me to scare him, my trying, he thought",hlega ji-sgasdaneh-di g-anelhdis-g-v elis-g-v,"awhile, 1 scare Inf, 1 try Prog exP, 3 think Prog exP"
,Cherokee Narratives,ᎠᏎᏃ ᎤᏁᏣ ᏝᏗ ᎩᎶ ᏲᎩᎾᎵᎪᏎ ᎠᏉᏎᎸ,asehno uhneja hladi kilo yoginaligose agwoselv,"When he spoke, he said, ""There was no one with me.""",,Cat Meowing,,15,Durbin Feeling,,,"but, when he spoke, not, someone, I wasn't with, he said to me",ase-hno u-hnej-a hladi kilo y-ogi-naligos-e agw-os-el-v,"but and, 3 speak recP, no, someone, nonF they-and-I be-with repP, he/me say Dat exP"
,Cherokee Narratives,ᎠᏴᏃ ᏃᏊ ᎠᎩᏍᎦᏍᏓᏁᎲ ᎤᎴᏅᎲ,ayvhno nogwu aksgasdanehv ulenvhv,Then I began to get scared.,,Cat Meowing,,16,Durbin Feeling,,,"and I, then, my getting scared, started",ayv-hno nogwu ak-sgasdaneh-v u-lenvh-v,"I and, then, 1 get-scared exP, 3 start exP"
,Cherokee Narratives,ᎦᏅᏓᏗᏍᎪ ᏗᎩᎦᏴᎵᎨ ᏥᎨᏒ ᏃᏊᎴ ᎡᏚᏚ ᎡᎵᏏᏃ ᏥᎨᏒ ᎪᎩᏃᎯᏎᎯ ᎨᏒ ᏦᏥᏲᏟ ᏙᎦᏛᏏᏗᏒ Ꮎ ᏴᏫ ᏧᎾᏍᏗ ᏥᏓᏃᏎᎲ,ganvdadisgo digigayvlige jigesv nogwule edudu elisihno jigesv gogihnohisehi gesv jojiyohli dogatvsidisv na yvwi junsdi jidanosehv,"I remember that my parents, my grandfather, and my grandmother would tell us, when we were children, about the Little People.",,Little People,,1,Durbin Feeling,,,"I remember, my parents, who were, and also, my grandfather, and my grandmother, who were, they would tell us, were, we children, as we were growing up, those, people, little ones, which they were called",ga-nvdadis-g-o di-gi-gayvlige ji-ges-v nogwu-le e-dudu e-lisi-hno ji-ges-v gogi-hnohiseh-i ges-v j-oji-yohli d-og-atvs-idis-v na yvwi j-u-n-sdi ji-d-a-noseh-v,"1 remember Prog Hab, Pl 1 parent, Rel be exP, also, 1Pos grandfather, 1Pos grandmother and, Rel be exP, 3 Pl they/them-and-me tell Ag, be exP, Pl they-and-I child, Pl they-and-I grow begin exP, that, person, Pl 3 Pl little, Rel Pl 3 call exP"
,Cherokee Narratives,ᏝᏃ ᎥᏍᏊ ᏱᏂᎦᎵᏍᏗᎭᏊ ᎩᎶ ᏧᏂᎪᎲᎯ ᏱᎨᏎ ᎥᏍᎩᎾ ᏴᏫ ᏧᎾᏍᏗ ᎡᎵᏍᎩᏂ ᎢᎸᏍᎩ ᎾᏂᎥ ᎩᎶ ᎦᏥᏲᎵᎩ ᎤᎾᏕᎶᎰᏒᎯ ᎨᏒ ᎪᎱᏍᏗ ᎠᏎᎩ ᎨᏒ ᏂᎦᎵᏍᏔᏅᎥᏍᎬ ᎠᎴ ᏱᎩ ᎤᎾᏛᎦᏅᎯ ᎨᏒ ᎩᎶ ᎠᏂᏬᏂᏍᎬ ᎠᏎᏍᎩᏂ ᎩᎶ ᏂᏓᏂᎪᏩᏘᏍᎬᎾ,hlahno vsgwu yinigalsdihagwu kilo junigohvhi yigese vsgina yvwi junsdi elisgini ilvsgi nani?v kilo gajiyoligi unadelohosvhi gesv gohusdi asegi gesv nigalstanv?vsgv ale yigi unatvganvhi gesv kilo aniwonisgv asesgini kilo nidanigowhtisgvna,"Not just anyone had seen the Little People, but there were a few people that I know who had experienced some unusual happenings and had heard someone talking but had not seen them.",,Little People,,2,Durbin Feeling,,,"and not even, just any, someone, they have not seen, was, those, people, little ones, although, a few, of them, someone, I know them, they had known about it, was, something, peculiar, was, the happenings, and, maybe, they had heard about it, was, someone, their talking, but however, someone, they not seeing them",hla-hno vsgwu yi-ni-g-alsdih-a-gwu kilo j-u-ni-goh-vhi ji-ges-e vsgina yvwi j-u-n-sdi elisgini ilvsgi n-a-n-i?-v kilo ga-ji-yoligi u-n-adelohos-vhi ges-v gohusdi asegi ges-v ni-g-alstanv?vs-g-v ale y-igi u-n-atv-gan-vhi ges-v kilo a-ni-wonis-g-v asesgini kilo ni-d-a-ni-gowhtis-g-v-na,"not and, even, nonF Spec 3 happen Pres just, someone, Pl 3 Pl see exP, Rel be repP, that, person, Pl 3 Pl little, although, a few, Neg 3 Pl see exP, someone, I/them know, 3 Pl know exP, be exP, something, peculiar, be exP, Spec 3 happen Prog exP, and, nonF be, 3 Pl hear exP, be exP, someone, 3 Pl speak Prog exP, but, someone, Neg Pl 3 Pl see Prog exP Neg"
,Cherokee Narratives,ᎥᏍᎩᏃ ᎢᏳᎵᏍᏔᏂᏙᎸᎯ ᏱᎩ ᏴᏫ ᏧᎾᏍᏗᎢ ᏓᏂᏠᏎᎲᎢ,vsgihno iyulstanidolvhi yigi yvwi junsdi?i danihlosehv?i,"When something like that had happened, they would say it was the Little People.",,Little People,,3,Durbin Feeling,,,"and that, it had happened, if, people, little ones, they blamed them",vsgi-hno iyulstanidolvhi y-igi yvwi j-u-n-sdi?i d-a-ni-hlosehv?i,"that and, happening, nonF be, person, Pl 3 Pl little, Pl 3 Pl blame exP"
,Cherokee Narratives,ᏝᏃ ᎥᏍᏉ ᏗᏍᎦᎢᏍᏗ ᏱᎨᏎ ᎠᎾᏗᏍᎪ ᏱᏚᏂᏃᎮᏝ ᎤᎾᏓᏅᏘᎮᏃ ᎠᎴ ᎣᏍᏓ ᎨᏒ ᎢᏳᎵᏍᏓᏁᏗ ᏴᏫ ᎢᏳᏃ ᏂᏓᏐᏢᏤᎲᎾ ᏱᎩ,hlahno vsgwo disga?isdi yigese anadisgo yidunihnohehla unadanvtihehno ale osda yvwi iyulsdahnehdi yvwi iyuhno nidasodlvjehvna yigi,"The Little People were not to be feared, they would say when they talked about them, because they were friendly, and those who came into contact with them were to meet good fortune if they welcomed them.",,Little People,,4,Durbin Feeling,,,"and not also, to fear them, it was not, they say, when they talked about them, because they are friendly, and, good, that which is to happen to him, person, if, not to dare them, if it was",hla-hno vsgwo di-sga?is-di yi-ges-e a-n-adis-g-o yi-d-u-ni-hno-hehla u-n-adanvtih-e-hno ale osda ges-v iy-u-lsdahn-eh-di yvwi iyuhno ni-d-asodlvjehv-na y-igi,"not and, and, Pl fear Inf, nonF be repP, 3 Pl say Prog Hab, nonF Pl 3 Pl talked-about RecP, 3 Pl friendly repP and, and, good, be exP, Inf 3 happen Dat Inf, person, if, Neg Pl dare Neg, nonF be"
,Cherokee Narratives,ᎠᎾᏗᏍᎪᎢ ᎠᎴ ᏱᎩ ᎬᏩᎾᏓᏍᏕᎸᏗ ᎨᏒ ᎪᎱᏍᏗ ᎦᎾᏰᎩ ᏱᏂᏧᏍᏗᏓᎾ ᏮᎦᏛ ᎢᏗᏜ,anadisgo?i ale yigi gvwanadasdelhdi gesv gohusdi ganayegi yinijusdidana wvktv ididla,Also they would help in a time of need or if you were headed toward danger.,,Little People,,5,Durbin Feeling,,,"they said, and, if it, to help, was, something, dangerous, if it existed, ahead, toward",a-n-adis-g-o?i ale y-igi gvw-an-adasdelh-di ges-v gohusdi ganayegi yi-ni-j-u-sdidan-a wvktv idi-dla,"3 Pl say Prog Hab, and, nonF be, 3 Pl help Inf, be exP, something, dangerous, nonF Pl Pst be recP, ahead, toward"
,Cherokee Narratives,ᎤᏠᏱᏊ ᎤᏁᎳᏅᎯ ᏱᏛᏁᎵᏗ ᏗᏂᎧᏃᏩᏗᏙᎯ ᏥᏕᎬᏗᎭ ᏴᏫ ᏓᏍᏕᎵᏍᎬ ᎠᎭᏂ ᎡᎶᎯ ᎨᏒ ᎾᏍᎩᏯ ᏯᏛᎿ ᎥᏍᎩᎾ ᏴᏫ ᏧᎾᏍᏗᎢ,uhloyigwu unelanvhi yidvnelhdi dinikanowadidohi jidekdiha yvwi dasdelisgv ahani elohi gesv nasgiya yadvhna vsgina yvwi junsdi?i,"Just as one would have faith in God and his angels, so were the Little People there to help.",,Little People,,6,Durbin Feeling,,,"same as, God, if you have faith in, angels, the ones he uses, people, his helping, here, on earth, is, that, let's say, that, people, little ones",uhloyi-gwu unelanvhi yi-d-vnel-hdi di-ni-kanowadidoh-i ji-d-ekdih-a yvwi d-a-sdelis-g-v ahani elohi ges-v nasgi-ya y-a-dvhn-a vsgina yvwi j-u-n-sdi?i,"same just, god, nonF Pl have-faith Inf, Pl Pl keep-eye-on Ag, Rel Pl use Pres, person, Pl 3 help Prog exP, here, on-earth, be exP, that same, nonF 3 say Pres, that, person, Pl 3 Pl little"
,Cherokee Narratives,ᏥᏓᏃᏎᎲᎢ ᎪᎱᏍᏗ ᏴᎦᎵᏍᏔᏂᏓ ᎨᏐ ᎢᏳᏓᎵᎭ ᏱᏅᎦᎦᎵᏍᏓᏊ ᎦᏰᎵᏍᏗ ᎥᏍᎩᏃ ᏱᏄᎵᏍᏔᏂᏙᎳ ᎠᎾᏓᏍᏕᎵᏍᎪ ᏴᏫ ᏧᎾᏍᏗ ᎠᎾᏂᏍᎩ ᎨᏒ ᏗᎩᎦᏴᎵᎨ ᏥᎨᏒᎢ,jidanosehv?i gohusdi yvgalstanida geso iyudaliha yinvgagalsdagwu gayelisdi vsgihno yinulstanidola anadasdelisgo yvwi junasdi anadisgi gesv digigayvlige jigesv?i,"Once in a while something might happen that would seem extraordinary, and if it did, the Little People are there to help, my parents would say.",,Little People,,7,Durbin Feeling,,,"which they are called, something, it might happen, it is, once in a while, impossible to happen, one might think, and that, if that happens, they help you, people, little ones, they would say, were, my parents, who were",ji-d-a-n-oseh-v?i gohusdi y-v-galstanid-a ges-o iyudaliha yi-n-v-gagalsd-a-gwu g-ayelisi-di vsgi-hno yi-n-u-lstanidol-a a-n-adasdelis-g-o yvwi j-u-n-asdi a-n-adis-g-i ges-v di-gigayvlig ji-ges-v?i,"Rel Pl 3 Pl say exP, something, nonF 3 happen Pres, be Hab, once-in-a while, nonF Pl not-possible recP just, 3 think Inf, that and, nonF Spec 3 happen Pres, 3 Pl help Prog Hab, people, Pl 3 Pl little, 3 Pl say Prog Ag, be exP, Pl parent, Rel be exP"
,Cherokee Narratives,ᏌᏊᏃ ᎢᏳᏩᎪᏗ ᎡᎵᏏ ᎡᏚᏚᏃ ᎤᏒ ᎢᎠᎾᎢᏎ ᏧᏁᏅᏒ ᎢᏗᏜ ᏧᏂᎳᏫᎢᏍᏗ ᎤᏁᏙᎸᎯ ᎤᏍᏗᏃ ᎦᏅᏅ ᎠᎾᎢᏎ ᎡᎵ ᎢᎸᏍᎩ ᎢᏳᏩᎪᏗ ᎤᏂᎶᏏᏙᎸ ᎠᎴ ᎤᏂᎩᏌᏓ ᎠᎴ ᎬᏁᎳᎩᏊ ᏯᏛᎿ ᎤᎾᏅᏓ ᏓᏕᏲᎴᎬ ᎤᏍᏗ ᎦᏅᏅ ᎠᎾᏗᏍᎪ ᎾᎯᏳ ᎠᎾᎢᏒᎢ ᏝᏃ ᎠᏨᎢᏍᎪᏗ ᏯᏂᏰᎮ,sagwuhno iyuwakdi elisi eduduhno usv i?ana?ise junenvsv ididla junilawi?isdi unedolvhi usdihno ganvhnv ana?ise eli ilvsgi iyuwakdi unilosidolv ale unikisada ale gvnelagigwu yadvhna unanhte dadeyolegv usdi ganvhnv anadisgo nahiyu ana?isv?i hlahno atsvisdodi yanihyehe,"One night my grandmother and grandfather were walking home from church through a path they had been quite familiar with, familiar enough with it that they had no light with them.",,Little People,,8,Durbin Feeling,,,"and one, time, my grandmother, and my grandfather, night, they were walking back, their home, toward, church, they had been, and little, road, they were walking, quite, a few, times, they had been through, and, they were used to it, and, by memory, you might say, they knew, the curves, little, road, they say, at that time, as they walked, and not, light, they did not have",sagwu-hno iyuwakdi e-lisi e-dudu-hno usv i?-a-n-a?is-e j-u-nenvsv idi-dla j-u-ni-lawi?is-di u-n-edol-vhi usdi-hno ganvhnv i-a-n-a?is-e eli ilvsgi iyuwakdi u-n-ilosidol-v ale u-ni-kisad-a ale gvnelagi-gwu y-a-dvhn-a u-n-anht-e d-adeyole-g-v usdi ganvhnv a-n-adis-g-o nahiyu a-n-a?is-v?i hla-hno ajv?asdodi y-a-n-ihyeh-e,"one and, time, 1Pos grandmother, 1Pos grandfather and, night, Rep 3 Pl walk repP, Pl 3 home, toward, Pl 3 Pl worship Inf, 3 Pl be exP, little and, road, Rep 3 Pl walk repP, quite, few, time, 3 Pl go-through exP, and, 3 Pl accustomed-to Pres, and, memory just, nonF 3 say Pres, 3 Pl know repP, Pl curve Prog exP, little, road, 3 Pl say Prog Hab, at-that-time, 3 Pl walk exP, not and, light, nonF 3 Pl have repP"
,Cherokee Narratives,ᎠᏎᏍᎩᏂ ᎤᏂᎩᏌᏓ ᎨᏎ ᏓᏕᏲᎴᎬ ᎪᎯᏍᎩᎢ ᎨᏒ ᏚᏩᎢᏢ ᏫᏚᏂᏃᏥᏞ,asesgini unikisada gese dadeyolegv kohisgini gesv duwa?ihlv widuninolhjihle?i,"They knew every bend, every curve, but suddenly they walked into bushes.",,Little People,,9,Durbin Feeling,,,"however, they used to it, were, the curves, but this time, which is, bushes, they bumped into",ase-sgini u-ni-kisad-a ges-e d-adeyole-g-v kohi-sgini ges-v d-u-wa?ihlv wi-d-u-ni-nolhjihl-e?i,"but, 3 Pl accustomed-to recP, be repP, Pl curve Prog exP, but this time, be exP, Pl 3bush, Tr Pl 3 bump-into repP"
,Cherokee Narratives,ᎢᎸᏍᎩᏃ ᏄᎾᏁᎵᏔᏁ ᎤᎾᏕᏯᏍᏗ ᏚᏩᎢᏢ ᎠᏎᏃ ᏏᏊ ᎤᎿᏊ ᏫᏓᏂᏃᎸᏥᎯᎮ,ilvsgihno nunanelhtane unadeysdi duwa?ihlv asehno sigwu uhnagwu widaninolhjihihe,"They tried to sidestep them and go around, but each attempt only caused them to walk into more bushes.",,Little People,,10,Durbin Feeling,,,"and a few, times they tried, for them to go around, bushes, but, again, just there, they would bump into",ilvsgi-hno n-u-n-anelhtan-e u-n-adeys-di d-u-wa?ihlv asehno sigwu uhna-gwu wi-d-a-ni-nolhjihih-e,"few and, Spec 3 Pl try repP, 3 Pl go-around Inf, Pl bush, but, again, there just, Tr Pl 3 bump-into repP"
,Cherokee Narratives,ᎠᎴ ᎤᎾᏕᏲᏁ ᏂᎬᏩᏍᏕ ᎠᎾᏗᏍᎪᎢ,ale unadeyohne nigvwsde anadisgo?i,They seemed to make a complete circle trying to go around the bushes.,,Little People,,11,Durbin Feeling,,,"and, they circled, it seemed, they say",ale u-n-adeyohn-e ni-g-vwsd-e a-n-adis-g-o?i,"and, 3 Pl circle repP, Spec 3 seem repP, 3 Pl say Prog Hab"
,Cherokee Narratives,ᏃᏊᏃ ᏭᏂᏩᏛᎭ ᎤᏜᏅᏛ ᎤᏂᎦᏛᎴᏎ,nogwuhno wunihwahtvha udlanvdv uniktvlese,"And just as suddenly as they had encountered the bushes, the obstacles were gone.",,Little People,,12,Durbin Feeling,,,"and then, when they found it, opening, they went through",nogwu-hno w-u-ni-hwahtvh-a udlanvdv u-ni-ktvles-e,"now and, Tr 3 Pl find Pres, opening, 3 Pl go-through repP"
,Cherokee Narratives,ᎠᎴ ᎤᎾᏂᎩᏎ ᎤᏍᏗ ᏫᎦᏅᏅᎢ ᎨᏃ ᎢᏴᏓ ᎤᎾᏂᎩᏓ ᎤᎾᏕᎶᎰᏎ ᏧᏂᎶᏒ ᎢᏗᏜ ᏫᎠᎾᎢᏎᎢ,ale unahnigise usdi wiganvhnv?i gehno iyvda unahnigida unadelohose junilosv ididla wi?ana?ise?i,"They began to walk along the path again, and when they had gone a little way, they realized that they were headed in the direction that they had come from.",,Little People,,13,Durbin Feeling,,,"and, they start out, little, down the road, and over, distance, they had walking, they noticed, the way they came from, toward, they were walking",ale u-n-ahnigis-e usdi wi-g-anvhn-v?i ge-hno iyvda u-n-ahnigid-a u-n-adelohos-e j-u-ni-los-v idi-dla wi-?a-n-a?is-e?i,"and, 3 Pl start-walking repP, little, Tr 3 road exP, over-there and, distance, 3 Pl walk Pres, 3 Pl notice repP, Dst 3 Pl come-from exP, toward, Tr 3 Pl walk repP"
,Cherokee Narratives,ᎢᎤᎾᏨᏌᏃ ᏃᏊ ᎣᏍᏓᏊ ᏭᏂᎶᏎ ᎢᎸᏢᎢᏊ ᏫᏂᏚᏂᏃᎵᏥᏢᎾ,i?unajvsahno nogwu osdagwu wunilose ilvhdlv?igwu winiduninolhjihlvna,They faced about and started toward their home and reached their destination with no problem.,,Little People,,14,Durbin Feeling,,,"and when they turned around, then, just good, they went, without somewhere, them bumping into it",i?-u-n-ajvs-a-hno nogwu osda-gwu w-u-ni-los-e ilvhdlv?i-gwu wi-ni-id-u-ni-nolhjihlv-na,"Rep 3 Pl turn recP and, then, good just, Tr 3 Pl go-again repP, without-somewhere just, Tr Neg Pl 3 Pl bump-into recP Neg"
,Cherokee Narratives,ᎡᏚᏚ ᏥᎨᏒ ᎧᏃᎮᏍᎪ ᎥᏍᎩᏃ ᎤᏃᎮᏓ ᎤᎵᏏ ᏥᎨᏒ ᎾᎯᏳ ᏗᎧᎸᎬ ᎠᏏ ᏥᏗᏁᎮ ᎠᏂᏣᎳᎩ Ꮩ ᎡᏘᏴ ᏥᎨᏒ,edudu jigesv kanohesgo vsgino unoheda ulisi jigesv nahiyu dikalvgv asi jidinehe anijalagi do etiyv jigesv,My grandfather tells me a story told by his grandmother when the Cherokees were still living in the east quite a long time ago.,,Origin of Evil Magic,,1,Homer Snell,,,"my grandfather, who was, he tells, and, told by, his grandmother, who was, then, to the east, yet, when they lived there, Cherokees, really, long ago, who was",e-dudu ji-ges-v ka-nohes-g-o vsgi-hno u-n-ohed-a u-lisi ji-ges-v nahiyu dikalv-gv asi ji-di-n-eh-e a-ni-jalagi do etiyv ji-ges-v,"1Pos grandfather, Rel be exP, 3 tell Prog Hab, that and, 3 Pl tell Pres, 3Pos grandmother, Rel be exP, then, in-east, yet, Rel Pl Pl live repP, 3 Pl cherokee, really, long-ago, Rel be exP"
,Cherokee Narratives,ᎤᏁᎳᏅᎯ ᏚᏁᎴ ᎡᎵᏍᏗ,unelanvhi duhnele elisdi,"The Creator, it seems, gave them a gift.",,Origin of Evil Magic,,2,Homer Snell,,,"God, he gave them, it seems",unehla d-u-n-l-e elisi,"god, Pl 3 Pl give repP, seem"
,Cherokee Narratives,ᎾᏗ ᎧᏃᎮᏍᎬ Ꮎ ᏓᎾᏓᏁᏎ ᏣᎾᏗ ᎫᏍᏗ ᏣᎾᏓᏛᏁ,nadi kanohesgv na danadanese janadi gusdi janadadvne,"He was talking about that which they call conjuring, when they do things to one another.",,Origin of Evil Magic,,3,Homer Snell,,,"that is, he was talking about, that, they conjure each other, which they say, something, they do to you",na k-a-n-ohes-g-v na d-a-n-ada-nes-e j-a-n-adi gusdi j-a-n-ada-dvn-e,"that, 3 Pl talk Prog exP, that, Pl 3 Pl Refl conjure repP, Rel 3 Pl say, something, Pl 3 Pl Refl do repP"
,Cherokee Narratives,ᎾᏍᎩ ᎠᏎᏃ Ꮭ ᎥᏍᎩ ᎢᏳᏅᏙᏗ ᏱᎨᏥᏁᎴ,nasgi asehno hla vsgi iyunvdodi yigejinele,But that was not the purpose of the gift.,,Origin of Evil Magic,,4,Homer Snell,,,"that, but, not, that, in order to use it, if it was given to them",nasgi ase-hno hla vsgi iyunvdodi yi-g-eji-n-el-e,"that, but, not, that, for-that-purpose, nonF 3Pl Pas give Dat repP"
,Cherokee Narratives,ᎤᎾᎵᏍᏓᏴᏗ ᎤᏂᏩᏛᏙᏗ ᎨᏥᏁᎴ ᎫᏍᏗ ᎤᏂᎯᏍᏙᏗ ᎪᎱᏍᏗ,unalisdayvdi uniwadvdodi gejinele gusdi unihisdodi gohusdi,It was given to them for the purpose of getting food by killing something.,,Origin of Evil Magic,,5,Homer Snell,,,"their food, for them to find with, it was given to them, something, for them to kill it with, something",u-n-alisdayv-di u-ni-wadvdo-di g-eji-nel-e gusdi u-ni-hisdo-di gohusdi,"3 Pl feed Inf, 3 Pl find Inf, 3 Pl Pas give Dat repP, something, 3 Pl kill Inf, something"
,Cherokee Narratives,ᎠᏃᏢᏍᎨ ᎡᎵᏊ Ꭸ ᎢᏴ ᎬᎴ ᎡᎵ ᎪᎱᏍᏗ ᎬᏩᏂᎯᏍᏗ ᎠᏫ ᏱᎩ ᎠᎴ ᎪᎱᏍᏗ ᎢᎾᎨ ᎡᎯ ᏍᎩᏃ ᎠᏁᎮ,anodlvsge eligwu ge iyv gvle eli gohusdi gvwanihisdi awi yigi ale gohusdi inage ehi sgino anehe,They made something that they could kill a deer with from a distance or other animals.,,Origin of Evil Magic,,6,Homer Snell,,,"they made it, it was possible, over there, from there position, it was possible, something, for them to kill, deer, for example, and, something, wild game, dweller, and that, there were",a-n-ohlvs-g-e eli-gwu ge iyv gvle eli gohusdi gv-wa-ni-his-di awi y-igi ale gohusdi inage eh-i sgi-no a-n-eh-e,"3 Pl make Prog repP, possible just, over there, from position, possible, something, 3pl kill Inf, deer, nonF be, and, something, forest, dwell Ag, that and, 3 Pl live repP"
,Cherokee Narratives,ᎠᏂᏃᎭᎵᏙ ᎠᏂᏔᎵ ᎠᏗᏍᎪ,aninohalido anitali adisgo,"And there were two hunters, they say.",,Origin of Evil Magic,,7,Homer Snell,,,"hunters, two of them, he says",a-ni-nohalido a-ni-tali a-dis-g-o,"3 Pl hunt, 3 Pl two, 3 say Prog Hab"
,Cherokee Narratives,ᎠᏂᏃᎭᎵᏙᎲ ᏌᏊᏃ ᏧᎾᏔᎾ ᏓᎯᎮ ᏣᏗᎲ,aninohalidohv sagwuno junatana dahihe jadihv,"As they hunted, one of them would kill large deer, he said.",,Origin of Evil Magic,,8,Homer Snell,,,"while they were hunting, and one, big ones, he would kill, he was saying",a-ni-nohali-doh-v sagwu-no j-u-n-atana ahwi d-a-hih-e j-a-dih-v,"3 Pl hunt exP, one and, Pl 3 Pl big, deer, 3 Pl kill repP, Pst 3 say exP"
,Cherokee Narratives,ᏐᎢᏃ ᎤᏠᎨ ᎤᏔᏂᏓ ᏧᎾᏍᏗ ᏓᎯᎮ ᏣᏗᎲ,so?ino udloge utanida junasdi dahihe jadihv,"And the other one couldn't find a big one, he just killed small ones, he said.",,Origin of Evil Magic,,9,Homer Snell,,,"and the other, he couldn't find, a bigger one, small ones, he would kill, he was saying",so?i-no u-dlo-g-e utan-ida j-u-n-asdi d-a-hih-e j-a-dih-v,"other and, 3 search-in-vain Prog repP, big more, Pl 3 Pl small, Pl 3 kill repP, Pst 3 say exP"
,Cherokee Narratives,ᎤᏩᏳᏤ ᏣᏗᎲ,uwayuje jadihv,The one that was killing small ones got jealous.,,Origin of Evil Magic,,10,Homer Snell,,,"he became jealous, he was saying",uw-ayuj-e j-a-dih-v,"3 get-angry repP, Pst 3 say exP"
,Cherokee Narratives,Ꮎ ᏧᎾᏍᏗ ᏗᎯᎯ ᎠᏫ ᏗᎯᏍᏙᏗ ᏓᏥᏴᏓᏁᎵ ᏓᏥᎵ Ꮎ ᎠᏫ ᏧᎾᏔᎾ ᏥᏓᎯᎭ ᎤᏛᏁ ᏣᏗᎲ,na junasdi dihihi awi dihisdodi dajiyvdaneli dajili na awi junatana jidahiha udvne jadihv,"He said, ""I'm going to use the thing to kill deer with on him and kill him,"" he said.",,Origin of Evil Magic,,11,Homer Snell,,,"the small ones, killer, deer, to kill with, I am going to use on him, I am going to kill him, that, deer, big ones, the one who is killing them, he said, he was saying",na j-u-n-asdi di-hih-i awi di-his-dodi da-jiy-vdan-el-i da-j-il-i na awi j-u-n-atana ji-d-a-hih-a u-dvn-e j-a-dih-v,"that, Pl 3 Pl small, Pl kill Ag, deer, Pl kill Inf, Fut 1 use-on Dat Fut, Fut 1 kill Fut, that, deer, Pl 3 Pl big, Rel Pl 3 kill Pres, 3 say repP, Pst 3 say exP"
,Cherokee Narratives,ᏍᎩᎾ ᎤᏮᏔᏁ ᏧᏍᏓᏲᏓᏃ ᎠᏗᎰ Ꮎ ᎸᏢ ᎠᏴᏓᏆᎶᏍᎩ ᎤᏩᏂᎸ ᏥᏂᏚᏍᏙ Ꮎ ᏧᎵᏍᏡᏴ ᎥᏍᎩᏃ ᎢᏳᏍᏗ ᏓᏃᏢᏗᎮ ᏣᏗᎲ ᏧᏂᏲᏍᏙᏗ,sgina uwvtane jusdayodano adiho na lvdlv ayvdagwalosgi uwanilv jinidusdo na julisdluyv vsgino iyusdi danodlvdihe jadihv juniyosdodi,"He used that, he says, where there's a tree struck by lightning and there are slivers, that's what they used, he said, to shoot them with.",,Origin of Evil Magic,,12,Homer Snell,,,"that, he used, tree struck by lightning, he says, that, somewhere, thunder, which was struck by, that exists, that, that were split, and that, like it, they made out of them, he was saying, to shoot them with",sgina uw-tan-e j-u-sdayod-a-no a-dih-o na lvdlv a-yvdagwalos-g-i u-wanil-v ji-ni-du-sd-o na j-u-lisdluy-v vsgi-no iyusdi d-a-n-odlvdih-e j-a-dih-v j-u-ni-yos-dodi,"that, 3 use repP, Rel 3 struck-by-lightning recP and, 3 say Hab, that, somewhere, 3 thunder Prog Ag, 3 strike exP, Rel Pl exist Hab, that, Pst 3 split exP, that and, like-that, Pl 3 Pl make-out-of-them repP, Pst 3 say exP, Pl 3 Pl shoot Ins"
,Cherokee Narratives,ᏝᏅ ᏯᏆᏅᏔ ᎪᎱᏍᏗ ᏯᎾᏗ ᏗᎪᏍᏓᏱᏍᎩᏂ ᏂᏓᏅᏁᎮ ᏃᏊᏅ Ꮎ ᎠᏥᎸᎯ ᏗᎪᏰᎲ ᏂᏓᏅᏁᎮ ᏃᏊᏅ ᎯᎠ ᏄᏍᏛ ᏓᏂᏝᏗᏍᎨ ᏓᎾᏍᎪᎵᏰᏍᎨ ᎠᏗ ᎫᏍᏗ ᎠᏎ ᎠᎾᏗᏍᎨ,tlanv yagwanvta gojusdi yanadi digosdayisgini nidanvnehe nogwunv na ajilvhi digoyehv nidanvnehe nogwunv hi?a nusdv danitladisge danasgoliyesge adi gusdi ase anadisge,"I don't know if they would say anything, but they would make them real sharp, and then they would burn the tips and put them right here, and they would rub them together, and I guess they would say something.",,Origin of Evil Magic,,13,Homer Snell,,,"and not, I don't know, something, if they say, sharp ones however, they made them, and then, that, in the fire, heated, they would do, and then, this, place, they would lay them on, they would rub them, I guess, something, I guess, they would say",hla-nv y-agw-onvt-a gohusdi y-a-n-adi di-gosdayi-sgini ni-d-a-n-vneh-e nogwu-nv na ajilv-hi di-goyehv ni-d-a-n-vneh-e nogwu-nv hi?a nusdv d-a-ni-nladis-g-e d-a-n-asgoliyes-g-e adi gusdi ase a-n-adis-g-e,"not and, nonF 1 know Pres, something, nonF 3 Pl say, Pl sharp but, Spec Pl 3 Pl make repP, then and, that, fire in, Pl heated, Spec Pl 3 Pl do repP, then and, this, place, Pl 3 Pl lay-on Prog repP, Pl 3 Pl rub Prog repP, possibly, something, perhaps, 3 Pl say Prog repP"
,Cherokee Narratives,ᏱᏭᏂᎪ ᎪᎱᏍᏗ ᎢᏳᏍᏗ ᎤᎾᏚᎵᏍᎬ ᏃᏉᏅ ᎤᎿ ᎢᏗᏢ ᏳᏂᎧᏔᏓ ᏳᎾᏦᏔᎭᏊ ᎠᏝᏫᏗᏍᎨ ᎤᏠᏱᏊ ᎦᏂ,yiwunigo gohusdi iyusdi unadulisgv nogwenv uhna ididlv yunikatada yunajotahagwu atlawidisge udloyigwu gani,"And when they would see something that they wanted, they would point the sliver in that direction and blow on it, and it would fly just like a bullet.",,Origin of Evil Magic,,14,Homer Snell,,,"when they saw it at a distance, something like, the one they wanted, and then, there, toward, when they would point, and when they just blow on it, it would fly, same as, a bullet",yi-w-u-ni-go gohusdi iyusdi u-n-adulis-g-v nogwu-nv uhna idi-dlv y-u-ni-katad-a y-u-n-ajotah-a-gwu a-tlawidis-g-e udloyi gwu ga?ni,"nonF Tr 3 Pl see, something like, 3 Pl want Prog exP, then and, there, toward, nonF 3 Pl point Pres, nonF 3 Pl blow-on Pres just, 3 fly Prog repP, same just, bullet"
,Cherokee Narratives,ᎦᏅᎨᏃ ᎪᎱᏍᏗ ᎤᎾᏫᏃ ᎠᏰᏟ ᎦᎶᏍᎨ,ganageno gohusdi unawino ayehli galosge,And the thing would fall to the ground as it passed through the heart.,,Origin of Evil Magic,,15,Homer Snell,,,"and it would fall, something, in the heart, in the middle, it would go through",ganvge-no gohusdi unawi-no ayehli g-alos-g-e,"3 fall Hab, something, heart-in and, in-the-middle, 3 go-through Prog repP"
,Cherokee Narratives,ᏃᏊᎴᏅ Ꭰ ᎾᏅᎦ ᎤᏃᏰᏂ ᎠᏊᏅ Ꮲ ᏙᏗᎦᎶᏍᎨ ᏓᏝᏗᏥᎯᎮ ᏓᏂᏍᏆᏂᎪᏗᎮ,nogwulenv a nanvga unoyeni agwunv dlv dodigalosge datladijihihe dinisgwanigodihe,"And when they would go like this with their hand, they would come from somewhere nearby and land on the hand, and they would save them.",,Origin of Evil Magic,,16,Homer Snell,,,"and then also, this, when they did, their hand, close by somewhere, they would come from, they would land, they would put them away",nogwu-le-nv a n-a-n-v-g-a j-u-n-oyeni agwu-nv dlv do-di-galos-g-e d-a-tladi-ji-hih-e d-a-ni-sgwanigodih-e,"then also and, this, Spec 3 Pl do Prog Pres, Pl 3 Pl hand, close-by and somewhere, Dst Pl go-past Prog repP, Pl 3 land come repP, Pl 3 Pl save repP"
,Cherokee Narratives,ᏃᏊᎴ ᎥᏍᎩᏃ ᎾᎬᏁᎴ ᎠᏗᎲ Ꮎ ᏧᎾᏔᎾ ᎠᏫ ᏗᎯ ᏧᎾᏍᏗ Ꮎ ᎠᏫ ᏗᎯ ᎤᏩᏳᏨ Ꭸ ᎢᏴ ᎬᎴ,nogwule vsgino nagvnele adihv na junatana awi dihi junasdi na awi dihi uwayujv ge iyv gvle,"That's what was done to the one who killed big deer, he said, when the one who killed the small deer got jealous.",,Origin of Evil Magic,,17,Homer Snell,,,"and then, and that, was done to him, he said, that, big ones, deer, killer, small ones, that, deer, killer, as a jealous person, there, from position",nogwu-le vsgi-no n-agv-nel-e a-dih-v na j-u-n-atana awi d-i-h-i j-u-n-asdi na awi d-i-h-i uw-ayuj-v ge iyv gvle,"then and, that and, Spec 3Pas do repP, 3 say exP, that, Pl 3 Pl big, deer, Pl kill Ag, Pl 3 Pl small, that, deer, Pl kill Ag, 3 get-jealous exP, there, from position"
,Cherokee Narratives,ᎠᏫ ᏥᏂᏥᏴᏁᎰ ᎥᏍᎩ ᏂᏓᏥᏴᏁᎵ ᎤᏛᏁ ᏙᎯᏳᏅ ᎥᏍᏊ ᏍᎩ ᎾᎬᏁᎴ ᏣᏗᎲ,awi jinijiyvneho vsgi nidajiyvneli udvne dohiyunv vsgwu sgi nagvnele jadihv,"""I'll do to him what I do to kill a deer from a distance,"" he said.",,Origin of Evil Magic,,18,Homer Snell,,,"deer, that which I do to it, that, I will do to him, he said, and for sure, also, that, it was done to him, he said",awi ji-ni-ji-yvneh-o vsgi ni-da-ji-yvn-el-i u-dvn-e dohiyu-nv vsgwu sgi n-agv-n-el-e j-a-dih-v,"deer, Rel Spec 1 do Hab, that, Spec Fut 1 do Dat Fut, 3 say repP, certainly and, also, that, Spec I/him do Dat repP, Pst 3 say exP"
,Cherokee Narratives,ᎾᎯᏳ ᎤᏂᏲᏤᎴ ᎠᏗᎲ ᎤᎾᎵᏍᏕᎸᏙᏗ ᎨᎦᏓᏁᎳᏁᎸ,nahiyu uniyochele adihv unalisdelvdodi gehv gegadanelanelv,It was then that the gift that was provided for them was ruined.,,Origin of Evil Magic,,19,Homer Snell,,,"then, it was ruined, he said, their aid, that was, that was provided them",nahiyu u-ni-yochel-e a-dih-v u-n-alisdelvdo-di geh-v geg-ada-nelan-el-v,"then, 3 Pl ruin repP, 3 say exP, 3 Pl aid Inf, be exP, they/them conjure Dat exP"
,Cherokee Narratives,ᏧᎾᏓᎯᏍᏙᏗᏊ ᏭᎾᏓᏁᏟᏴᏍᏔᏁ,junadahisdodigwu wunadanedliyvstane,It just turned to something to kill each other with.,,Origin of Evil Magic,,20,Homer Snell,,,"just something for them to kill each other with, it turned into",j-u-n-ada-hisd-odi-gwu w-u-n-adanedliyvs-tan-e,"Rel 3 Pl Refl kill Inst just, Tr Pl turn-into Caus repP"
,Cherokee Narratives,ᎤᎿ ᏧᏓᎴᏅᎮ ᏗᎾᏓᏁᏎᏍᎩ ᏄᎵᏍᏔᏁ ᎠᏗᏍᎬ ᎧᏃᎮᏍᎩ,uhna judalenvhe dinadanesesgi nulistane adisgv kanohesgi,"That's where the conjuring started, he said, telling his story.",,Origin of Evil Magic,,21,Homer Snell,,,"there, it began, conjurers of each other, it happened, he said, the one who tells it",uhna j-u-dalenvh-e di-n-adaneses-g-i n-u-listan-e a-dis-g-v ka-nohes-g-i,"there, Pl 3 begin repP, Pl Pl conjure Prog Ag, Spec 3 happen repP, 3 say Prog exP, 3 tell Prog Ag"
,Cherokee Narratives,ᎮᏘᏴᏃ ᎪᎯᏗᏃ ᏙᎯᏳ ᎡᏘᏴ ᎬᏛᏗ ᏙᎯᏳ Ꭿ ᏥᏓᏥᏃᎮᏟ,hetiyvno gohidino dohiyu etiyv gvdvdi dohiyu hi jidajinohetli,"This story that I'm going to tell happened many years ago, a very long time ago.",,Spearfinger,,1,Annie Jessan,,,"and long ago, too long, really, long time, you can say, really, this, I am going to tell",hetiyv-no gohi di-no dohiyu e3tiyv g-v-dv-di dohiyu hi ji-da-ji32-nohelh23,"long-ago and, long and, really, long time, 3 can-say Inf, really, this, Rel Fut 1 tell"
,Cherokee Narratives,ᏴᎩᎤᏩᏍᎩ ᏚᏙᎡ ᎡᎮ ᎠᎨ,yvgi?uwasgi dudo?e ehe age,"There was a woman called ""Spearfinger.""",,Spearfinger,,2,Annie Jessan,,,"Spearfinger, her name was, she lived, woman",yv3gi u-wasgi d-u-do3?-e3 e-h-e3 age3,"spear 3 finger, Pl 3 named repP, 3 live repP, woman"
,Cherokee Narratives,ᏍᎩᏃ ᏅᎩ ᎢᏯᏂ ᎠᏂᏃᎭᎵᏙ ᎤᎾᏂᎩᏎ ᏧᎾᏓᎵ ᏚᎾᏘᏅᏎ ᏍᎩᏃ ᎦᏚᏏ ᎤᎾᏅᏓᏕ ᎤᎿ ᎤᏂᎷᏤ ᎤᏂᏃᎭᎵᏓᏍᏗ Ꮓ ᏐᏭ ᏣᏥᏯᏅᎮ ᎨᏴ ᏗᎦᏙᎨ ᏍᎩᎾ ᏴᎩᎤᏩᏍᎩ,sgino nvgi iyani aninohalido unanigise junadali dunatinvse sgino gadusi unanvdade uhna uniluje uninohalidasdi no sowu jajiyanvhe geyv digadoge sgina yvgi?uwasgi,"Four hunters took their wives hunting with them one day, and when they reached the rocky mountain where they thought their hunting place was, they saw a woman standing off at a distance.",,Spearfinger,,3,Annie Jessan,,,"that, four of them, hunters, they left, their spouses, they took with them, and that, on a hill, they remembered, there, they arrived, their place of hunting, then, one, she was called, over there, she was standing, that, Spearfinger",sgi-no3 nv3gi iyani a-ni-nohalido u-n-ani gis-e3 j-u3-n-ada3li d-u-n-atinv3s-e3 sgi3-no gadusi u-n-anvda3d-e3 uhna3 w-u3-n-i luj-e u3-ni3-no3ha3li3da4s-di no3 sowu j-aji32y-anvh-e ge3yv di-g-ado32-g-e3 sgina3 yvgi u-wasgih3,"that and, four, number, 3 Pl hunt, 3 Pl leave repP, 3 Pl spouse, Pl 3 Pl take-along repP, that and, hill-on, 3 Pl remember repP, there, Tr 3 Pl arrive repP, 3 Pl hunt Inf, then, one, Pl 3Pas be-called exp, over-there, Dst 3 stand Prog repP, that, spear 3 finger"
,Cherokee Narratives,ᎠᎴ ᎤᏩᏰᏑᎦᏢ ᎠᏃᏎᎰ ᏍᎩᎾ ᎨᎾ ᏘᎾ ᏗᎬᎢᏏ ᎤᏬᎮᎴᎢᏅ,ale uwayesugatlv anoseho sgina kena tina digv?isi uwoheleinv,"She called to one of the wives to come to her: ""Let me check you for lice,"" she told the wife.",,Spearfinger,,4,Annie Jessan,,,"and, one with a finger, they called, that, come, lice, let me kill them for you, they told her",ale3 uw-aye23sugadlv a3-n-oseh-o32 sgina3 k-e3n-a tina di-gv3-is-i uw-ohe231-e3?i3-no3,"and, 3 fingernail, 3 Pl call Hab, that, 2 come Imp, louse, Pl I/them kill Imp, 3 tell repP and"
,Cherokee Narratives,ᎠᎨ ᏃᎴ ᎤᏪᏅᏎ ᎮᎾ ᎤᏃᎮᎴᏅ,age nole uwenvse hena unohelenv,She went because the others told her to go.,,Spearfinger,,5,Annie Jessan,,,"woman, and, she went, go, they told her",age3 nole3 uw-env3s-e3 h-en-a u-n-ohe231l-e3n-v3,"woman, and, 3 go repP, 2 go Imp, 3 Pl tell Dat exP"
,Cherokee Narratives,ᏭᎷᏣᏃ ᎤᏙᏳᏃ ᏘᎾ ᏥᏓᏲᏎᎰ ᎢᏳᏍᏗ ᏄᏩ ᏄᏛᏁᎴ,wulujano udoyuno tina jidayoseho iyusdi nuwa nudvnele,"When she reached the place where ""Spearfinger"" was, sure enough, she acted like she was checking her for lice.",,Spearfinger,,6,Annie Jessan,,,"and when she arrived there, and really, lice, as though she was looking for, like, [false start], she did",w-u3-luj-a-no23 udoyu-no tina ji-da-yos-e3h-o iyusd3 n-u-dv3nel-e3,"Tr 3 arrive Pres and, really and, lice, as Pl look-for Dat Hab, like, Spec 3 do repP"
,Cherokee Narratives,ᎠᏎᏃ ᏓᎯᎮᏊᏃ ᎠᏂᎨ,aseno dahihegwuno anige,But she killed her instead.,,Spearfinger,,7,Annie Jessan,,,"however, but she was killing them, women",ase3no3 d-a-hih-e3-gwu3-no3 a-ni-ge3,"however, Pl 3 kill repP just and, 3 Pl woman"
,Cherokee Narratives,ᎥᏍᎩ ᎠᎴ ᏔᎵᏁ ᎤᎾᏂᎩᏌ ᏍᏊ ᏍᎩᏊ ᎢᏯᏂ ᏅᎩ ᏃᏊ ᏦᏊ ᏚᎾᏘᏅᏎ ᏧᎾᏓᎵ,vsgi ale taline unanigisa sgwu sgigwu iyani nvgi nogwu jogwu dunatinvse junadali,"The next time the four hunters went hunting, one of them was without a wife, but the others had theirs.",,Spearfinger,,8,Annie Jessan,,,"that, again, second, when they left, also, just that, of them, four, then, three, they took them, their spouses",vsgi3 ale tali-ne3 u-n-ani3gis sgwu3 sgi-gwu iya3ni nvgi23 nogwu jo-gwu3 d-u-n-atinv3s-3e j-u-n-adali,"that, and, two Ord, 3 Pl leave, one, that just, in-number, four, then, 3 just, Pl 3 Pl take repP, Pl 3 Pl spouse"
,Cherokee Narratives,Ꮎ ᏍᎩᏅ ᏍᎩ ᎾᏥᏪᎮᎴ ᎤᏦᏱᏊ ᎨᎾ ᎠᎪᎮᎴ,na sginv sgi najiwehele ujoyigwu kena agohele,"Again ""Spearfinger"" called out to one of the wives and killed her, too.",,Spearfinger,,9,Annie Jessan,,,"that, that, that, she was told, just the same, come, she was told",na3 sgi-nv sgi3 n-aji-wehe231-e3 ujo3yi-gwu k-e3n-a a-g-ohe231-e3,"that, that and, that, Spec 3Pas tell repP, same just, 2 come Imp, 3Pas tell repP"
,Cherokee Narratives,ᏃᏊ Ꮠ ᎠᏂᎩᏍᎨ Ꮎ ᏯᏂ ᎠᏂᎨ ᏚᏂᏲᎱᏎᎴ ᏐᏊ ᏳᏭᎷᏣ ᏍᎩᏃ ᎠᏥᎢᎮᏊᏃ ᏦᎢ ᏌᏛᏗ ᏥᏓᏗᏍᎪ ᎢᏳᏍᏗ ᎠᏥᏌᏛᏁᏃ ᏍᎩᎾ ᎤᏩᏍᎩ ᎾᎿ,nogwu so ahnigisge na yani anige duniyohusele sogwu yuwuluja sgino aji?ihegwuno jo?i sadvdi jidadisgo iyusdi ajisadvneno sgina uwasgi nahna,"They lost three women that way, and finally they set a trap for ""Spearfinger.""",,Spearfinger,,10,Annie Jessan,,,"and then, other, she would go, that, of them, women, they lost, one, as she arrived, and that, they would just kill her, three, trap, as we say, like, and she was trapped, that, Spearfinger, there",nogwu so3 a-ni3-gisg-e3 na3 ya3ni a-ni-ge3 d-u-ni-yohu23se3l-e3 sogwu3 y-uw-u3luj-a sgi-no3 aji-h-e3-gwu3-no3 jo?i3 sadvdi ji-d-a-di3s-g-o iyu4sdi aji-sadv32n-e3-no3 sgina3 uw-a3s-g-i nahna3,"then, other, 3 Pl go repP, that, in-number, 3 Pl woman, Pl 3 Pl lose repP, one, nonF 3 arrive Pres, that and, 3Pas kill repP just and, three, trap, Rel Pl 3 say Prog Hab, like, 3Pas trap repp and, that, 3 spear Prog Ag, there"
,Cherokee Narratives,ᎯᎠᏗ ᎿᏛᏁᎸ ᎠᎪᎮᎴ ᎠᎨᏲᏁ ᏍᎩᎾ ᎠᎨ ᏍᎩᎾ Ꮓ ᎠᏴᏃ ᎣᏥᏍᎦᏯ ᏓᏲᏣᏛᏅᎢᏍᏔᏂ Ꮎ ᎣᏥᏂᏴᏗ ᎨᎮᏍᏗ ᎤᏛᏁ,hi?adi hnadvnelv agohele ageyone sgina age sgina no ayvno ojisgaya dayojadvnv?istani na ojiniyvdi gehesdi udvne,"One woman was instructed on what to do, and ""we men will capture her,"" one man said.",,Spearfinger,,11,Annie Jessan,,,"and this, you do, she was told, she was taught, that, women, that, and, and I, we men, we will prepare, that, for us to grab her, it will be, he said",hi?a-di3 h-n-adv3nel-v ag-ohe231-e3 ag-eyo23n-e3 sgina3 age3 sgina3 no3 ayv-no3 uji-sgaya day-o23j-a3dvnvista3n-iy na3 oji-niyv4-di geh-e3sdi u-dvn-e3,"this and, 2 Spec do exP, 3Pas tell repP, 3Pas teach repP, that, woman, that, and, I and, 1 man, Fut they-and-I prepare Fut, that, they-and-I trap Inf, be Fut Prog, 3 say repP"
,Cherokee Narratives,ᏙᏃ ᎤᏂᏂᏴᎮ ᎠᎨ ᏴᎩᎤᏩᏍᎩ ᏧᏬᏰᏂ ᏚᎾᏢᎴ ᏍᎩᎾ,dono uniniyvhe age yvgi?uwasgi juwoyeni dunatlvle sgina,"Sure enough, they captured ""Spearfinger"" and bound her hands.",,Spearfinger,,12,Annie Jessan,,,"and truly, they caught her, woman, Spearfinger, her hands, they tied them up, that",do4-no u-ni-ni3yvh-e3 age3 yvgi-uw-as-gi j-uw-oye4ni d-u-n-adlv3l-e3 sgina3,"truly and, 3 Pl catch repP, woman, NonF 3 spear Prog Ag, Pl 3 hand, Pl 3 Pl tie-up repP, that"
,Cherokee Narratives,ᎾᏃ ᏃᏊ ᎠᏂᏲᎯᎲᎮᏃ ᎦᎶᏇ ᎬᏅᏗ Ꮎ ᎦᏂ ᏕᎬᏩᏂᎲ ᏙᏌ ᎤᏂᏣᏔ ᎠᏗᏍᎨᎢᏊᏃ ᏕᎬᏂᎮ ᏓᎨᎯᏙᎮ ᏙᏌ ᎠᏗᏍᎬ,nano nogwu aniyohihvheno galogwe gvnvdi na gani degvwanihv dosa unijata adisge?igwuno degvnihe dakehidohe dosa adisgv,"And they were shooting at her with a gun, but she would just say, ""There are a lot of mosquitoes,"" and she would try to bat them away.",,Spearfinger,,13,Annie Jessan,,,"and also, then, they were shooting her, gun, with the, bullets, as they hit her, mosquito, they are many, she was just saying, she was hitting them, she was chasing them away, mosquito, she said",na-no3 nogwu a-ni-yohih-v23-heno3 galogwe3 gvnvadi na ga3ni de-g-v3wani3h-v dosa u-ni-ja3ta a-dis-g-e3?i3-gwu3-no3 de-g-v3ni3h-e3 d-a-gehi3doh-e3 dosa a-di23s-g-v,"also and, then, 3 Pl shoot exP and, gun, with, the, bullet, Pl they hit exP, mosquito, 3 Pl many, 3 say Prog repP just and, Pl 3 hit repP, Pl 3 chase repP, mosquito, 3 say Prog exP"
,Cherokee Narratives,ᎦᏂ ᎬᏩᏂᎲ ᎾᏃ ᏅᏯ ᎤᏄᏩ ᎠᏃᏎᎰ ᎢᎦᏓ ᏙᏛ ᎤᏍᏗ ᏚᏙᎡ ᎤᎬᏫᏳᎮ ᏍᎩᏃ V,gani gvwanihv nano nvya unuwa anoseho igada dodv usdi dudo?e ugvwiyuhe sgino do,"Some people would call her ""rock wearer,"" and I wonder what she really was.",,Spearfinger,,14,Annie Jessan,,,"bullets hitting her, and the, and that rock, she had on, they called her, some, what like, her name, instead, that, really",gani gv-wani3h-v na3-no nvya u4-nuw-a a3-n-ose3h-o iga3a dodv3 usdi d-u-do3h-e3 ugvwiyu3he3 sgi-no3 do,"bullets, they hit exP, that and, rock, 3 wear Pres, 3 Pl call Hab, some, what, like, Pl 3 name repP, instead, that and, do"
,Cherokee Narratives,ᏍᎩᏃ ᎤᏂᏂᏴᎮ ᎤᏙᎯᏳ ᏍᎩᎾ ᎠᎨ ᏄᏩᏂᏌᏁ ᏍᎩᏃ Ꭵ ᏍᎩᎾ ᏥᎦᏗ ᎦᏂ ᎬᏩᏂᎲ ᏙᏌ ᎤᏂᏣᏔ ᏳᏛᎿ,sgino uniniyvhe udohiyu sgina age nuwanisane sgino v sgina jigadi gani gvwanihv dosa unijata yudvhna,"But they did capture ""Spearfinger"" with the help of the woman.",,Spearfinger,,15,Annie Jessan,,,"and that, they caught her, really, that, woman, she caused it, and that, uh, that, which I say, bullets, they were hitting her, mosquito, they are many, when she would say",sgi-no3 u-ni-ni3yvh-e3 udohiyu sgina3 age3 n-uw-a3nisan-e3 sgi-no3 v sgina ji-g-adi gani gv-wani3h-v dosa u-ni-ja3ta y-u-dv4hn-a,"that and, 3 Pl catch repP, really, that, woman, Spec 3 cause repP, that and, uh, that, Rel 1 say, bullet, they hit exP, mosquito, 3 Pl many, nonF 3 say Pres"
,Cherokee Narratives,ᎾᏗᏃ ᎤᏂᎷᏤ ᎠᏂᏍᎦᏯ ᏃᏭ ᏦᎢ ᏯᏂ ᎤᎾᏍᎪᏎ,nadino uniluje anisgaya nowu jo?i yani unasgose,And the men dug a hole to bury her in.,,Spearfinger,,16,Annie Jessan,,,"and they, came, men, then, three of them, they dug",na3di3-no3 u-ni-lu3j-e3 a-ni-sgaya no jo?i ya3ni u-n-asgo23s-e3,"that and, 3 Pl arrive repP, 3 Pl man, then, three, in-number, 3 Pl dig repP"
,Cherokee Narratives,ᎤᎧᏲᏓ ᎠᏓ ᎤᏂᎳᏕ ᏍᎩᏃ ᏂᎦᏓ ᎤᎾᏛᏅᎢᏍᏔᏁ,ukayoda ada unilade sgino nigada unadvnv?istane,"In the deepest part of the hole, they put dry wood and prepared everything.",,Spearfinger,,17,Annie Jessan,,,"dry, wood, they placed it into, and that, all, they prepared",ukayoda ada j-uni3-lad-e3 sgino3 niga4da u-n-advnv3istan-e3,"dry, wood, Pl 3 put-into repP, that, all, 3 Pl prepare repP"
,Cherokee Narratives,ᏍᎩᎾ ᏔᎵᏅ ᎧᎶᏇᎩᏗ ᏧᏂᎸᏓᎸᏓ ᏍᎩᎾ ᎠᏓ ᏧᏂᏍᏓᎷᎢᏍᏗ ᎢᏳ ᏍᎩᎾ ᏂᏚᏅᏁᎴ ᏃᏊᎴ ᏍᏆᎸᏂᏍᏗ ᏄᏅᏁᎴ ᏍᎩᎾ ᏃᏊ ᏍᎩ,sgina talinv kalogwegidi junilvdalvda sgina ada junisdalu?isdi iyu sgina nidunvnele nogwule sgwalvnisdi nunvnele sgina nogwu sgi,They took slivers of locust wood to make clubs with.,,Spearfinger,,18,Annie Jessan,,,"that, and two, locust splinters, that, wood, for them to split, then, that, they did, and also, to hit on the head with (an instrument), they did, that, then, that",sgina3 ta3li3-nv3 kalogwe23gidi j-u-ni-lvdalv4d-a sgina3 ada j-u-ni-sdalu3is-di iyu3 sgina3 ni-d-u-n-v3nel-e3 nogwu3-le3 sgwalv23n-isd32 n-u-nv3nel-e3 sgina3 nogwu sgi,"that, two and, locust, Pl 3 Pl splinter Pres, that, wood, Pl 3 Pl splinter Inf, then, that, Spec Pl 3 Pl do repP, also and, long-object Inst, Spec 3 Pl do repP, that, then, that"
,Cherokee Narratives,ᏱᏁᏛᏁᎳ ᏰᏗᎷᎦ Ꮩ ᏥᏈᏯ ᏓᏛᏗ ᎠᏂᎨ ᎤᏛᏁ ᏌᏊ ᎠᏍᎦᏯ,yinedvnela yediluga do jigwiya datvdi anige udvne sagwu asgaya,"""Maybe if we do that, we would be able to kill her. She is just killing too many women,"" said one man.",,Spearfinger,,19,Annie Jessan,,,"if we do to her, we can kill her, really, too many, she is doing away with, women, he said, one, man",yi-n-23dv32n-e4La y-e3d-ilu32g-a do jigwiya d-a-tv3di a-ni-ge3 u-dvn-e3 sagwu3 asgaya,"nonF 1Pl do Dat Pres, nonF 1Pl kill Pres, really, too-many, Pl 3 do-away, 3 Pl woman, 3 say repp, one, man"
,Cherokee Narratives,ᎥᏃ ᎤᏪᎯᏍᏓᏁᎮ ᎤᏓᎵᎢ ᎠᏥᎡᎸ,vno uwehisdanehe udali?i aji?elv,He was very hurt because his wife had been killed.,,Spearfinger,,20,Annie Jessan,,,"very much, she was hurting, his spouse, being killed",v4-no3 uw-ehisda32neh-e3 u-dali?i a-ji?e231-v,"quite-a-lot, 3 hurt repP, 3Pos spouse, 3 kill exP"
,Cherokee Narratives,ᏍᎩᏃ ᏂᎦᏗ ᎤᏂᏅᏁ ᎠᎨ ᏍᎩᏅ ᏅᏯ ᎤᏄᏩ ᎤᎿ,sgino nigadi uninvne age sginv nvya unuwa uhna,"And so they laid the ""rock wearer"" down there.",,Spearfinger,,21,Annie Jessan,,,"and that, all, they laid her down, woman, that, stone coat, there",sgi-no3 niga4di sgi-no3 u-ni-nv3n-e3 age3 sginv3 nvya-ununuwa,"that and, all, that and, 3 Pl lay-down repP, woman, that, stone-coat"
,Cherokee Narratives,ᎣᏂ ᏧᏂᎭᏔᏁ ᏍᎩᎾ ᏗᏍᏓᎷᏍᏙᏗ ᎠᏓ ᏍᎩᎾ ᏚᎾᎬᎩᏎ ᏍᎩᎾ ᏅᏯ ᎤᎿᏭ Ꮓ,oni junihatane sgina disdalusdodi ada sgina dunakvgise sgina nvya uhnawu no,They stuck a hewing axe in her back and penetrated the rock she was wearing.,,Spearfinger,,22,Annie Jessan,,,"behind, they drove it, that, to splinter with (an instrument), wood, that, they unraveled it, that, stone coat, and",u-hn-a3 oni j-u-ni3-hatan-e3 sgina3 di3-sd-alusdo-di ada sgina3 d-u-ni-likadunagv23gis-e3 sgina3 nvya-uhnawu,"3 wear Pres, behind, Pl 3 Pl stick repP, that, Pl 3 splinter Inf, wood, that, Pl 3 Pl unravel repP, that, stone-coated"
,Cherokee Narratives,ᎠᏥᎸᏰᏃ ᏱᎪᏔᎾ ᏥᎪᏯ ᏣᏔᏍᎩᏍᎪ ᏥᎢᎢᎢᎢ ᏣᏗᏍᎪ ᏍᎩᏃ ᏄᏪᏎ ᎠᎨ Ꮎ ᎠᎪᎲᏍᎬ ᎤᎿᎮᏅ,ajilvyeno yigotana jigoya jatasgisgo jiiiiiiiiiiii jadisgo sgino nuwese age na agohvsgv uhnahenv,"And then just as a bug makes a whistling noise when you throw it into a fire, ""Spearfinger"" made that same kind of noise.",,Spearfinger,,23,Annie Jessan,,,"and in the fire, when you build a fire, bug, as it explodes, pssssssssssss, as it sounds, and that, it sounded, woman, the, as it burned, and there",no3 ajilvye23-no y-i-g-otan-a jigoya j-a-tasgi's-g-o j-a-di23s-g-o sgi-no3 n-u-wes-e3 age3 na3 a-go3hvs-g-v4-hv uhna3-he23nv,"and, fire and, nonF 3 build-fire Pres, bug, Rel 3 explode Prog Hab, Rel 3 sound-like Prog Hab, that and, Spec 3 sound-like repp, woman, the, 3 burn Prog exP but, there and"
,Cherokee Narratives,ᏭᏂᎸᏁ ᎦᏚᏃ ᎠᏓ ᏫᏚᏂᎳᏕ ᏭᏂᎸᎾ ᎠᎨ ᎠᎪᎲᏍᎬ,wunilvne gaduno ada widunilade wunilvna age agohvsgv,They piled wood on top of her as she burned.,,Spearfinger,,24,Annie Jessan,,,"they placed her, and on top, wood, they placed them, when they placed her, woman, as she burned",w-u-ni3-lvn-e3 gadu4-no ada wi-d-u23-ni3lad-e3 w-u-ni3-lv4n-a age3 a-go3hv-s-g-v,"Tr 3 Pl place repP, on-top and, wood, Tr Pl 3 place repP, Tr 3 Pl place Pres, woman, 3 burn Prog exP"
,Cherokee Narratives,ᎢᏣᏙᎴᏆ ᏍᎩᏅ ᎢᏣᏙᎴᏆᏍᎨᏍᏗ ᏗᏓᏅᏬ ᏓᏨᏁᏤᎵ ᏅᏬᏗ ᏥᏄᏓᎴᏍᏊ ᏂᎦᏓ Ꭿ ᏓᏨᏁᏤᎵ ᎤᏪᏘ ᏚᏬᎮᎴ ᏍᎩᏃ ᏱᏄᎵᏍᏔᎾ ᎠᏥᎸ ᎢᏣᏅᏓᏗᎠ ᎤᏛᏁ,ijadolegwa sginv ijadolegwasgesdi didanvwo dajvnejeli nvwodi jinudalesgwu nigad hi dajvnejeli uweti duwohele sgino yinulistana ajilv ijanvdadi?a udvne,"""Learn from this the powers. I shall show you varieties of medicine, and when you see this happening with fire, you are to remember what has happened here.""",,Spearfinger,,25,Annie Jessan,,,"you all learn, that, for you to learn, medicine, I am going to tell you, medicine, all kinds, all, this, I am going to tell you, old, she told them, and that, when it happens, fire, you all remember, she said",ij-adole3gw-a sginv3 ij-adolegwa23s-ge3sdi didanvwo da-j-v3-ne3jel-i nvwo32ti jin-u-dale's-gwu niga4da hi? da-jv3-ne3j-el-i nvwo32ti d-uw-ohe231-e3 sgi-no yi-n-u231-istan-a ajilv wi-j-anv23da3dis-ge3sdi u-dvne3n-v,"2Pl learn-from Imp, that, you-all learn-from Imp Fut Pres, medicine, Fut you give Fut, medicine, Pl Spec kind just, all, this, Fut I-you tell Dat Fut, medicine, Pl 3 tell repP, that and, nonF Spec 3 happen imP, fire, Tr you-all remember Fut-Prog, 3 say exp"
,Cherokee Narratives,ᎡᏙᏓᏛ ᎡᏥ ᏥᎨᎲ ᎢᏧᎳᏊ ᎠᏂᏃᎮᏍᎪ,edodadv eji jigehv ijulagw anihnohesgo,My father and my mother both would tell this story.,,Transformation,,1,Durbin Feeling,,,"yes my father who was, my mother, who was, both of them, they would tell",e-doda-dv ji-geh-v e-ji ji-geh-v iju-la-gw a-ni-hnohes-g-o,"1Pos father indeed, Rel be exP, 1Pos mother, Rel be exP, both just, 3 Pl tell Prog Hab"
,Cherokee Narratives,ᎨᏅ ᎣᎬᏏ ᎾᎥ ᎡᎮ ᎠᎦᏴᎵᎨ ᎤᎵᏍᎦᏍᏛ ᏧᏙᎢᏓ ᎤᏩᏍ ᎦᏁᎵ ᎨᎮ,gehnv oaksi na?v ehe agayvlige ulsgasd judo?ida uwas ganel gehe,"Over there near Oaks, an old woman named Uskast lived alone.",,Transformation,,2,Durbin Feeling,,,"there, and there town of Oaks, near, she lived, an old woman, Ulsgasd, was named, she alone, one who lived, was",ge-hnv oaks-i na?v e-h-e a-gayvlige ulsgasd j-u-do?id-a u-was ga-nel geh-e,"there and, oaks Loc, near, 3 live repP, 3 old-woman, ulsgasd, Rel 3 name recP, 3 alone, 3 live, be repP"
,Cherokee Narratives,ᎡᏥ ᏥᎨᎲ Ꮎ ᏧᎾᏓᏂᏱᏓ ᏧᎾᏛᏒ ᎨᎮ ᎠᏗᎰ ᏗᏂᏲᏟ ᎨᎲ ᎤᏲᎱᏒ ᎨᎮ ᎤᏂᏥ ᎤᏂᏙᏓhᏅ ᏧᏛᎯᏍᏔᏅ ᎨᏎ,eji jigehv na jundaniyida juntvsv gehe adiho diniyohli gehv uyohusv gehe uniji unidodahnv jutvhistanv gehe,"According to my mother, she and the other children had been raised by their father because their mother had died.",,Transformation,,3,Durbin Feeling,,,"my mother who was, they, orphans, ones who had grown up, was, she says, children, as for them, dead, was, their mother, and their father, he raised them, was",e-ji ji-geh-v na j-u-n-daniyid-a j-u-n-tvs-v geh-e a-dih-o di-ni-yohli geh-v u-yohus-v geh-e u-ni-ji u-ni-doda-hnv j-u-tvhistan-v ges-e,"1Pos mother, Rel be exP, that, Pl 3 Pl orphan recP, Pst 3 Pl grow-up exP, be repp, 3 say Hab, Pl Pl child, be exp, 3 die exP, be repP, 3 Pl mother, 3 Pl father and, Pl 3 rear exP, be exP"
,Cherokee Narratives,ᏬᎨᏓᏍᏗ ᎨᎲ ᎠᏗᎲ ᎤᎩᎸᏗ ᎡᏙᎲ ᎠᏗᎲ ᏓᎶᏂᎨ ᏐᏈᎵ ᎤᎾᏝᎥ,wogedasdi gehv adihv ukilvdi edohv adihv dalonige sogwil unahla?v,"We would go and visit her, she said, and the old woman would travel around on her yellow horse.",,Transformation,,4,Durbin Feeling,,,"we would go there, was, she said, on horseback, he would travel, she said, yellow, horse, he owned",w-og-edas-di geh-v a-dih-v ukilvdi e-doh-v a-dih-v dalonige sogwil u-n-ahla?-v,"Tr they-and-I go-there Inf, be repP, 3 say exP, on-horseback, 3 travel exP, 3 say exp, yellow, horse, 3 Pl have exP"
,Cherokee Narratives,ᎠᏗᎲ ᎠᏆᏘᏁᎪ ᏣᏗᎲ ᏧᏪᏅᏒ ᏔᎵᎭ ᏧᏒᎯᏓ ᏔᎵᎭ ᎢᏳᏒ ᎢᏴ,adihv aktinego jadihv juwenvsv ta?liha jusvhid ta?liha iyusv iy,"She would take me home to her, she said, for about two days.",,Transformation,,5,Durbin Feeling,,,"she said, she would take me along, she said, to his home, two, nights, in two, days, then",a-dih-v ak-tineg-o j-a-dih-v j-uw-envsv ta?li-ha j-usvhid ta?li-ha iyu-sv iyv,"3 say exp, he/me take-along Hab, 3 say exp, 3 home, two exactly, night, two exactly, day, then"
,Cherokee Narratives,ᎢᏥᏯᏘᏃᎸ ᏳᏛᎾ ᎠᎦᎵᏍᎪᎸᏓᏁᎰ ᎡᏙᏓ ᏥᎨᎲ,ijiyatihnohlv yudvhna agalisgolvdaneho edoda jigehv,"She said she would tell my father that she would bring me home in a couple of days, and my father would let me go.",,Transformation,,6,Durbin Feeling,,,"then I will bring him/her back, when he said, she would be given permission, my father who was",i-ji-yajahnihl-v y-u-dvhn-a a-g-alisgolvdaneh-o e-dod ji-geh-v,"Rep 1 come-back exP, nonF 3 say recP, Pass 3 given-permission Hab, 1Pos father, Rel be exP"
,Cherokee Narratives,ᎣᏍᏕᎪ ᏣᏗᎲ ᎣᏂᏴ ᎦᏓᏅᏖᎰ ᏣᏗᎲ ᎠᏋᏌᏅ ᎠᎦᏒᎯᎮ ᎨᎵᎰ ᏣᏗᎲ ᎥᏅ ᎠᏥᏍᎩᎵ ᎨᎮ ᏣᏗᎲ Ꮎ ᎠᎦᏴᎵᎨ,osdego jadihv ohniyv gadanvteho jadihv agwvsahnv aksvhihe geliho jadihv vhnv adsgil gehe jadihv na agayvlige,"Later on, she said, she thought about how spooky this old woman had been.",,Transformation,,7,Durbin Feeling,,,"go we would, she said, later on, I would think about it, she said, I alone, I would spend the night, I think, she said, and very, ghostly, she was, she said, the, old woman",o-sd-e-g-o j-a-dih-v ohni-yv g-adanv-teh-o j-a-dih-v agw-vsa-hnv ak-svhih-e g-elih-o j-a-dih-v v-hnv adsgil geh-e j-a-dih-v na a-gayvlige,"they-and-I go Prog Hab, Pst 3 say exP, later-on, 1 think Prog Hab, Pst 3 say exP, 1 myself and, 1 spend-night repP, 1 think Hab, Pst 3 say exP, very and, ghostly, be repP, Pst 3 say exP, the, 3 old-woman"
,Cherokee Narratives,ᏃᏊᏅ ᎤᏔᏅ ᏃᏊ ᏂᎨᏎ ᏃᏊ ᎡᏥ ᏥᎨᎲ ᎾᏂᏁᎴ ᏃᏊ ᎡᏙᏓ ᎾᏃ ᏥᏳᎪᏗ ᎠᏊ blackfox hollow ᏣᎾᏗᎰ ᏥᏭᎨᏓᎵᏴ ᏁᏗ ᏛᏂᏃᎵ ᏧᏙᎢᏓ ᏁᏗ ᏧᏁᎳᏛ ᎠᎾᏗᎰ ᏁᏗ Ꮫ ᎠᏎ ᏥᎨᎲ ᎤᏙᏓ ᎠᏎ ᏗᎦᏁᎸ ᏕᏫ ᎮᏅ ᏚᏙᎡ ᏕᏫ ᏛᏂᏃᎵ ᏚᏙᎡ,nogwuhnv utan nogwu nigese nogwu eji jigehv naninele nogwu edod nahno jiyukdi agwu blackfox hollow janadiho jiwukedaliy ned dvninol judo?id ned juneldv andiho ned dv ase jigehv udod ase diganelv dew hehnv dudo?e dew dvninol dudo?e,"After she had become an adult and had married my father, there was a trail through what they called Blackfox Hollow, where Ned Blackfox lived.",,Transformation,,8,Durbin Feeling,,,"and then, adult, then, and then, then, my mother, who was, they were already married, then, my father, and that straight, here, Blackfox Hollow, as they say, through the ravine, Ned, Sneaking Up On Him, named, Ned, they say, Ned, who was, yes, probably, who was, his father, maybe, he lived, Dave, because, he was named, Dave, Sneaking Up On Him, he was named",nogwu-hnv utan nogwu ni-ges-e nogwu e-ji ji-geh-v n-a-ni-nel-e nogwu e-dod na-hno jiyukdi agwu blackfox hollow j-a-n-adih-o ji-w-u-kedaliy ned dvninol u-do?id ned j-u-neldv a-n-dih-o ned dv ase ji-geh-v u-dod ase de-g-anel-v dew hehnv d-u-do?-e dew dvninol d-u-do?-e,"then and, big, then, Spec be repP, then, 1Pos mother, Rel be exP, Spec 3 Pl marry repP, then, 1Pos father, that and, straight, here, blackfox hollow, Rel 3 Pl call Hab, Rel Tr ravine, ned, dvninol, 3 named, ned, Pst 3 be-married, 3 Pl say Hab, ned, yes, probably, Rel be exP, 3Pos father, maybe, Pl 3 live exP, dave, because, Pl 3 be-named repP, dave, dvninol, Pl 3 named repP"
,Cherokee Narratives,ᎤᎿ ᎩᎶ ᎤᏢᎩ ᎦᏅᎨ ᎠᏔᏄᏣ ᎠᏗᎰ ᎪᎯᏓ ᎥᏍᏊ ᎤᏢᏥᏙᎴ,uhna kilo udlvgi ganhge atanuj adiho gohida vsgwu udlvjidole,There was a young girl out there who was sick for quite a while.,,Transformation,,9,Durbin Feeling,,,"there, someone, sick person, was lying, young girl, he says, a long time, also, she was sick",uhna kilo u-dlv-g-i g-anh-g-e a-tanuj a-dih-o gohid vsgwu u-dlvjidol-e,"there, someone, 3 sick Prog Ag, 3 lie Prog repP, 3 young-girl, 3 say Hab, a-long-time, also, 3 sick repP"
,Cherokee Narratives,ᎾᏅ ᏥᎦᏗᎲ ᏧᏈᏯ ᎾᎾᎵᏍᏗᎲ ᏴᏫ ᎩᎶ ᏳᏢᏣ ᏥᎦᏗᎲ,nahnv jigadihv tsgwiya nanalsdihv yvwi kilo yudlvja jigadihv,There would be a lot of people who would come and sit up when someone got sick.,,Transformation,,10,Durbin Feeling,,,"and that, which I said, many, happen to them, people, someone, when he get sick, she would which I said",nahnv ji-g-adih-v tsgwiya n-a-n-alsdih-v yvwi kilo y-u-dlvj-a ji-g-adih-v,"that and, Rel 1 say Pst, too many, Spec 3 Pl begin-to-be exP, people, someone, nonF 3 get-sick recP, Rel 1 say exP"
,Cherokee Narratives,ᏍᎩᏃ ᏙᏱ ᎢᏴ ᎤᏃᏖ ᎤᎿ ᎤᏂᎦᎾᏬᏍᎨ ᎠᏂᏫᎾ ᎢᏳᏍᏗᎭ ᎤᎾᏓᏡᎨ,sgihno doyi iyv unote uhna uniganawosge iyusdiha aniwina unadalhge,"They had built a fire outside where they would warm themselves, and most of them were young men.",,Transformation,,11,Durbin Feeling,,,"and that, outside, there, they had a fire going, there, they were warming themselves, young men, just (men), they were in a group",sgi-hno doyi iyv u-n-ot-e uhna u-ni-ganawos-g-e a-ni-wina iyusdi-ha u-n-adalh-g-e,"that and, outside, there, 3 Pl tend-fire repP, there, 3 Pl warm Prog repP, 3 Pl young-man, same exactly, 3 Pl group Prog repP"
,Cherokee Narratives,ᎩᏟᏅ ᏂᎪᎸ ᏧᎵᏏᏅᏛ ᎤᎾᏕᏯᏙᏗᎮ ᎫᏍᏗ ᎠᏂᎨᎮᎨ ᎠᏂᏕᏯᏍᏔᏂᎯᎮ,gitlihnv nigolv julsihnvd unadeytohdihe gusd anikehege anideystanihihe,"And every night their dogs would growl and bark at something, and they would chase it.",,Transformation,,12,Durbin Feeling,,,"and dogs, all the time, nightly, it bothered them, something, they would run after it, around the house",gitli-hnv nigolv julsihnvd u-n-adeytohdih-e gusd a-ni-keheh-g-e a-ni-deystanihih-e,"dog and, always, nightly, 3 Pl bothered repP, something, 3 Pl run-after Prog repP, 3 Pl around-corner-of-house repP"
,Cherokee Narratives,ᎦᎵᏦᏕ ᎠᏊᏅ Ᏼ ᏫᎦᏅᏅ ᏫᎧᎾᎷᏛ ᎤᏅᏓᏟ ᎢᏳᏍᏗ ᎢᎦᏅᎿ ᏍᎩᎾ ᎠᎦᏴᎵᎨ ᏧᏪᏅᏒ ᎢᏗᏜ ᏥᏥᏃᎮ ᎤᏅᏅ,galjode agwunh yv wiganvhnv wikanalhdv unvdahli iyusd iganvhna sgina agayvlige juwenvsv ididla jijinohe uhnvhnv,The dogs would chase it around the house and then down the trail and up a small hill.,,Transformation,,13,Durbin Feeling,,,"house, and here, nearby, down the road, up the incline, on the ridge, likeness, there is a road, that, old woman, her home, toward, the one I am talking about, road",galjode agwu-nh yv wi-g-anvhn-v wi-k-analhd-v unvdahli iyusd i-ganvhn-a sgina a-gayvlige j-u-wenvsv idi-dla ji-ji-noh-e uhnvhnv,"house, here and, nearby, Tr 3 down-the-road exP, Tr 3 ascend-incline exP, rocky, likeness, Dst road Pres, that, 3 old-woman, Pl 3 house, toward, Rel 1 talk-about repP, road"
,Cherokee Narratives,ᏃᏊ ᎠᏂᎷᎨ,nogwu aniluhge,"The dogs would chase it up to the top of the hill, and then they would quit chasing it and they would return.",,Transformation,,14,Durbin Feeling,,,"now, they were arriving",nogwu a-ni-luhg-e,"now, 3 Pl arrive repP"
,Cherokee Narratives,ᏞᎦᏅ ᎠᏎ ᎠᎾᏂᏢᏍᎨ ᎩᏟ ᏃᏊᎴ ᎠᏁᎷᎲᏍᎪ ᏣᏗᎲ ᎠᎾᏁᎷᎩᏍᎪ ᎦᎵᏦᏕ ᏭᏂᏕᏯᏍᏗᎮ ᎩᏟ ᎤᎿᏅ ᏚᏃᎸ ᏴᏫ ᎠᏊᏅ ᎢᏴ ᎠᎾᏝᎥᏍᏗᎮ ᎩᏟ ᏝᏃ ᎪᏍᏓ ᏯᏂᎪᏩᏘᎮ ᏣᏗᎲ ᎩᏟᏊᏅ ᎢᎦ ᏓᏂᎪᏩᏘᎮ,hleghnv ase ananhdlvsge gitli nogwule anehluhvsgo jadihv ananelugisgo galjode wunideysdihe gitli uhnahnv dunohlv yvwi agwuhnv iyv anatlavsdihe gitli hlahno gosd yanigowhtihe jadihv gitligwuhnv iga danigowhtihe,"The dogs would lie down for a while, and then suddenly they would start chasing it again, and the people couldn't see what they were chasing.",,Transformation,,15,Durbin Feeling,,,"for a while, maybe, they would lie down, dogs, and then, they would bark, she said, they would race after, house, they would run around, dogs, and there, they sat, people, and nearby, toward, they would come running by, dogs, and not, something, they did not see, she said, just dogs, that is all, they would see",hleg-hnv ase a-n-anhdlvs-g-e gitli nogwu-le a-n-ehluhvs-g-o j-a-dih-v a-n-anelugis-g-o galjode w-u-ni-deysdih-e gitli uhna-hnv d-u-n-ohl-v yvwi agwu-hnv iyv a-n-atla?isdih-e gitli hla-hno gosd y-a-ni-gowhtih-e j-a-dih-v gitli-gwu-hnv iga d-a-ni-gowhtih-e,"while and, maybe, 3 Pl lie-down Prog repP, dog, then and, 3 Pl bark Prog Hab, Pst 3 say exP, 3 Pl run-after Prog Hab, house, Tr 3 Pl run-around repP, dog, there and, Pl 3 Pl sit exP, people, nearby and, toward, 3 Pl run-by repP, dogs, not and, something, nonF 3 Pl see repP, Pst 3 say exP, dog just and, all, Pl 3 Pl see repP"
,Cherokee Narratives,ᎤᎾ ᏳᏂᎿᎷᏔᎾ ᏫᎧᎾᎷᏛ ᏅᏃ ᏃᏊ ᎠᏂᏫᏄᏣ ᏦᎢᎭ ᎢᏯᏂ ᏗᏗᏍᏕᎳ ᎩᏟ ᏗᏗᏅᏫᏍᏓ ᎤᎾᏛᏁ,uhna yunihnalhtana wikanalhdv nvno nogwu aniwinuja jo?iha iyani didisdel gitli didinvhwisda unadvhne,Finally some of the young men decided to help the dogs and see what it was they were chasing.,,Transformation,,16,Durbin Feeling,,,"there, as they chased it, up the hill, up the road, now, young men, three of them, of them, let us help them, dogs, let us sic them on, they said",uhna y-u-ni-hnalhtan-a wi-kanalhdv nvno nogwu a-ni-winuja jo?i-ha iya3ni d-idi-sdel gitli di-d-in-vhwisde u-n-advhn-e,"there, Tr 3Pl chase recP, Tr up-hill, up-road, now, 3 Pl young-man, three Ord, of-them, Pl you Pl-and-I help, dog, Pl Pl you/I make, 3 Pl say repP"
,Cherokee Narratives,ᏗᎦᏍᏆᎸᏗ ᎣᏂ ᏭᎾᏝᎥᏍᏔᏁ ᏙᏅ ᏭᏂᏑᎵᎪᏣ ᎩᏟ ᏃᏊᎴ ᏫᏚᏂᏅᏫᏍᏔᏁ ᏃᏊᎴ ᏩᎾᏁᎷᎩᏍᎨ ᎠᏊᏛ ᎢᏴ ᏃᏊᎴ ᏫᎬᏩᎨᎲᏎ ᎨᏊᏅ ᎥᏍᏊ ᎢᏴ ᎬᏩᎨᎲᏎ,disgwaldi ohni wunatla?vstane dohnv wunisuligoj gitli nogwule widuninvhwistane nogwule wananelugisge agwudv iyv nogwule wigvwhkehvse gegwnv vsgwu iyv gvwhkehvse,"When the dogs quit chasing it at the top of the hill, the men sicced the dogs, and the dogs continued the chase.",,Transformation,,17,Durbin Feeling,,,"at a run, behind, they ran after, sure enough, when they stopped, dogs, and then, they sicced them, and then, they ran after, nearby, distance, and then, they ran after it, and just there, also, that far, they ran after it",di-sgwaldi ohni w-u-n-atla?vstan-e do-hnv w-u-ni-suligoj gitli nogwu-le wi-d-u-ni-nvhwistan-e nogwu-le w-u-n-anelugis-e agwu-dv iyv nogwu-le wigvwhkehvse ge-gw-nv vsgwu iyv gv-whkehv-se,"at-a-run, behind, Tr 3 Pl run-after repP, indeed and, Tr 3 Pl stop, dog, then and, Tr Pl 3 Pl sick repP, then and, Tr 3 Pl run-after repP, nearby indeed, that-far, then and, Tr 3 Pl run-after, there just and, also, that-far, they/him run-after repP"
,Cherokee Narratives,ᏃᏊ ᏫᎬᏩᏢᏔᎮ ᏃᏊ ᎬᏂ ᏪᏌᏅ ᎤᏪᎷᏁ ᏪᏍ ᏯᏂᏗᏒᏂ ᎩᏟ ᏧᏪᎷᎪ ᏍᎩ ᏂᎦᏪᏍᎨ,nogwu wigvwadlvtahe nogwu kvhni wesahnv uwehluhne wes yanidisvhni gitli juwehluhgo sgi nigawesge,"The dogs chased it a short distance and caught up with it, and they could hear a cat meowing fiercely.",,Transformation,,18,Durbin Feeling,,,"now, they caught up with it, now, it was apparent, and cat, meowed loudly, cat, when they mauled it, dogs, as it meows loudly, that, it was meowing",no23gwu wi-gv-wadlvtah-e nogwu kvhni we3sa-hnv u-wehluhn-e wes y-a-ni-disvhni gitli j-u-wehluh-g-o sgi ni-g-awes-g-e,"now, Tr 3Pl catch-up repP, now, apparently, cat and, 3 meow-loudly repP, cat, when 3 Pl maul, dog, Pl 3 meow-loudly Prog Hab, that, Lat 3 meow Prog repP"
,Cherokee Narratives,ᎾᎥᏊᏅ ᎠᏊ ᎢᏴ ᎢᏳᏍᏛ ᎤᏂᎷᎴ ᏃᏊᎴ ᎤᎾᎵᏘᎡᎴ Ꮟ ᎠᏊ ᏫᎦᏅᏅ ᏗᏜ ᏭᏂᎨᎲᏎ ᎨᏊ ᎢᏴ ᎤᏂᎨᎲᏓ ᏃᏊᎴ ᏭᎾᏢᏔᎮ,na?vgwuhnv agwu iyv iyusd unilule nogwule unaliti?ele si agwu wiganvhnv didla wunikehvse gegwu iyv unikehvda nogwule wunadlvtahe,"The cat seemed to get away from the dogs, but the dogs caught up with it again and started fighting it.",,Transformation,,19,Durbin Feeling,,,"and nearby, here, that far, like, they lacked, and then, it got away from them, yet, nearby, down the road, toward, they ran after it, just there, that far, they had chased it, and then, they caught up with it",na?v-gwu-hnv agwu iyv iyusd u-ni-lul-e nogwu-le u-n-aliti?el-e si agwu wi-ganvhnv di-dla w-u-ni-kehvs-e ge-gwu iyv u-ni-kehvd-a nogwu-le w-u-n-adlvtah-e,"nearby just and, here, that far, like, 3 Pl lack repP, then-and, 3 Pl get-away repP, yet, nearby, Tr road, toward, Tr 3 Pl run-after repP, there just, that-far, 3 Pl chase recP, then-and, Tr 3 Pl catch-up-with repP"
,Cherokee Narratives,ᏏᏊᏃ ᏪᏌ ᏂᎦᏪᏍᎨ ᎠᎾᏝᎢᏎ ᎾᎥᏂᎨᎢᏍᏗ ᏩᎾᏝᎢᏎ ᏃᏊ ᎤᎾᏕᎶᏎ ᏃᏊ ᏄᏓᎴ ᏴᏫ ᏃᏊ ᏂᎦᏪᏍᎨ ᎤᎾᏛᎦᏁ,sigwuhno wes nigawesge anatla?ise na?vhnige?isdi wanatla?ise nogwu unadelose nogwu nudale yvwi nogwu nigawesge unatvgane,"This time when they heard it, they heard a person.",,Transformation,,20,Durbin Feeling,,,"again then, cat, it was meowing, they were running, closer still, they ran after it, then, they realized, then, different, person, now, it was making a sound, they heard it then",sigwu-hno wes ni-g-awes-g-e a-n-atla?is-e na?v-hnige?-isdi w-a-n-atla?is-e nogwu u-n-adelos-e nogwu nudale yvwi nogwu ni-g-awes-g-v u-n-atvgan-e,"again and, cat, Spec 3 meow Prog repP, 3 Pl run repP, close Inf, Tr 3 Pl run repP, then, 3 Pl realize repP, then, dif­ferent, person, now, Lat 3 utter Prog exP, 3 Pl hear repP"
,Cherokee Narratives,ᏃᏊ ᎩᏟ ᏓᏍᎦᎨ Ꭾ,nogwu gitli dasgage he,"The person would yell ""Hey!""",,Transformation,,21,Durbin Feeling,,,"then, dogs, it was getting on to them, [the sound made in getting after the dogs]",nogwu gitli d-a-sgag-e he,"then, dog, Pl 3 Prog repP, dog-call"
,Cherokee Narratives,ᎠᏗᎮ ᏓᏍᎦᎨ ᎩᏟ,adihe dasgage gitli,trying to call the dogs off.,,Transformation,,22,Durbin Feeling,,,"it said, it was getting on to them, dogs",a-dih-e d-a-sgag-e gitli,"3 say repP, Pl 3 get-on-to-them Prog repP, dog"
,Cherokee Narratives,ᎤᎾ ᏃᏊ ᏭᎾᎴᎿᏫᏍᏔᏁ Ꮎ ᎠᎾᎵᏍᏕᎵᏍᎩ ᏫᏚᏂᏍᎦᏧ ᏃᏊ ᎩᏟ ᎥᏍᎩᏅ,uhna nogwu wunalehnawstane na analsdelisgi widunisgajv nogwu gitli vsgihnv,The men came to a halt and called the dogs back.,,Transformation,,23,Durbin Feeling,,,"there, now, they came to a stop, the, the helpers, they called off, now, dogs, and that",uhna nogwu w-u-n-alehnawstan-e na a-n-alsdelis-g-i wi-d-u-ni-sgaj-e nogwu gitli vsgi-hnv,"there, now, Tr 3 Pl come-to-stop repP, the, 3 Pl help Prog Ag, Tr Pl 3 Pl call-off repP, now, dog, that and"
,Cherokee Narratives,ᎠᏂ ᏧᏙᎢᏓ ᏍᏊ ᎤᏜᏩᏍᏛ ᎠᏂ ᏍᏊ ᏚᏙᎥ ᎠᎩᏥ ᏥᎨᏒ ᎠᏂ ᎤᎧᏲᏓ ᏧᏙᎢᏓ,an judo?id sgwu udlawsdv an sgwu dudo?v agiji jigesv an ukahyod judo?id,"And this lady named Ann—my mother’s name was Ann, too, Ann Dry—stayed with her.",,Transformation,,24,Durbin Feeling,,,"Ann, named, also, who she stayed with, Ann, also, her name was, my mother, who was, Ann, Dry, named",an j-u-do?id sgwu u-dlawsd-v an sgwu d-u-do?-v agi-ji ji-ges-v an ukahyod j-u-do?id,"ann, Rel 3 be-named, also, 3 stay-with exP, ann, also, Pl 3 be-named exP, 1Pos mother, Rel be exP, ann, ukahyod, Rel 3 be-named"
,Cherokee Narratives,ᎤᏜᏩᏍᏛ ᎠᏗᎲ ᏍᎩᏃ ᎣᏍᏗᎦᏘᏴ ᎠᏗᎲ ᎤᏲᎱᏍ,udlawsdv adihv sgihno osdigatiyv adihv uyohus,"She and I were setting up with this lady when she died, she said.",,Transformation,,25,Durbin Feeling,,,"who stayed with her, she said, and that, she said we were caring for her, she said, when she died",u-dlawsd-v a-dih-v sgih-no osdi-gatiy-v a-dih-v u-yohus,"3 stay-with exP, 3 say exP, that and, they-two-and-I care-for exP, 3 say exP, 3 die"
,Cherokee Narratives,Ꮎ ᎠᎦᏴᎵᎨ ᏃᏊᏅ ᎡᏙᏓ ᏥᎨᏒ ᏃᏊ ᎤᎴᏩᏓᏃ ᏧᏙᎢᏓ ᎡᎲ ᎤᏗᏗᏜ ᎠᎹᏳᎶᏗ ᏧᏍᎪ ᏦᎩ ᏗᏜ ᎦᏁᏌ ᏗᎪᏢᏍᎩ ᏥᏓᏃᏢᏍᎬᏊᏅ ᎦᏁᏌ ᎾᎯᏳ ᏥᎨᎲ ᎥᏍᎩᎾ ᎤᏂᏅᏎ ᎤᏬᏢᏅᏗ,na agayvlige nogwuhnv edod jigesv nogwu ulehwadahno judo?id ehv udididla anayulhdi jusgo jogi didla ganesa digohlvsgi jidanohlvsgvgwuhnv ganesa nahiyu jigehv vsgina uninvse uwohlvndi,"And then my father and a man named Ulehwat, a casket maker, back then they made their own caskets, so they sent for him to make a casket.",,Transformation,,26,Durbin Feeling,,,"that, old woman, and then, my father, who was, then, named, Ulehwadahno, lived, farther, toward, at Oaks, by the shore, upstream, toward, maker, casket, because they made them themselves, casket, which was, then, that, they sent him, for him to make",na a-gayvlige nogwu-hnv e-dod ji-ges-v nogwu ulehwada-hno j-u-do?id eh-v udididla ama-yulhdi jusg-o jogi didla ganesa di-g-ohlvs-g-i ji-d-a-n-ohlvs-g-v-gwu-hnv ganesa nahiyu ji-geh-v vsgina u-ni-nvs-e u-wohlvn-di,"that, 3 old-woman, then and, 1Pos father, Rel be exP, then, ulehwadahno and, Rel 3 be-named, live exP, farther, toward, water-by, oaks at, upstream, toward, casket, Pl 3 make Prog Ag, then, Pl 3 Pl make Prog Exp just and, casket, then, Rel be exP, that, 3 Pl send repP, 3 make Inf"
,Cherokee Narratives,ᎾᎥᏊᏅ ᏒᏆᎶᏍᎩ ᎤᏬᏢᏒ Ꮻ ᎦᏍᎩᎶ ᏧᏙᎢᏓ,na?vgwuhnv svgwalosgi uwohlvsv wil gasgilo judo?ida,There was a sawmill close by operated by someone named Will Chair.,,Transformation,,27,Durbin Feeling,,,"nearby and just, sawmill, he had, Will, Chair, named",na?v-gwu-hnv svgwalosgi uw-ohlvs-v wil gasgilo j-u-do?id-a,"nearby, here and, sawmill, 3 have exP, will, chair, Rel 3 be-named recP"
,Cherokee Narratives,ᎡᎵᏊ ᏒᎯᏰᏱ ᏗᏜ Ꮲ ᏔᎵ ᎢᏴ ᎡᎵᏊ ᏲᏥᏃᎦ ᎦᏁᏌ ᏍᎩᏊ ᎢᏴ ᏢᏢ,eligwu svhiyeyi didla dlv ta?li iyv eligwu yojinog ganesa sgigwu iyv dlvhdlv,They said that they could possibly have the casket ready by two that afternoon.,,Transformation,,28,Durbin Feeling,,,"possible, evening, toward, somewhere, two, then, possible, we will bring it, casket, just that, that time frame, sometime",eligwu suhiyeyi didla dlv ta?li iyv eligwu y-oji-nog ganesa sgi-gwu iyv dlvhdlv,"possible, evening, toward, somewhere, two, then, possible, nonF they-and-I bring, casket, that just, that-time- frame, sometime"
,Cherokee Narratives,ᎤᏍᏆᏕᏍᏗ ᎤᏓᎷᎸᏊ ᎡᏍᏓᏬᎥ ᎡᏗᎸᏗᏊᏅ ᎢᎦ ᏱᎩ ᎦᏁᏌ ᏲᎩᏃᏝ ᎣᎩᏃᏎᎸ ᎠᏗᎲ ᎡᏙᏓ ᏥᎨᏒ ᎤᏂᎩᏍ ᎡᎵ ᏏᎾᎴᎢ ᎤᏂᎩᏒ ᏙᏅ,usgwadesd udalulvgwu esdawo?v edilvdigwuhnv iga yigi ganesa yoginohla oginoselv adihv edod jigesv uhnigis eli sinale?i uhnigisv dohnv,"They asked them to have the deceased ready, bathed and clothed, by then so all they would have to do would be to put her in the casket.",,Transformation,,29,Durbin Feeling,,,"he will be finished, just before, bathe her, for us to just place her into, that is all, it would be, casket, when we bring it, he told us, she said, my father, who was, he left, possible, in the morning, he left, and also",u-sgwad-esd udalulv-gwu e-sdawo?v edi-lvdi-gwu-hnv iga y-igi ganesa y-ogi-nohla ogi-nosel-v a-dih-v na e-dod ji-ges-v u-hnigis eli sinale?i u-hnigis-v do-hnv,"3 finish Fut Prog, before just, Imp bathe, Imp place-flexible-position just and, all, nonF be, casket, nonF-they-and-I bring recP, he/them-and-me tell exP, 3 say exP, that-one, 1Pos father, Rel be exP, 3 leave, possible, in-the-morning, 3 leave exP, also and"
,Cherokee Narratives,ᎢᎦ ᎣᎩᎾᎵᏍᏓᏴᏅ ᎠᏗᎲ Ꮭ ᎩᎶ ᏱᎦᎾᏄᎪᎪ ᏣᏗᎲ ᎣᎩᎾᎵᏍᏓᏴᏃᎿ ᎤᎵᏍᏓ ᏃᎩᎾᏛᏁᎵᏙᎸ ᏣᏗᎲ ᏃᏊ ᎤᎾᎴᏅᎮ ᏣᏗᎲ ᏯᏖᏃᎯᏊᏅ ᎯᎠ ᏄᏍᏛ ᏥᏓᏂᏢᎥᏍᎬ ᏳᏲᎤᏍ ᎩᎶ ᎠᏓᏱᎩ ᎪᏍᏗ ᏥᏓᏂᏗᏍᎬ ᏯᏖᏃ ᏓᏂᏝᏗᏍᎬ ᏍᎩᏃ ᏄᏅᏅ,iga oginalsdayvhnv adihv hla kilo yigananugogo jadihv oginalsdayvhnohna uhlisd noginadvnelidolv jadihv nogwu unalenvhe jadihv hyatenohigwuhnv hi?a nusdv jidanihlv?vsgv yuyohus kilo adayig gosd jidanidisgv hyahten danihladisgv sgihno nunvhnv,So after lunch they hurried and prepared the place on the floor and made a platform.,,Transformation,,30,Durbin Feeling,,,"noontime, she said when we had just eaten, she said, not, someone, was not coming around, she said, when we had finished eating, quickly we worked, she said, then, they began, she said, just on the floor, this, which was, they would lay them, when he died, someone, maybe wood, or something, they would lay down, board, they laid them on, and that, how they did",iga ogin-alsdayv-hnv a-dih-v hla kilo yi-g-ananugo-g-o j-a-dih-v ogin-alsdayv-hnohna uhlisd n-ogi-n-advne-lidol-v j-a-dih-v nogwu u-n-alenvh-e j-a-dih-v hyahteno-hi-gwu-hnv hi?a nusdv ji-d-a-ni-hlv?vs-g-v y-u-yohus kilo adayig gosd ji-d-a-ni-dis-g-v hyahten d-a-ni-hladis-g-v sgi-hno n-u-nvhn-v,"at-noon, he-and-I eat exP, and 3 say exP, not, someone, nonF 3 come-around Prog Hab, Pst 3 say exP, he-and-I eat Comp and, quickly, Spec they-and-I Pl work around exP, Pst 3 say exP, then, 3 Pl begin repP, Pst 3 say exP, floor-on just and, this, was, Rel Pl 3 Pl make Prog exP, nonF 3 die, someone, board, something, Rel Pl 3 Pl lie-down Prog exP, board, Pl 3 Pl lay-on Prog exP, that and, Spec 3 do exP"
,Cherokee Narratives,ᎤᎾᎴᏅᎲ ᏣᏗᎲ ᏃᏊ ᎠᎾᏬᏍᎬ ᏙᏯ ᎤᏲᎢ ᏂᏚᏍᏛ ᏣᏗᎲ ᏗᎦᏅᏍᎨᏂ ᎩᏟ ᏕᎬᏩᏍᎦᎶᏨ ᏝᏍᎩᏂ ᎬᏕᎶᎰᎯᏍᏗ ᏱᎨᎮ ᏣᏗᎲ Ꮎ Ꮟ ᎬᏅᏊ ᎤᏲᎱᏒ ᏂᎨᏒᎾ ᏚᎵᏍᏚᎢᏎ ᏣᏗᎲ ᏂᎬᏅ ᏧᎵᏔᎸᎢᏓ ᎨᎮ ᏕᎦᏬᎬ ᏣᏗᎲ,unalenvhv jadihv nogwu anawosgv doya uyo?i nidusdv jadihv diganvsgen gilh degvwsgalhjv hlasgin gvdelohohisd yigehe jadihv na si gvhnvgw uyohusv nigesvna dulsdu?ise jadihv nikvhnv jultalv?ida gehe degawogv jadihv,"When they started bathing her, she said, they found puncture wounds all over her legs that hadn’t healed but were running with sores as if they had been caused from dog bites.",,Transformation,,31,Durbin Feeling,,,"they started, she said, then, they bathe it, very, bad, they were, she said, her legs, dogs, where they had bitten her, but not, to tell, you could not, she said, the, yet, while she was alive, when dead, she was not, they opened up, she said, and all over, there were punctures, it was, they were running sores, she said",u-n-alenvh-v j-a-dih-v no23gwu a-n-awos-g-v doya u-yo?i nidusdv j-a-dih-v di-g-anvsgen gilh de-gvw-sgalh-j-v hla-sgin g-vdelohoh-isd yi-geh-e j-a-dih-v na si g-vhn-v-gw u-yohus-v niges-e d-u-lsdu?is-e j-a-dih-v nikv-hnv j-u-ltalv?id-a geh-e de-g-awos-g-v j-a-dih-v,"3 Pl start exP, Pst 3 say exP, then, 3 Pl bathe Prog exP, very, 3 bad, were, Pst 3 say exP, Pl 3 leg, dog, 3 Pl Pas bite Exp, not but, 3 tell Inf, nonF be repP, Pst 3 say exP, she, still, 3 alive Exp just, 3 die exP, already be repP, Pl 3 open-up repP, Pst 3 say exP, all-over and, Pl 3 puncture recP, be exP, Pl 3 ooze Prog exP, Pst 3 say exP"
,Cherokee Narratives,ᎢᎸᏍᎩ ᎾᏕᏘᏯ ᏥᎨᏒ ᏥᏧᏣᏊ Ꮟ ᏥᎨᏒ ᎣᎩᎸᏉᏗ ᎨᏒ ᎠᏓᏴᎳᏛᏍᎩ ᎣᎦᎦᏙᏍᏙᏗ,ilvsgi nadetiya jigesv jichujagwu si jigesv ogilvgwodi gesv adayvlatvsgi ogagatosdodi,"A few years ago, when I was just a boy, we really enjoyed watching television.",,Two Dogs in One,,1,Durbin Feeling,,,"a few, years, when it was, I just a boy, yet, when it was, we liked it, was, television, for us to watch it",ilvsgi nadetiya ji-ges-v ji-chuja-gwu si ji-ges-v ogi-lvgwodi ges-v a-dayvlatvs-g-i og-agatosdo-di,"few, year, Rel be exP, 1 boy just, yet, Rel be exP, they-and-I like, be exP, 3 in-view Prog Ag, they-and-I watch Inf"
,Cherokee Narratives,ᏝᏃ ᎥᏍᏊ ᎣᎬᏌ ᏲᎩᎮ ᎠᏓᏴᎳᏛᏍᎩ ᏝᎴ ᎥᏍᏊ ᎠᎾᎦᎵᏍᎩᏊ ᏱᏂᏙᎬᏁ ᎣᏥᏁᎸ ᎦᎵᏦᏕ ᎠᏎᏍᎩᎢ ᎾᎥ ᎢᏦᎦᏓᎵ ᎤᏂᎲ ᎠᏓᏴᎳᏛᏍᎩ,hlano vsgwu ogvsa yogihe adayvlatvsgi tlale vsgwu angalisgigwu yinidogvne ojinelv galijode asesgini na?v ijogadali unihv adayvlatvsgi,"We did not have a television, and we did not even have electricity, but our neighbor had a television.",,Two Dogs in One,,2,Durbin Feeling,,,"but not also, we ourselves, we didn’t have, television, and not also, electricity even, we didn’t have, where we lived, house, however, near, we apart, they had, television",hla-no vsgwu og-vsa y-ogi-h-e a-dayvlatvs-g-i tla-le vsgwu a-n-galis-g-i-gwu yi-nido-gv-ne oj-inel-v galhjo-de ase-sgini na?v ij-o-gadali u-ni-h-v a-dayvlatvs-g-i,"not and, also, they-and-I have repP, nonF you-and-I have repP, 3 in-view Prog Ag, not and, also, 3 Pl flow Prog Ag just, nonF 1 Pl have repP, they-and-I live exP, house, however, near, they-and-I apart, 3 Pl have exP, 3 in-view Prog Ag"
,Cherokee Narratives,ᏝᏃ ᎥᏍᏊ ᎤᏙᎯᏳ ᎾᎥ ᏱᏂᏙᎦᏓᎴ,hlano vsgwu udohiyu na?v yinidogadale,"We really did not live that close to them, either.",,Two Dogs in One,,3,Durbin Feeling,,,"and not, also, really, near, not close to each other",hla-no vsgwu udohiyu na?v y-ini-do-ga-dal-e,"not and, also, really, nearby, nonF you-and-I apart repP"
,Cherokee Narratives,Ꮲ ᎠᏎ ᏑᏟᎶᏓ ᎢᏴ ᏛᏂᏁᎸ,dlv ase sudliloda iyv dvninelv,It was about a mile to where they lived.,,Two Dogs in One,,4,Durbin Feeling,,,"somewhere, I suppose, one mile, distance, they lived at a distance",dlv ase sudliloda iyv d-v-ni-ne-lv,"somewhere, probably, one-mile, distance, Pl 3 Pl live exP"
,Cherokee Narratives,ᎠᏎᏃ ᎣᏤᎪ ᏙᏣᎦᏙᏍᏔᏁᎪ ᎠᏓᏴᎳᏛᏍᎩ Ꮲ ᏍᎪᎯ ᎠᏰᏟ ᎠᏟᎢᎵᏒ ᎢᎪᎯᏓ ᏬᏤᏙᎰ ᎧᏃᎮᏓ ᎤᏂᏃᎮᏠᏅ ᎢᎪᎯᏓ,aseno ojego dojagatostanego adayvlatvsgi dlv sgohi ayehli atli?ilisv igohida wojedoho kanoheda uninohetlonv igohida,"We would go and watch television and stay until about ten thirty, after the evening news.",,Two Dogs in One,,5,Durbin Feeling,,,"however, we would go, for us to watch, television, approximately, ten, half, time, until, we would go there and return, news, after the telling of, until",ase-no oj-e-g-o d-oj-agado-sta-ne-g-o a-dayvladvs-g-i dlv sgohi ayehli adli?ilisv igohida w-oj-e-doh-o kanoheda u-ni-nohe-dlo-n-v igohida,"however, they-and-I go Prog Hab, they-and-I watch Prog Hab, 3 in-view Prog Ag, approximately, ten, half, time, until, Tr they-and-I go-around Hab, news, 3 Pl tell exP, until"
,Cherokee Narratives,ᎥᏍᎩᏃ ᎢᏲᎨᎵᏒᎯ ᎨᏒ ᏌᏊ ᎢᏳᏩᎪᏗ ᎣᎨᏅᏒ ᎡᏙᏓ ᎡᏥ ᏦᏍᏓᏓᏅᏟ ᎠᏴᏃ,vsgino iyogelisvhi gesv sagwu iyuwagodi ogenvsv edoda eji josdadanvdli ayvno,"That is what my father, my mother, my brother, and I did one time.",,Two Dogs in One,,6,Durbin Feeling,,,"and that, what we had thought, it was, one, time, we went, father, mother, brother and I, and I",vsgi-no i-yo-g-elisv-h-i ges-v sagwu iyuwagdi og-envs-v e-doda e-ji j-osd-adanvdli ayv-no,"that and, Rep they-and-I think Ag, be exP, one, time, they-and-I go exP, 1Pos father, 1Pos mother, Pl he-and-I brother, I and"
,Cherokee Narratives,ᎥᎩᏙᏃ ᎨᏒ Ꮟ ᏩᏥᎾ ᏥᏚᏂᎩᏍᏗᏗᏒ ᏧᎾᏕᎶᏆᏍᏗ ᎥᏍᎩ ᏄᏍᏛ ᏪᎲ ᎥᏍᎩᏃ ᎢᏳᏍᏗ Ꮭ ᏲᎨᎳᏗᏙᎮ,vgidono gesv si wajina jidunigisdidisv junadelogwasdi vsgi nusdv wehv vsgino iyusdi tla yokeladidohe,"My sister, though, was attending a government boarding school, and that is why she was not with us.",,Two Dogs in One,,7,Durbin Feeling,,,"and my sister, who is, yet, Washington, operation, schools, that, place, she lived there, and that, reason, not, she was not with us",vgi-do-no ges-v sa wajina ji-d-u-ni-gisdidis-v j-u-n-adelogwas-di vsgi nusdv w-eh-v vsgi-no iyusdi tla y-og-e-ladidoh-e,"1Pos sister and, be exP, yet, washington, Rel Pl 3 Pl govern exP, where 3 Pl learn Inf, that, place, Tr attend exP, that and, reason, not, nonF he/them-and-I be-with repP"
,Cherokee Narratives,ᎩᏟᏃ ᎥᏍᏊ ᎤᏬᏗᎨ ᎣᎩᎧᎲ ᎣᏍᏓ ᎦᏃᎭᎵᏙᎯ ᎠᎴ ᎥᏍᏊ ᎦᎵᏦᏕ ᎤᎦᏎᏍᏗ ᎠᎴ ᎤᏬᎯᏳᎯᏍᏓ,gitlino vsgwu uwodige ogikahv osda ganohalidohi ale vsgwu galijode ugasesdi ale uwohiyuhisda,We had a dog that was a good hunter and a watch dog and very obedient.,,Two Dogs in One,,8,Durbin Feeling,,,"and dog, also, brown, we had, good, hunter, and, also, house, watcher, and, obedient",gidli-no vsgwu uwodige ogi-kah-v osda ga-nohelidoh-i ale vsgwu galhjo-de u-gas-esdi ale uw-ohiyuhisd-a,"dog and, also, brown, they-and-I have exP, good, 3 hunt-around Ag, and, also, house, 3 watch Fut-Prog, and, 3 obey Pres"
,Cherokee Narratives,ᎯᏅᏙᎮᏍᏗ ᏱᎪᏎᎳ ᎠᏅᏙᎲᏍᎬ ᎠᎴ ᎥᏍᏊ ᏲᏣᏘᏁᎦ ᎤᏪᏅᏍᏗᏊ ᎨᏒ,hinvtohesdi yigosela anvtohvsgv ale vsgwu yojatinega uwenvsdigwu gesv,"If we told him to “stay,” he would, and if we allowed him to go, he would.",,Two Dogs in One,,9,Durbin Feeling,,,"stay, when you tell him, he would stay, and, also, if we took him with us, he would go, it was",hi-nvdoh-esdi y-ig-osel-a a-n-vdohvs-g-v ale vsgwu y-oj-atineg-a uw-envs-di-gwu ges-v,"2 stay Fut-Prog, nonF they-and-I say Dat Pres, 3 Pl stay Prog exP, and, also, nonF they-and-I take-away Pres, 3 go Inf just, be exP"
,Cherokee Narratives,ᎥᏍᎩᏃ ᎩᏟ ᎣᎩᏍᏓᏩᏛᏒ ᎣᎨᎾ,vsgino gitli ogisdawadvsv ogena,That dog went with us where we went.,,Two Dogs in One,,10,Durbin Feeling,,,"and that, dog, he followed us, when we went",vsgi-no gitli ogi-sdawadvs-v og-en-a,"that and, dog, he/them-and-I follow exP, they-and-I go Pres"
,Cherokee Narratives,ᏬᎩᎷᏣᏃ ᎤᎿ ᏧᏁᏅᏒ ᎤᎿᏊ ᏙᏱ ᏗᏢ ᎠᏲᏓᏝᎲ ᎤᏅᏏᏅ ᎣᎩᎦᏘᏛ ᏗᎣᏣᏂᎩᏍᎬ ᎢᎪᎯᏓ ᎾᎯᏳᏅ ᏃᏊ ᎣᎦᏛᏅᎢᏍᏔᎾ ᏂᏛᎣᎦᏂᎩᏍᏗ,wogilujano uhna junenvsv uhnagwu doyi didlv ayodatlahv unvsinv ogigatidv di?ojanigisgv igohida nahiyunv nogwu ogadvnv?istana nidv?oganigisdi,"When we arrived at our neighbor’s house, the dog just laid down on the porch and waited for us until we were ready to go.",,Two Dogs in One,,11,Durbin Feeling,,,"and when we arrived, there at their home, and just there, outside, toward, on the porch, he lay down, he waited for us, as we returned, until, and at that time, then, as we got ready to, upon our return",w-ogi-luj-a-no uhna j-u-n-envsv uhna-gwu doyi di-dlv ay-odatlah-v u-n-vsin-v ogi-gatid-v di-?oj-anigis-g-v igohida nahiyu-nv nogwu og-advnv?istan-a ni-dv-?og-anigi-sdi,"Tr they-and-I arrive Pres and, there, Pl 3 Pl home, there just, outside, toward, 3 porch exP, 3 Pl lie-down exP, he/them-and-I wait exP, Dst they-and-I return Prog exP, until, at-that-time and, then, they-and-I prepare Pres, 1 Pl return Inf"
,Cherokee Narratives,ᏙᎦᎴᏅ ᏂᎦᏓ ᎠᎴ ᎦᎶᎯᏍᏗ ᎢᏗᏜ ᎣᏣᎢᏒ,dogalenv nigada ale galohisdi ididla oja?isv,"Then when we were ready to start home, we all stood up as we started toward the door.",,Two Dogs in One,,12,Durbin Feeling,,,"as we got up, all, and, door, toward, as we walked",d-og-alen-v niga4da al3 galohisdi idi-dla oj-a?is-v,"Pl they-and-I get-up exP, all, and, door, toward, they-and-I walk exP"
,Cherokee Narratives,ᎤᎾᎴᏅᎲ ᏓᎾᏟᏃᎮᏍᎬ ᎡᏙᏓ ᎡᏥ ᎾᏃ ᎠᏂᏐᎢ ᎥᏍᎩᏃ ᏄᎾᏛᏁᎳ ᏭᏅᎪᏨᏊ ᏦᏍᏓᏓᏅᏟ ᎠᎴᏃ Ꮲ ᏔᎵ ᎢᏯᏔᏬᏍᏔᏅ ᎢᏴ ᎢᎬᏱ ᏓᏳᎴᏅ ᎠᏴᏃ ᎨᏒ,unalenvhv danatlinohesgv edoda eji nano aniso?i vsgino nunadvnela wunvgojvgwu josdadanvtli aleno dlv tali iyatawostanv iyv igvyi dayulenv ayvno gesv,"My parents and the others began to talk, and when they did that, my brother just walked on out and got about a two-minute head start.",,Two Dogs in One,,13,Durbin Feeling,,,"they began again, to talk, father, mother, and others, and that, when they did, he just went on out, my brother, and, about, two, minutes, about, ahead, he started out, and for ourselves, which was",u-n-alenvh-v d-a-n-adlinohes-g-v e-doda e-ji na-h-no a-ni-so?i vsgi-no n-u-n-advnel-a w-u-n-vgoj-v-gwu j-osd-adanvdli ale-no dlv ta?li iy-atawostan-v iyv igvyi d-a-y-ul-en-v ayv-no ges-v,"3 Pl begin-again exP, Pl 3 Pl talk Prog exP, 1Pos father, 1Pos mother, that and, 3 Pl other, that and, Spec 3 Pl do Pres, Tr 3 Pl go-out exP just, Pl he-and-I brother, and and, about, two, one-unit 3 hold-breath Exp, about, ahead, Dst 3 start exP, I and, be exP"
,Cherokee Narratives,ᎡᏙᏓ ᎠᎴ ᎡᏥ ᎣᎦᎵᎪᎯ ᏃᏊ ᏦᎩᏄᎪᏣ Ꮎ ᎤᏬᏗᎨ ᎩᏟ ᎣᎩᎧᎲ ᏚᎴᏅ ᏙᏱ ᏗᏢ ᎠᏲᏓᏝᎲ ᎦᏅᎬᎢ ᎥᏍᎩᏃ ᎩᏟ ᎣᎨᎳᏛᏒ ᏄᏓᏅᎯᏒ ᏦᎨᏅᏒ ᎢᏳᏓᏅᎯᏓ,edoda ale eji ogaligohi nogwu joginugoja na uwodige gitli ogikahv dulenv doyi didlv ayodatlahv ganvgv?i vsgino gitli okeladvsv nudanvhisv jogenvsv iyudanvhida,"When my father, mother, and I came out the door, our dog got up from the porch, and that dog walked all the way home with us.",,Two Dogs in One,,14,Durbin Feeling,,,"father, and, mother, together, then, as we came out, the, brown, dog, ours, he got up, outside, toward, porch, he was lying, and that, dog, he joined us, the distance, to our home, as far as",e-doda ale e-ji og-aligo-hi nogwu j-ogi-nugoj-a na u-wodige gitli ogi-kah-v d-u-len-v doyi di-dlv ayodatlahv ga-nv-g-v-?i vsgi-no gitli ok-eladvs-v nudanvhisv j-og-envsv iyuda?ehida,"1Pos father, and, 1Pos mother, they-and-I be-together Ag, then, Pl they-and-I come-out Pres, the, 3 brown, dog, they-and-I our exP, Pl 3 get-up exP, outside, toward, porch, 3 lie Prog exP, that and, dog, he/them-and-me follow exP, distance, Pl they-and-I home, as-far-as"
,Cherokee Narratives,ᏫᎣᎩᎷᏣᏃ ᏦᎨᏅᏒ ᏦᏍᏓᏓᏅᎵ ᎦᏳᎳ ᏭᏬᎸ,wi?ogilujano jogenvsv josdadanvhli gayula wuwohlv,"When we got home, my brother was already there.",,Two Dogs in One,,15,Durbin Feeling,,,"and when we returned, to our home, my brother, already, he was home",wi-?ogi-luj-a-no j-og-envsv j-o-sd-adanvhli gayula w-o-wohl-v,"Tr they-and-I return Pres and, Pl they-and-I home, Pl he-and-I brother, already, Tr 3 be-home exP"
,Cherokee Narratives,ᎣᎩᏒᏍᏗᏃ ᏃᏊ ᎣᏣᏛᏅᏍᏗᏍᎬ ᏙᏣᏟᏃᎮᏍᎬ ᎠᎩᏁᎢᏍᏔᏅ Ꮎ ᎩᏟ ᏦᎩᏍᏓᏩᏛᏍᏔᏅ ᏄᏓᏅᎯᏒ ᏦᏍᏓᏓᏅᏟᏃ ᎡᏝᏪ ᏄᎵᏍᏔᏅ ᏞᎦ ᎠᏎᏃ ᏃᏊ ᎤᏁᏣ ᎯᎠ ᏄᏪᏒ ᎦᏙᎲ ᏱᎦᎵᏍᏙᏓ ᎠᏴᏃ ᎥᏍᏊ ᏄᏓᏅᎯᏒ ᏥᏛᎩᏍᏓᏩᏛᏍᏓ,ogisvsdino nogwu ojadvnv?isdisgv dojatlinohesgv akine?istanv na gitli jogisdawadvstanv nudanvhisv josdadanvtlino etlawe nulistanv tlega aseno nogwu uneja hi?a nuwesv gadohv yigalisdoda ayvno vsgwu nudanvhisv jidvgisdawadvsda,"As we were getting ready for bed and we were talking, I mentioned that our dog had followed us all the way home, and my brother became silent for a while—and when he spoke he said, “How could that happen? He was with me all this time.”",,Two Dogs in One,,16,Durbin Feeling,,,"and our bedtime, then, we were preparing, we were talking, I mentioned, the, dog, him following us home, the distance, and my brother, silent, he became, for a while, but then, when he spoke up, this, he said, how, can that be, me, also, the distance, he followed me",ogi-svs-di-no no23gwu oj-advnv?isdis-g-v d-oj-adlinohes-g-v ak-ine?istan-v na gitli j-ogi-sdawadvstan-v nudanvhisv j-osd-adanvdli-no ehlawe n-u-listan-v hlega ase-no no23gwu u-n-ej-a hi?a n-u-wes-v gadohv yi-g-alisdod-a ayv-no vsgwu nudanvhisv jidv-gisdawadvsd-a,"they-and-I be-bedtime Inf and, then, they-and-I prepare Prog exP, Pl they-and-I talk Prog exP, 1 mention exP, the, dog, Pst they-and-I follow exP, distance, Pl he-and-I brother and, silent, Spec 3 become exP, for-a-while, but when, 3 Pl speak-up Pres, this, Spec 3 say exP, how, nonF 3 occur Pres, I and, also, distance, he-me follow Pres"
,Cherokee Narratives,ᎾᏍᎩᏃ ᎯᎠ ᎠᏂᏔᎵ ᎠᏂᏍᎦᏯ ᎠᏂᎦᏪᎯᎮ ᏥᏳ ᎤᏍᏗ ᎤᎾᏦᏕ ᏦᎩ ᎠᎦᏘ ᎠᏂᎦᏪᎯᎮ ᏧᎧᏅᏍᏕᎾ ᎤᏔᎾ ᏱᎩ ᎤᎿᎸ ᏥᏂᎦᏪᏍᎪ ᏧᎧᏅᏍᏕᎾ ᏩᎦ ᎾᏍᎩ ᎢᏳᏍᏗ ᎤᎾᏛᎦᏁ ᏝᏃ ᏱᏓᏄᎪᏗᏍᎨ Ꮏ ᏗᏜ ᎨᏒ,nasgihno hi?a anita?li anisgaya anigawehihe jiyu usdi unajode jog akti anigawehihe jukanvsden utan yig uhnalv jinigawesgo jukanvsden wahg nasgi iyusd unhtvgane hlahno yidanukdisge hna didla gesv,"Two men were paddling a canoe upstream when they heard a bull snorting, but they could not determine the direction from which it came.",,Water Beast,,1,Sam Hair,,,"and that, these, two, men, were paddling, canoe, small, they were in, upstream, toward, they were paddling, bull, big, maybe, mean, as it snorts, bull, cow, that, like, they heard, and not, they did not judge, the direction, there, toward, which",nasgi-hno hi?a a-ni-ta?li a-ni-sgaya a-ni-gawehih-e jiyu usdi u-n-ajod-e jog akti a-ni-gawehih-e wahga-hno jukanvsden utan y-ig u-hnal-v ji-ni-g-awes-g-o jukanvsden wahg nasgi iyusd u-n-htvgan-e hla-hno yi-d-a-n-ukdis-g-e hna didla ges-v,"that and, this, 3 Pl two, 3 Pl man, 3 Pl paddle repP, canoe, small, 3 Pl be-in repP, upstream, toward, 3 Pl paddle repP, cow and, bull, big, nonF be, 3 mean exP, Rel Lat 3 snort Prog Hab, bull, cow, that, like, 3 Pl hear repP, not and, nonF Pl 3 Pl direct Prog repP, there, toward, be exP"
,Cherokee Narratives,ᎠᏂᎪᏩᏘᏍᎨᎢᏍᎩᏂ ᎾᎿ ᎯᎠ ᎤᏔᎾ ᎾᎿ ᏩᏔᎴᏍᏒ ᎠᎹᏱᏅ ᎠᏰᏟᏴ ᎨᏎ ᎾᏍᎩ Ꮎ ᎠᏔᎴᏒ,anigowahtisge?isgin nahna hi?a utana nahna watalesv amayihnv ayehliyv gese nasgi na atalesv,"But up ahead, they could see a big cave that was partly in water and partly onshore.",,Water Beast,,2,Sam Hair,,,"which they were seeing it, there, this, big, there, a hole in the water, half of, was, that, that, hole",a-ni-gowahti23s-g-e?i-sgin nahna hi?a utana nahna watalesv ama-yi-hnv ayehliyv ges-e nasgi na atalesv,"3 Pl see Prog repP but, there, this, big, there, a hole, water in and, half, be repP, that, that, hole"
,Cherokee Narratives,ᎾᎿᏃ ᏫᏚᎾᎧᎿᎾ ᎾᎿ ᏗᎤᎵᏍᏆᎷᏓᏩᏗᏎ ᏧᎧᏅᏍᏕᏅ ᎡᏆ,nahnahno widunakahnan nahna di?ulsgwaludawdise jukanvsden egw,"As they looked toward the opening of the cave, they saw a bull swimming downstream toward them.",,Water Beast,,3,Sam Hair,,,"and there, when they looked, there, head visible while in water, bull, large",nahna-hno wi-d-u-nakahn-a-n nahna di-?u-l-sgwalu-dawd-i-se wahg jukanvsden egw,"there and, Tr Pl 3 Pl look recP, and, there, this-direction 3 Refl head-moving-in-water repP, cow, bull, large"
,Cherokee Narratives,ᎣᏍᏓᏃ ᏧᏄᎪᏦᎾ ᎾᏍᎩᎾ ᏧᎧᏅᏍᏕᏅ ᎾᎿ ᏩᏔᎴᏒ ᎠᎹᏱ ᎢᎤᏕᏘᏁ Ꮓ ᏫᏚᎵᎬᏰ,osdahno junugochon nasgina jukanvsden nahna watalesv amay i?udetine now widuligvhye,"When the bull swam completely out of the cave, it went under.",,Water Beast,,4,Sam Hair,,,"and good, when it completely came out, that, bull, there, hole in water, dived, then, submerged itself",osda-hno j-u-nugochon nasgina wahg jukanvsden nahna watalesv ama-y i-?-u-detin-e now wi-d-u-ligvhy-e,"good and, Rel 3 come-out, that, cow, bull, there, hole, water in, again 3 dive repP, then, Tr Pl 3 submerge repP"
,Cherokee Narratives,ᎤᏂᏍᎦᏍᏓᏁᎴ Ꮓ ᎾᏍᎩ Ꭿ ᎠᏂᏔᎵ ᎠᏂᏍᎦᏯ ᏥᏳ ᎤᎾᏣᎢ ᎠᏂᎦᏪᎯᎲ ᎭᏢᏍᎩᏂ ᏫᎦᎶᎯ ᎤᏁᎵᏎ ᎤᎾᏛᏁᏊᎴ ᏱᎩ ᏍᏊ,unisgasdanele now nasgi hi anita?li anisgay jiyu unaja?i anigawehihv hadlvsgini wigalohi unelise unadvnegwule yig sgwu,"The men became frightened. ""Where did it go?"" they thought.",,Water Beast,,5,Sam Hair,,,"they were frightened, then, that, these, two, men, canoe, occupants, as they paddled, I wonder where, it went, they thought, or they said, or, also",u-ni-sgasdanel-e now nasgi hi? a-ni-ta?l a-ni-sgay jiyu u-n-aj-a?i a-ni-gawehih-v hadlv-sgini wi-g-aloh-i u-n-elis-e u-n-advn-e-gwule y-ig sgwu,"3 Pl fear repP, then, that, this, 3 Pl two, 3 Pl man, canoe, 3 Pl occupy Pres, 3 Pl paddle exP, where perhaps, Tr 3 go Pres, 3 Pl think repP, 3 Pl say repP, or nonF be, also"
,Cherokee Narratives,ᎤᎾᏕᎶᎰᏌᏃ ᏥᏳ ᎾᎿ Ꭿ ᎤᎾᏣᎥ ᎾᎿ ᏥᏳᎪᏗ ᎭᏫᏂᏗᏢ ᏂᎤᏛᏁ ᏧᎧᏅᏍᏕᎾ,unadelohosahno jiyu nahna hi unajav nahna jiyukd hawinididl ni?udvhne jukanvsden,"The next thing they knew, the bull was directly beneath their canoe.",,Water Beast,,6,Sam Hair,,,"and when they found out, canoe, there, this, they were there, there, center, underneath, it was, bull",u-n-adeloho23s-a-hno jiyu nahna hi? u-n-jod-v nahna jiyukd hawinadidli ni?-u-dvhn-e wahg jukanvsden,"3 Pl discover imP and, canoe, there, this, 3 Pl be-there exP, there, center, beneath toward, Spec 3 say repP, cow, bull"
,Cherokee Narratives,ᎢᎤᏟᏍᏔᏫᏛᎮ ᏗᎦᏅᎯᏓhᏃ ᏚᎷᎬ ᎾᏍᎩ ᏚᏔᏁ ᏚᏟᏆᏗᏁᎴ ᏧᏳ ᏚᏂᎬᏤᏃ ᎠᏂᏍᎦᏯ,i?udlistawidvhe diganvhidahno dulugv nasgi duhtane duhlihgwadinele jiyu dunigvjehno anisgaya,"The bull twisted its head, and with its long horns it turned the canoe over, and the men fell into the water.",,Water Beast,,7,Sam Hair,,,"it twisted its head, and long, horns, that, it used, it turned over, canoe, they fell into the water, men",i-?-u-dlistawidvh-e diganvhida-hno d-ulugv nasgi d-u-htan-e d-u-hlihgwadinel-e jiyu d-u-ni-gvj-e-hno a-ni-sgay,"Rep 3 twist-head repP, Pl 3 Pl long and, Pl horn, that, Pl 3 use repP, Pl 3 turn-over repP, canoe, Pl 3 Pl fall-in repP and, 3 Pl man"
,Cherokee Narratives,ᏎᏃ ᎤᎾᏳᎢᏅᏎ ᏚᎾᎵᏘᏎ ᎤᏣᏘᎾ ᏗᏜ ᎤᏕᎸ ᏭᏢᏍᏔᏁ ᏌᏊ,sehno unayu?invse dunaltise ujatin didl udelv wutlvstane sagwu,The men swam to shore with the bull right behind them.,,Water Beast,,8,Sam Hair,,,"but, they swam, they ran away, another, direction, out of sight, he ran, one",ase-hno u-n-ayu?invs-e d-u-n-altis-e ujatin didl u-del-v w-u-tlvstan-e sagwu,"but 3 Pl swim repP, Pl 3 Pl run-away repP, another direction, 3 out-of-sight exP, Tr 3 run repP, one"
,Cherokee Narratives,ᏐᎢᏅ ᎠᎭᏂ ᏗᏜ ᏚᎾᎦᎴᏅᎮ ᎠᎯᏗᎨ ᏧᎾᏓᎩᏯᏍᏗ ᎤᏂᏰᎸᏁ ᎢᏳᏅ ᎤᎾᎵᎪᏒ ᏱᎨᏎ ᏚᎾᎵᏘᏏᏗᏒ ᏌᏊᏅᎧ ᎢᏧᎳ ᏳᏂᎨᎲᏎ ᏃᏭᏅ ᏚᎾᎦᎴᏅ ᎾᎿ Ꭿ,so?ihnv ahan didl dunagalenvhe ahidige junadakiyasdi uniyelvhne iyuhnv unaligosv yigese dunaltisidisv sagwuhnvka ijul yunikehvse nowuhnv dunagalenv nahna hi,"When they reached dry land, they split up and the bull stopped.",,Water Beast,,9,Sam Hair,,,"and the other, here, direction, they separated, easier, to outrun, they thought, if they, together, if it was, as they ran away, as one, both, it would have chased them, and so, when they separated, there, this",so?i-hnv ahan didl d-u-n-agalenvh-e ahidige j-u-n-adakiyas-di u-ni-yel-v-hne iyuhnv u-n-aligos-v yi-ges-e d-u-n-altisidis-v sagwu-hnv-ka ijul y-u-ni-kehvs-e nowu-hnv d-u-n-agalen-v nahna hi?,"other and, there direction, Pl 3 Pl separate repP, easier, Pst 3 Pl outrun Inf, 3 Pl think exP, and if, 3 Pl together exP, nonF be repP, Pl 3 Pl run-away exP, one and as, both, nonF 3 Pl chase repP, so and, Pl 3 Pl separate exP, there, this"
,Cherokee Narratives,Ꮭ ᏱᏚᏭᎪᏔᏁ ᎢᏳᏍᏗ ᎤᎨᎲᏍᏗ ᏧᎧᏅᏍᏕᎾ ᏫᏚᎵᎬᏰᏊ ᎾᎿ ᎤᏔᏅ ᎠᏔᎴᏒ ᎢᏗᏢ ᏚᏭᎪᏔᏁ ᎠᎹᏱ ᎭᏫᏂᏅ ᏄᏛᏁᎴ,hla yiduwuktane iyusd ukehvsdi jukanvsdena widuligvhyegw nahna utan atalesv ididl duwuktane amay hawinhnv nudvnele,"Not knowing which one to chase, the bull went back into the water and headed toward the cave.",,Water Beast,,10,Sam Hair,,,"not, did not determine, direction, which to chase, bull, ducked under, there, big, hole, toward, headed, in water, under and, it did",hla yi-d-u-wuktan-e iyusd u-kehvs-di wahg wi-d-u-ligvhye-gw nahna utan atalesv idi-dl d-u-wuktan-e ama-y hawin-hnv n-u-dvnel-e,"not, nonF Pl 3 determine repP, which, 3 chase Inf, cow, Tr Pl 3 submerge repP just, there, big, hole, toward, Pl 3 head-for repP, water in, under and, Spec 3 do repP"
,Cherokee Narratives,ᎣᏂ ᎤᏂᎪ ᏍᎩᎾ ᏧᎧᏅᏍᏕᎾ ᎤᏔᏅ ᏗᏔᎴᏒ ᎤᏍᏓᎦᎸ ᎾᎿ ᏗᏜ ᏩᏴᏟᏙᎮ ᏭᏂᎪᎮ ᎠᏰᏟᏅ Ᏼ ᎨᏎ ᎠᎹᏱ ᎠᏰᏟ ᎢᏴ ᎤᎧᏲᏛ ᎾᏍᎩᎾ ᎤᏔᏅ ᏩᏔᎴᏒ ᏰᎵᏊ ᏧᎧᏅᏍᏕᎾ ᎤᏔᏅ ᎬᏩᏴᏍᏗ ᎢᎩᏓ ᎨᏎ ᎠᏔᎴᏒ ᎾᎿᏃ ᏭᏴᏞ ᎣᏂ ᎤᏂᎪᎲ ᎾᏍᎩ Ꭿ ᏧᎧᏅᏍᏕᎾ,ohni unigo sgina jukanvsdena utan ditalesv usdagalv nahna didla wayvhlidohe wunigohe ayehlihnv yv gese amay ayelh iyv ukahyodv nasgina utan watalesv yeligw jukanvsdena utan gvwayvsd ikid gese atalesv nahnahno wuyvhle ohni unigohv nasgi hi jukanvsdena,"The last they saw of the bull, it was going back into the cave.",,Water Beast,,11,Sam Hair,,,"last, they saw it, that, bull, big, hole, cave, there, toward, it was entering, they saw, half of it, distance, was, in water, half of it, dry land, that, big, hole, enough, bull, big, to enter, size, was, hole, and there, it entered, last, they saw, that, this, bull",ohni u-ni-go sgina wahg utan ditalesv usdagalv nahna didlv w-a-yvhlidoh-e w-u-ni-go-he ayehli-hnv yv ges-e ama-y ayeh iyv ukahyodv nasgina utan watalesv yeligw wahga utan g-vwayv-sd ikida ges-e atalesv nahna-hno w-u-yvhl-e ohni u-ni-goh-v nasgi hi? wahga,"last, 3 Pl see, that, cow, big, hole cave, there, toward, Tr 3 enter repP, Tr 3 Pl see repP, half-way distance, be repP, water in, half distance, dry-land, that, big, hole, enough, cow, big, 3 enter Inf, size, be repP, hole, there and, Tr 3 enter repP, last, 3 Pl see exP, that, this, cow"
,Cherokee Narratives,ᎠᏂᏍᎬᏘ 31Ꮑ 1927 ᎯᎸᏍᎩ ᎢᎧᏁᏥ ᏓᎪᏪᎳᏂ ᎪᎯ ᎢᎪᎯ,ansgvti 31ne 1927 hilvsgi ikanejv dagowelani kohi igohi,"May 31, 1927: I am going to write a few words on this day.",,Diary,,1,Author Unknown,,,"May 31st 1927, a few, words, I will write, today, day",ansgvti 31ne 1927 hilv4sgi ika3nejv da-g-owelan-i kohi igo4hi,"may 31Ord 1927, few, word, Fut 1 write Fut, this, day"
,Cherokee Narratives,ᎠᏆᏓᏂᎳᏉ ᏱᎦᏗ ᎠᏎᏉᏉ ᏱᏂᏥᏪᎭ ᎥᏝ ᎩᎶ ᎰᏩ ᏴᎦᏰᎳ,agwadanilagwo yigadi asegwogwo yinijiweha vhla kilo howa yvgayela,There is no reason for me to say that I am ill because no one would believe me.,,Diary,,2,Author Unknown,,,"I am just ill, if I say, no reason, I would be saying it, no, no one, would believe it, would not think",agw-adani23l-a-gwo yi-g-a3di ase3-gwo4 yi-ni-ji-we32h-a v4hla kilo howa3 yv-g-a3ye23l-a,"1 ill Pres just, nonF 1 say, maybe just, nonF ni 1 say Pres, no, someone, to-believe, nonF 3 think Pres"
,Cherokee Narratives,ᎾᏆᏛᎿᏕᎦ ᎠᏋᏌᏉ ᎾᏆᏛᎾᏕᎦ ᎥᏋᏕᏨᏉ ᏥᏙᏩᏕᎦ,nagwadvhnadega agwvsagwo nagwadvnadega vgwvdejvgwo jidowadega,My life is worthless because I am all alone with no one to stay with me.,,Diary,,3,Author Unknown,,,"I am here and there, I am just alone, I am getting along, I have just been abandoned, I am standing around",ni-g-alsdi23s-g-v nagwadvnade32ga agw-v23sa-gwo n-agw-advnade32-g-a vgw-v-dej-v4-gwo ji-do32wade3g-a,"Spec 3 happen Prog exP, distraught, 1 alone just, Spec 1 get-along Prog Pres, 1Pas abandon exP just, 1 stand Pres"
,Cherokee Narratives,ᎠᏫᏄᏣ ᎠᏋᏕᏥᎸᏉ ᎾᏆᏛᎾ,awinuja agwvdejilvgwo nagwadvna,A young man has left me.,,Diary,,4,Author Unknown,,,"young man, he has abandoned me, I am here",a-winu4ja agw-v-deji23l-v4-gwo n-agw-advn-a,"3 young-man, 1Pas abandon exP just, Spec 1 be-here Pres"
,Cherokee Narratives,ᎾᏉ ᏑᏕᏘᏴᏓ ᏑᏓᎵᏃ ᎢᏯᏅᏙ ᎬᏋᏕᏨᎯ,nagwo sudetiyvda sudalino iyanvdo gvgwvdejvvhi,It has now been a year and six months since he abandoned me.,,Diary,,5,Author Unknown,,,"now, one year, and six, months, since he abandoned me",na23gwo sudetiyv4da?v suda3li-hno3 iya3nv4do gv-gwv-dej-v4hi,"now, one-year, six and, month, since 1Pas abandon exP"
,Cherokee Narratives,ᎠᏉᎯᏳᏗ ᎤᏁᎳᏅᎯ ᏗᏆᏓᏂᎸᏤᎸᎯ ᎨᏒᎢ,agwohiyudi unelanvhi digwadanilvchelvhi gesv?i,I have faith that God has accepted him.,,Diary,,6,Author Unknown,,,"I trust, God, he has accepted him, has",agw-ohiyu23di une23la3nvhi di-gwa-danilvche23l-v4hi ges-v4?i,"1 trust, god, Pl 3 accept exP, be exP"
,Cherokee Narratives,ᎠᎵᎮᎵᏍᏗ ᏗᎨᏒ ᏫᏄᏛᏅ ᎠᏉᎯᏳᏗ ᏧᏅᏟ ᏧᏩᏛᏛ ᎨᏒᎢ,alihelisdi digesv winudvhnv agwohiyudi juhnvhli juhwahtvdv gesv?i,"I have faith that he is in the ""happy place,"" that he has found his brother.",,Diary,,7,Author Unknown,,,"happy, at the place, he is there, I trust, his brothers, he has found them, has",a-lihe4lis-di di-ge3s-v4 wi-n-u-dvhn-v agw-ohiyudi j-u-hnvhli j-u-hwahtvd-v ges-v?i,"3 happy Inf, Dst be exP, Tr Spec 3 say exP, 1 trust, Pl 3 brother, Pl 3 find exP, be exP"
,Cherokee Narratives,ᎠᏉᎯᏳ ᎠᎴ ᎤᎦᏴᎵᎨ ᎤᏩᏛᏛ ᎨᏒᎢ,agwohiyu ale ugayvlige uhwahtvdv gesv?i,I have faith that he has found his parent.,,Diary,,8,Author Unknown,,,"I trust, and, his parent, he has found, has",agw-ohiyu ale3 u-gayv23li3ge3 u-hwahtv4d-v ges-v4?i,"1 trust, and, 3 parent, 3 find exP, be exP"
,Cherokee Narratives,ᎤᏟᏉ ᎤᏲᎢᏳ ᏱᏄᎵᏍᏔᏁ ᏯᏇᎵᏒ,udligwo uyo?iyu yinulstane yagwelisv?i,"When I think about it, he would have suffered if I had left him first.",,Diary,,9,Author Unknown,,,"much more, worse off, he would have been, I",udli4-gwo u-yo?i23-yu yi-n-u-l3sta3n-e y-agw-e23lis-v,"away-from just, 3 worse-off so-much, nonF Spec 3 happen repP, nonF 1 think exP"
,Cherokee Narratives,ᏍᏗᎩᏛ ᎤᎦᎵᏍᏗ ᎢᏳᏍᏗ ᎢᎦᏓᏅᏓᏗᏍᎪᎢ,sdikidv ugalsdi iyusdi igadanvdadisgo?i,Then I feel a little better.,,Diary,,10,Author Unknown,,,"a little bit, eager, like, habitually",sdi23kidv u23-gals-di iyu4sdi i-g-ad3anvdadi32s-g-o3?i,"a-little, 3 abandon Inf, like, again 1 feel Prog Hab"
,Cherokee Narratives,ᏥᏌᏃ ᏧᏁᏨ ᎯᎠ ᏄᏪᏎᎴᎢ ᎩᎶᎢᏳᏍᏗ ᏥᎷᏏᎵᎻ ᎤᏂᎩᏎ ᏤᎵᎪ ᎤᏪᏅᏎᎢ ᏗᎾᏓᏅᏌᎲᏍᎩᏃ ᏚᎾᏓᏩᏛᏔᏁᎢ,jisahno juhnejv hi?a nuwesele?i kiloiyusdi jilusilimi uhnigise jeligo uwenvse?i dinadansahvsgihno dunadawatvhtane?i,"In reply, Jesus said: ""A man was going down from Jerusalem to Jericho, when he fell into the hands of robbers.""",,The Good Samaritan,,1,,,,"and Jesus, when he answered, this, he said to him, a certain someone, Jerusalem, he went from, Jericho, he went, and robbers, they found each other (accidentally)",ji23sa3-hno j-u23-hne4j-v hi?a n-u-wes-e23l-e3?i kilo3 iyu4sdi jilu3silimi u23-hni3gis-e3 jeligo u-wenv3s-e3?i di-n-ada-h23nsahvs-g-i3-hno d-u-n-ada-hwantvh-tan-e3?i,"jesus and, Pst 3 answer exP, this, ni 3 reply Dat repP, someone a-certain, jerusalem, 3 go-from repP, jericho, 3 go repP, Pl Pl Refl rob Prog Ag and, Pl 3 Pl Refl find accidentally repP"
,Cherokee Narratives,ᎾᏍᎩ ᏕᎬᏩᏄᏪᏎ ᏚᏄᏩᎥᎢ ᎠᎴ ᎬᏩᎵᎥᏂᎴᎢ ᎠᎴ ᎤᎾᏓᏅᏎ ᎬᏩᏕᏤ ᎠᏰᎵ ᎢᏴᏛ ᎤᏲᎱᏒᎯ ᎨᏎᎢ,nasgi degvwahnuwese duhnuwa?v?i ale gvwali?vhnile?i ale unadanvse gvwadeje ayeli iyvdv uyohusvhi gese?i,"They stripped him of his clothes, beat him, and went away, leaving him half dead.",,The Good Samaritan,,2,,,,"that, they took his clothes off, the clothes he had on, and, they beat him, and, they departed, they abandoned him, half, way, dead, he was",nasgi de23-g-v3wahnuwe3s-e3 d-u-hnuwa3?-v4?i ale3 gvw-ali3?vhni3l-e?i ale3 u-n-ada3nvs-e3 gv-wade3j-e3 aye4li iyv4dv u-yohusv4h-i ges-e3-i,"that, Pl 3 take-off-clothes repP, Pl 3 wear-clothes exP, and, they/him beat repP, and, 3 Pl depart repP, they/me repP, half, way, 3 die exP, be repP"
,Cherokee Narratives,ᎠᏰᎵᏃ ᏄᏮᏔᏅ ᎩᎶ ᎢᏳᏍᏗ ᎠᏥᎸᎨᎶᎯ ᎾᎿ ᏂᎦᏅᏅ ᏗᎤᎶᏎᎢ ᎤᎪᎲᏃ ᎠᏂᏗᏢᏉ ᏄᎶᏎᎢ,ayelihno nuwvtanv kilo iyusdi ajilvgelohi nahna niganvhnv di?ulose?i ugohvhno ahnididlvgwo nulose?i,"A priest happened to be going down the same road, and when he saw the man, he passed by on the other side.",,The Good Samaritan,,3,,,,"and half, he came, someone, certain (priest), fire feeder, there, down the road, he came, and when he saw him, the other way, he went",ayeli-hno n-u-wvtan-e3 kilo3 iyu4sdi a-ji23lvge23loh-i nahna ni-ga3nv3hnv di3?-u-los-e3? u-go23hn-v-hno a3hni3-didlv3gwo n-u3-los-e3?i,"and half and, Spec 3 come repP, someone, type, 3 feed-fire Ag, there, Lat road, Dst 3 come repP, 3 see exP and, other toward just, Spec 3 go repP"
,Cherokee Narratives,ᎠᎴ ᎾᏉ ᎠᎵᏫ ᎾᎿ ᎡᏙᎲ ᎤᎷᏤ ᎤᎦᏔᏁᎢ ᎠᎴ ᎠᏂᏗᏢᏉ ᏄᎶᏎᎢ,ale nasgwo aliwi nahna edohv uluhje uktahe?i ale ahnididlvgw nulose?i,"So too a Levite, when he came to the place and saw him, passed by on the other side.",,The Good Samaritan,,4,,,,"and, also, a Levite, there, he was walking, he came, he looked at him, and, the other way, he went by",ale3 nasgwo ali23wi nahna3 edo3h-v u-luh3j-e3 u-ktahn-e3?i ale3 a3hni3-di3dlv3-gwo n-u23-lo3s-e3?i,"and, also, levite, there, walk around exP, 3 come repP, 3 look-at repP, and, other toward just, Lat 3 go repP"
,Cherokee Narratives,ᎩᎶᏍᎩᏂ ᎢᏳᏍᏗ ᏌᎺᎵᏱ ᎡᎯ ᎠᎢᏒᎢ ᎤᎷᏤ ᎦᏅᎢ ᎤᎪᎲᏃ ᎤᏪᏙᎵᏤᎢ,kilosgini iyusdi sameliyi ehi a?isv?i uluhje ga?nv?i ugohvhno uwedolije?i,"But a Samaritan, as he traveled, came where the man was, and when he saw him he took pity on him.",,The Good Samaritan,,5,,,,"but someone, certain, Samaria, dweller, as he walked along, he came to, where he lay, and when he saw him, he had compassion for him",kilo23-sgini3 iyu4sdi sameli4-yi e4h-i a3?-is-v4?i u-luh3j-e3 g-a?3n-v4?i u-go23h-v-hno u-wedo23li32j-e3?i,"someone but, type, samaria from, live Ag, 3 walk exP, 3 arrive repP, 3 lie exP, 3 see exP and, 3 pity repP"
,Cherokee Narratives,ᎠᎴ ᏭᎷᏣ ᎠᎴ ᏚᎸᎴᎢ ᏓᏥᏐᏅᎢ ᎠᎴ ᎪᎢ ᎩᎦᎨᏃ ᎠᏗᏔᏍᏗ ᏓᏍᏚᏞᎮᎢ,ale wuluhje ale dulv?le?i dajisonvhnv?i ale go?i gigagehno aditasdi dasdudlehe?i,"He went to him and bandaged his wounds, pouring on oil and wine.",,The Good Samaritan,,6,,,,"and, he came, and, he bandaged him, on his wounds, and, oil, and red, drink, he was pouring on them",ale3 w-u3-luhj-e3 ale3 d-u-lv3?ei-e3 d-a-jisonvhn-v4?i ale3 go?i giga3ge4-hno a-di23tas-di d-a-sdu3dleh-e3?i,"and, Tr 3 arrive repP, and, Pl 3 bandage repP, Pl 3 on-wounds exP, and, oil, red and, 3 drink Inf, Pl 3 pour repP"
,Cherokee Narratives,ᎠᎴ ᎤᏩᏒ ᎤᎩᎸᏙᏗ ᎤᎩᎸᏔᏁᎯ ᏧᏂᏒᏍᏗᏱᏃ ᎠᏓᏁᎸ ᎤᏘᏃᎴᎢ ᎠᎴ ᎤᏍᏆᏂᎪᏔᏁ,ale uwasv ukilvdohdi ukilvtane?i junisvsdiyihno adanelv utinole?i ale usgwanigotane?i,"Then he put the man on his own donkey, took him to an inn, and took care of him.",,The Good Samaritan,,7,,,,"and, his own, to ride upon, he sat him upon it, and inn, house, he brought him, and, he took care of him",ale3 u-wa23sv u-kilv3doh-di u-kilv32tan-e3?i junisvsdi23yi-hno adane23lv u-tino23l-e3?i ale3 u-sgwanigo32tan-e3?i,"and, 3 self, 3 ride Inf, 3 put-on repP, inn and, house, 3 bring repP, and, 3 take-care repP"
,Cherokee Narratives,ᎤᎩᏨᏛᏃ ᎾᏉ ᎤᏂᎩᏒ ᏔᎵ ᎠᏂᎩᏏ ᏧᎾᎬᏩᎶᏗ ᏚᎴᏎᎢ ᎠᎴ ᏚᏁᎴ ᎦᏁᎳ ᎠᎴ ᎯᎠ ᏄᏪᏎᎴᎢ,ugijvdvhno hnagwo uhnigisv ta?li anigisi junagvwalhdi dulese?i ale duhnele ganel ale hi?a nuwesele?i,The next day he took out two silver coins and gave them to the innkeeper.,,The Good Samaritan,,8,,,,"and the next morning, then, when he started out, two, denarii, worth, he took out, and, he gave to him, the one that lives there, and, this, he said to him",ugijv23dv-hno hna23-gwo u-hni3gi4s-v ta?li a-ni-gi23si j-u-n-agv23walh-di d-u-le3s-e3?i ale3 d-u-hn-e23l-e3 ga-ne4l-a ale3 hi?a n-u-wese23l-e?i,"next-morning and, then just, 3 start-out exP, two, 3 Pl denarii, Pl 3 Pl be-worth Inf, Pl 3 take-out repP, and, Pl 3 give Dat repP, 3 live Pres, and, this, ni 3 say Dat repP"
,Cherokee Narratives,ᎯᏍᏆᏂᎪᏕᏍᏗ ᎢᎦᎢᏃ ᏫᎦᎶᏒᏍᏗᏍᎬ ᏣᎫᏳᎯᏙᎸᎢ ᎢᏥᎷᏣᎭ ᎢᎬᏯᎫᏴᎡᎸᎭ,hisgwanigodesdi iga?ihno wigalosvsdisgv jakuyuhidolv?i ijiluhjvha igvyaguyv?elvha,"""Look after him,"" he said, ""and when I return, I will reimburse you for any extra expense you may have.""",,The Good Samaritan,,9,,,,"keep him, however much, over, your expenses, when I return, I will repay you",h-isgwanigo32de3s-di iga3?i-hno3 wi-ga3-losvsdis-g-v3 j-akuyuhi23do32l-v4?i i-ji3-luh3jv4h-a i-gv3-yaguyv3?-elvh-a,"2 keep Inf, however-much and, Tr 3 exceed Prog exP, 2 expenses exP, Rep 1 arrive recP, Rep I/you repay Dat recP"
,Cherokee Narratives,ᎯᎠᏃ ᎾᏍᎩ ᏦᎢ ᎢᏯᏂᏛ ᎨᏒ ᏂᎯ ᎭᏓᏅᏖᏒᏍᎬ ᎦᎪ ᎾᎥ ᎢᏧᎾᏓᎳ ᏅᏩᏍᏗ ᎾᏍᎩ ᏗᎾᏓᏅᏌᎲᎫᏍᎩ ᏥᏚᎾᏓᏩᏛᏔᏁᎢ,hi?ahno nasgi jo?i iyanidv gesv nihi hadanhtesgv gago na?v ijunadala nvwasdi nasgi dinadanhsahvsgi jidunadawahtvhtane?i,"""Which of these three do you think was a neighbor to the man who fell into the hands of robbers?""",,The Good Samaritan,,10,,,,"and this, that, three, of them, which, you, your thinking, who, neighbor, apart, it seems, that, robbers, those that found each other by chance",hi?a3-hno nasgi jo?i iya3ni4dv ges-v3 nihi h-adanhte23s-g-v ga3go na?v iju3nada4la nvwa3sdi nasgi di-n-ada-nhsahvs-g-i ji-d-u-n-ada-wahtvh-ta3n-e4?i,"this and, that, three, number, be exP, you, 2 think Prog exP, who, close, apart, it-seems, that, Pl Pl Refl find Prog Ag, Rel Pl 3 Pl Refl find accidental repP"
,Cherokee Narratives,ᎯᎠᏃ ᏄᏪᏎᎢ ᎾᏍᎩ Ꮎ ᎤᏪᏙᎵᏣᎯ,hi?ahno nuwese?i nasgi na uwedolijvhi,"""The one who had mercy on him.""",,The Good Samaritan,,11,,,,"and this, he said, that, the, one who had compassion for him",hi?a3-hno n-u-wes-e3?i nasgi na3 u-wedolij-v4hi,"this and, ni 3 say exP, that, the, 3 pity exP"
,Cherokee Narratives,ᎿᏉᏃ ᏥᏌ ᎯᎠ ᏄᏪᏎᎴᏏ ᎮᎾ ᎠᎴ ᏂᎯ ᎾᏍᎩᏯ ᏫᎾᏛᎦ,hnagwohno jisa hi?a nuwesele?i hena ale nihi nasgiya winadvga,"Jesus told him, ""Go and do likewise.""",,The Good Samaritan,,12,,,,"and then, Jesus, this, he said to him, go, and, you, the same, go and do",hna23-gwo3-hno ji23sa hi?a n-u-wes-e23l-e3?i h-en-a ale nihi nasgi-ya wi-n-nadv32g-a,"then just and, jesus, this, ni 3 say Dat repP, 2 go Imp, and, you, that exactly, Tr Spec do Imp"
,Cherokee Narratives,ᎠᎬᏱᏃ ᎠᎬᏱ ᏕᎦᎵᏍᏗᏍᎪ ᎠᏎᎨ ᏅᎩᎭ ᎢᏳᏪᏅᏍᏗ ᏕᎦᎵᏗᏍᎪ ᏘᎵ ᎩᎳᏃ ᏳᏅᏂᏍ ᏱᎨᎵ,agvyhno agvy degalisdisgo asege nvhgiha iyuwenvsdi degalihdisgo tili kilno yunvs yigeli,First I cook the chestnuts for about four hours until I think they are done.,,How to Make Chestnut Bread,,1,Annie Jessan,,,"and first, first, I cook them, perhaps, about four, hours, I boil them, chestnuts, then, when they are done, when I think",agvy-hno agvy de-g-vnisdis-g-o asege nvhgiha iyuwenvsd de-g-alihdis-g-o tili kilo y-u-n-vs yi-g-eli,"first and, first, Pl 1 cook Prog Hab, perhaps, four of them, hour, Pl 1 boil Prog Hab, chestnut, then, nonF 3 Pl be-done, nonF 1 think"
,Cherokee Narratives,Ꮓ ᎩᎳ ᎠᎹ ᏥᏙᏗᏍᎪ ᏗᎩᏚᏗᏱ,no kil am jitondisgo digitdiyi,Then I heat some water to bake the bread.,,How to Make Chestnut Bread,,2,Annie Jessan,,,"then, until then, water, I heat water, to bake bread",no kil am ji-todis-g-o di-git-diyi,"then, until, water, 1 heat-water Prog Hab, Pl bake Inf"
,Cherokee Narratives,ᏃᏭᏃ ᏣᎵᏟᎭᏭᏴ ᎠᎹ Ꮓ ᏕᎦᏑᏴᏍᎪ ᏘᎵ ᎦᏚ Ꮎ ᏯᏋᎫᏍᏔᎾ ᎢᏣ ᏃᏭ ᎩᎳ,nown jaljihawyv am no degasuyvsgo til gadu na yagwvgutan itsa now kil,"When the water is just beginning to boil, I mix the chestnuts into the batter.",,How to Make Chestnut Bread,,3,Annie Jessan,,,"then, just when it starts to boil, water, then, I mix them in, chestnuts, in bread, that, when I sift, flour, then, until then",nown j-a-lji-hawyv am no de-g-asuyvs-g-o tili gadu na y-agw-vgutan ihcha now kil,"then, when 3 start-to-boil, water, then, Pl 1 mix-in Prog Hab, chestnut, bread, that, nonF 1 sift, flour, then, until"
,Cherokee Narratives,ᏘᎸ ᏐᏓ ᏥᎸᏍᎪ ᏃᏭᎴ ᎧᎵᏎᏥ ᏍᎩᏅ,tilv sod jilvsgo nowle kalseji sginv,I then add soda and sugar.,,How to Make Chestnut Bread,,4,Annie Jessan,,,"chestnut, soda, I put it in, also, sugar, and that",tili sod ji-lvs-g-o nowle kalseji sgi-no,"chestnut, soda, I put-in Prog Hab, also, sugar, that and"
,Cherokee Narratives,ᏃᏭ ᎠᏉᏰᏂ ᎧᎵ ᎢᎦ ᎦᏐᏳᎩᏍᎪ ᏍᎩᎾ ᏐᏊ ᏂᎦᎵᏍᏓ ᎦᏄᎵ ᏌᏊᏃ ᎤᏆᎶ ᏃᏭ ᎦᏄᎶᏙᏗ ᏍᎩ ᎦᏚ ᎦᏄᎵ ᏃᏭ ᏂᎦᎵᏍᏗ,now agwoyeni kali iga gasoyugisgo sgin sogwu nigalsdi ganuli sagwuno ugwalo now ganulodohd sgi gadu ganul now nigalsdi,"After I have mixed in all the ingredients, I take just a handful and wrap it up in a leaf.",,How to Make Chestnut Bread,,5,Annie Jessan,,,"then, my hand, full, quantity, I get a handful, that, one, it happens, wrap, and one, leaf, then, to wrap it with, that, bread, wrapped, then, it becomes",now ag-woyeni kali iga g-asoyugis-g-o sgin sogwu ni-g-alsdi g-anuli sagwu-no ugwalo now g-anulo-dohd sgi gadu g-anul now ni-ga-lsdi,"then, 1Pos hand, full, quantity, 1 get-handful Prog Hab, that, one, Spec 3 happen, 1 wrap, one and, leaf, then, 1 wrap Ins, that, bread, 1 wrap, then, Spec 3 happen"
,Cherokee Narratives,ᏃᏭᏅ Ꮟ ᎯᎸ ᏳᏪᏅᏍᏗ ᏗᎵᏥᏍᏙᏗ ᎩᎳ ᎤᏅᏏᏌᏛ ᏂᎦᎵᏍᏗ,nowhnv si hilv yuwenvsd dilitsdod kil unvsisad nigalsdi,They must be boiled a few more hours until they are well done.,,How to Make Chestnut Bread,,6,Annie Jessan,,,"and then, still, a few, hours, to boil, until, well done, it becomes",now-hnv si hilv y-u-wenvsd di-lits-dod kil u-n-sisad ni-g-alsdi,"then and, still, a-few, nonF 3 hour, Pl boil Ins, until, 3 Pl done, Spec 3 happen"
,Cherokee Narratives,ᏝᎮ ᏱᏃᎭᎵᏓ ᎠᏫ ᏧᏂᏲᏍᏗ ᏥᎡᎲ,hlahe hyinohalida ahwi juniysdi ji?ehv,Did you not go hunting during deer season?,,Hunting Dialogue,,1,Durbin Feeling,Durbin,Durbin,"so you didn’t hunt, deer, season, when it was",hla-he h-y-nohalid-a ahwi juniyosdi ji?-eh-v,"not or, 2 nonF hunt Pres, deer, season, Pst be exP"
,Cherokee Narratives,ᎨᏍᏗ ᏥᏃᎠᎵᏙᎯ ᏱᎩ,gesdi jino?alidohi yigi,I don’t hunt.,,Hunting Dialogue,,2,Durbin Feeling,Cherokee Hunter,Cherokee Hunter,"not, I a hunter, am not",gesd ji-no?alidoh-i y-ig,"not, 1 hunt Ag, nonF be"
,Cherokee Narratives,ᏌᏊᎡᎦ ᎢᏯᎩᏃᎭᎵᏙᎸ,sagwu?ega iyaginohalidolv,"One time, though, I did go hunting.",,Hunting Dialogue,,3,Durbin Feeling,Cherokee Hunter,Cherokee Hunter,"once however, I have gone hunting",sagwu?ega iy-a-ginohalidol-v,"one however, 1 hunt exP"
,Cherokee Narratives,ᏥᎾᏩᏛᎲᏊᏅ ᎥᏍᏊ ᎠᏫ ᎩᎶ ᎤᏲᏢ,jinawatvhvgwuhnv vsgwu ahwi kilo uyohlv,"I just found a deer, too, that someone had shot.",,Hunting Dialogue,,4,Durbin Feeling,Cherokee Hunter,Cherokee Hunter,"I just found it too, deer, someone, who had shot",ji-nawatvhv-gwu-hnv vsgwu ahwi kilo u-yohl-v,"1 find exP just and, too, deer, someone, 3 shot exP"
,Cherokee Narratives,ᎨᏍᏗ ᎠᏋᏍ ᏱᏥᎳ,gesdi agwvs yijila,I didn’t kill it.,,Hunting Dialogue,,5,Durbin Feeling,Cherokee Hunter,Cherokee Hunter,"not, myself, I kill",gesd agw-vs yi-ji-l,"not, 1 self, nonF 1 kill"
,Cherokee Narratives,ᎩᎶ ᏦᎩᎾᎵᎪᏒ ᏦᎢᏕ ᏃᏥᎥ,kilo joginaligosv jo?ide noji?v,"I was with someone, I mean there were three of us.",,Hunting Dialogue,,6,Durbin Feeling,Cherokee Hunter,Cherokee Hunter,"someone, we were together, or three, there were of us",kilo j-ogi-n-ali3gos-v jo?i-de n-oj-i?-v,"someone, Pst he-and-I be-together exP, three or, Spec they-and-I number exP"
,Cherokee Narratives,ᎣᏣᎣᏍ ᎣᎦᏛᎦᏅ ᎩᎶ ᏚᏍᏓᏲᏢ,oja?isv ogatvganv kilo dusdayohlv,"We were walking along, and we heard someone shooting.",,Hunting Dialogue,,7,Durbin Feeling,Cherokee Hunter,Cherokee Hunter,"we were walking along, we heard, some, he shot a gun",oj-a?is-v ok-tvgan-v kilo d-u-sdayohl-v,"they-and-I walk exP, they-and-I hear exP, some, Pl 3 shoot exP"
,Cherokee Narratives,ᎪᎯ ᎢᏴ ᏃᏊ ᏄᏢᏍᏔᏅ ᎢᎬᏱ ᏝᏍᏊ ᏲᏥᎪᎡ ᏭᎶᏒ ᎢᎬᏱ ᎣᏣᎢᏒ,kohi iyv nogwu nutlvstanv igvyi hlasgwu yojigo?e wulosv igvyi oja?isv,"Pretty soon we heard one cross the path in front of us, but we didn’t see it.",,Hunting Dialogue,,8,Durbin Feeling,Cherokee Hunter,Cherokee Hunter,"after a while, then, it ran across, ahead, and not, we did not see it, (where) it went, ahead, where we walked",kohi iyv nogwu n-u-tlvstan-v igvy hla-sgwu y-oji-go?-e n-u-los-v igvy oj-a?is-v,"after a while, then, Lat 3 run exP, ahead, not also, nonF they-and-I see repP, Lat 3 pass-by exP, ahead, they-and-I walk exP"
,Cherokee Narratives,ᏥᎦᎾᏏᏂᏐ ᎢᏳᏍᏗ ᏂᎦᎵᏍᏗᏍᎬ ᎯᎠ ᎢᏗᏜ ᏭᎿᎷᏒ,jiganasiniso iyusdi nigalisdisgv hi?a ididla wuhnalusv,"It sounded like it was dragging something, and it went up a hill.",,Hunting Dialogue,,9,Durbin Feeling,Cherokee Hunter,Cherokee Hunter,"as though dragging it, like, it was, this, toward, it went up a hill",ji-gansinis-o iyusd ni-g-alsdis-g-v hi?a ididla w-u-hnalus-v,"1 drag Hab, like, Spec 3 happen Prog exP, this, toward, Tr 3 ascend exP"
,Cherokee Narratives,ᎤᎿᏅ ᏬᎩᎷᏣ ᏚᎾᏗᏩᏒ ᎩᎦ ᎤᏩᏍᏉᏨᏍᏔᏅ,uhnahnv wogiluhja dunadiwasv giga uwasgwojvstanv,"When we got to the place where it had crossed our path, we saw some blood where it had bled as it walked.",,Hunting Dialogue,,10,Durbin Feeling,Cherokee Hunter,Cherokee Hunter,"and there, when we got there, where it had crossed, blood, where it dripped along",uhna-hnv w-ogi-luhj-a d-u-n-adiws-v gig uw-asgwojvs-tan-v,"there and, Tr they-and-I arrive Pres, Pl 3 Pl cross exP, blood, 3 drip-along accidentally exP"
,Cherokee Narratives,ᎣᏦᎷᏅᏒ ᎦᏚᏏᏱ ᏧᎦᎾᎥ,ojoluhnvsv gadusiyv jugana?v,"We trailed it, and we found it at the top of the hill.",,Hunting Dialogue,,11,Durbin Feeling,Cherokee Hunter,Cherokee Hunter,"we trailed it, at the top of hill, it lay",oj-oluhnvs-v gadusi-yv j-u-gana?-v,"they-and-I see exP, hill on-top, Pst 3 lie exP"
,Cherokee Narratives,ᎩᎶ ᎤᏲᏢ,kilo uyohlv,Someone had shot it.,,Hunting Dialogue,,12,Durbin Feeling,Cherokee Hunter,Cherokee Hunter,"someone, had shot",kilo u-yohl-v,"someone, 3 shoot exP"
,Cherokee Narratives,ᎡᏥᏁᏎ,ejinese,Did you take it?,,Hunting Dialogue,,13,Durbin Feeling,Durbin,Durbin,you took it?,eji-nes-e?,you Pl Ex take repP
,Cherokee Narratives,Ꭵ,v,Yes.,,Hunting Dialogue,,14,Durbin Feeling,Cherokee Hunter,Cherokee Hunter,yes,v,yes
,Cherokee Narratives,ᎠᏴᏛᏍᏊ ᏌᏊ ᏳᏩᎪᏗ ᏍᏊ ᏍᎩ ᏥᏄᎵᏍᏔᏅ,ayvdvsgwu sagwu yuwagodi sgwu sgi jinulistanv,That happened to me once.,,Hunting Dialogue,,15,Durbin Feeling,Cherokee Hunter,Cherokee Hunter,"I also, one, time, also, that, it happened",ay-dv-sgwu sagwu yuwagd sgwu sgi ji-n-u-listan-v,"I Emp also, one, time, also, that, Pst Spec 3 happen exP"
,Cherokee Narratives,ᎩᎦ ᏍᏊ ᏚᏩᏍᏬᏨᏍᏔᏅ ᏥᎨᏒ,giga sgwu duwaswojvstanv jigesv,I saw a trail of blood.,,Hunting Dialogue,,16,Durbin Feeling,Cherokee Hunter,Cherokee Hunter,"blood, also, it had dripped along, it was",gig sgwu d-u-waswojvstan-v ji-ges-v,"blood, also, Pl 3 drip-along exP, Pst be exP"
,Cherokee Narratives,ᎡᎵᎠᏯ ᎢᏅᎯ ᎣᏍᏙᎷᏅᏒ Ꭸ ᏥᎦᏅ ᏦᏍᏗᏁᏒ,eli?aya invhi osdolunvsv ge jiga?nv josdinesv,"We trailed it a long way, and we found it lying way out there. We took it.",,Hunting Dialogue,,17,Durbin Feeling,Cherokee Hunter,Cherokee Hunter,"quite, far, we trailed it, there, it lay, we took it",eli?aya invhi osd-olunvs-v ge ji-g-a?n-v j-osd-ines-v,"quite, far, he-and-I trail exP, there, Pst 3 lie exP, Pst he-and-I take exP"
,Cherokee Narratives,ᎤᎿᏅ ᎣᏍᏕᏙᎲ ᎾᎥ ᎯᏗᏜ ᎨᏓᎵ ᎤᎿ ᏓᏥᏍᏓᏲᏢ ᎠᏴ Ꮭ ᏱᏗᏥᏍᏓᏲᏞ ᎩᎦ ᎣᏍᏙᎷᏅᏒ ᎨᏴ ᏬᏍᏗᎾᏩᏛᎲ,uhnahnv osdedohv na?v hididla kedali uhna dajisdayohlv ayv hla yidijisdayohle giga osdolunvsv geyv wosdinawatvhv,"When we heard someone shoot it and found the trail of blood, we trailed it until we found it.",,Hunting Dialogue,,18,Durbin Feeling,Cherokee Hunter,Cherokee Hunter,"and there, where we were, near, this toward, bottom of hill, there, it was shot at, I, not, didn’t shoot at it, blood, we trailed it, way over more, we found it",uhna-hnv osd-edoh-v na?v hi-didl kedali uhna d-aji-sdayohl-v ayv hla yi-d-iji-sdayohl-e gig osd-olunvs-v geyv w-osd-inawatvh-v,"there and, he-and-I be exP, near, this toward, bottom-of-hill, there, Pl 3Pas shoot exP, I, no, nonF 2Pl you shoot repP, blood, he-and-I trail exP, way-over-more, Tr he-and-I find"
,Cherokee Narratives,ᎯᎠᏅᏍᏊ Ꮠ ᏥᏛᏟᎢᎵᏒ Ꮎ ᎡᏥ ᏦᎢᏁ ᏗᎾᏓᎸ ᎤᏪᏥ ᎠᏧᏣ ᎯᎠᏴ Ꮲ ᏂᎠᏔ ᎣᎢᏂᏃᎭᎸᏒ ᏙᏓᏫᏕᎾ,hi?anvsgwu so? jidvhli?ilisv na eji jo?ine dinadalv uwej achuja hi?yv dlv ni?ata o?ininohalvsv dodawidena,"And just last week, my mother’s sister’s boy—he’s about this tall—he and I went hunting on a Saturday.",,Hunting Dialogue,,19,Durbin Feeling,Cherokee Hunter,Cherokee Hunter,"this also, last week, that, my mother, third, her sister, her offspring, boy, this much, about, his height, we went hunting, Saturday",hi?a-n-sgwu so? jidvhli?ilisv na e-ji jo?i-ne d-inadalv u-wej a-chuj hi?yv dlv ni?at o?ini-nohalvs-v dodawiden,"this and also, the other week, that, 1Pos mother, 3 Ord, Pl 3 sister, 3 offspring, 3 boy, this-quantity, about, this-height, they-and-I hunt exP, saturday"
,Cherokee Narratives,ᏥᎡᎲ ᎾᏅ ᏓᏁᎸ ᎨᏓᎵ ᏅᏲ ᎧᏃᎾ ᏗᎠᎧᎲ ᎣᏣᏗᏍᎪ,ji?ehv nanv danelv kedali nvyo kanon di?akahv ojadisgo,Close to where I live there’s a place we call “Where Kanun Sits.”,,Hunting Dialogue,,20,Durbin Feeling,Cherokee Hunter,Cherokee Hunter,"when it was, and that, at home, bottom of hill, rocky, canyon, where it sits, we say",ji-?eh-v na-nh da-nelv kedali nvy-o kanon di-?ak-ah-v o?-atd,"Rel be exP, that and, at-home, bottom-of-hill, rock Loc, canyon, Dst 3 sit exP, he-and-I say"
,Cherokee Narratives,ᎤᎿᎾ ᎤᎿ ᎣᎢᏂᎦᏐᏏᏗᎲ ᏚᎴᏅ ᎠᏫ,uhnana uhna o?inigasosidihv dulehnv ahwi,"We were walking down the hill there, and a deer jumped up in front of us.",,Hunting Dialogue,,21,Durbin Feeling,Cherokee Hunter,Cherokee Hunter,"there, there, we were going down the hill, it got up, deer",uhna-na o?ini-ksosidih-v d-u-lehn-v ahw,"there and, he-and-I descend exP, Pl 3 arise exP, deer"
,Cherokee Narratives,ᏥᏲᎮᎸ,jiyohelv,“Deer!” I yelled.,,Hunting Dialogue,,22,Durbin Feeling,Cherokee Hunter,Cherokee Hunter,I told him,jiy-ohel-v,1 tell Dat exP
,Cherokee Narratives,ᏙᏍᏗᏍᏓᏲᏏᎶᎥ ᏫᏙᎢᏂᎩᏴ,dosdisdayosilo?v wido?inikiyv,"We shot at it, but it got away from us.",,Hunting Dialogue,,23,Durbin Feeling,Cherokee Hunter,Cherokee Hunter,"we shot at it repeatedly, it got away from us",d-osd-isdayos-ilo-?v wi-d-o?-in-ikiy-v,"Pl he-and-I shoot repeatedly exP, Tr Pl Ex 1 Pl he-and-I start-out exP"
,Cherokee Narratives,ᎣᎢᎾᏂᎢᏒ ᏁᎳᎩᏅ Ꮠ ᏂᎠᏅᎿ ᎤᎿ ᎦᏚᏍ ᏗᏜ,o?inahni?isv nelaginv so ni?anvhna uhna gadus didla,"We started out again, and there’s another trail on top of the hill.",,Hunting Dialogue,,24,Durbin Feeling,Cherokee Hunter,Cherokee Hunter,"we started out, other, another, a road is there, there, top of hill, toward",o?in-ahni?is-v so nelagin ni?anvhn uhna gadus didl,"he-and-I start-out exP, other, leave-alone, Lat road-is-there, there, hill-top-of, toward"
,Cherokee Narratives,ᎤᎿ ᏬᎢᎾᏂᎢᏒ ᏅᏃ ᎠᏗᏢ ᏙᎢᏂᎾᏗᏫᏒ ᎠᏫ ᏙᏍᏙᎷᏂᏒ,uhna wo?inahni?isv nvno adidlv do?ininadiwisv ahwi dosdoluhnisv,We took that trail and crossed to the other hill trailing deer.,,Hunting Dialogue,,25,Durbin Feeling,Cherokee Hunter,Cherokee Hunter,"there, we started out, road, there toward, we crossed, deer, we were on the trail of",uhna w-o?i-nahni?is-v nvno adidlv d-o?in-indihs-v ahw d-osd-oluhnis-v,"there, Tr he-and-I start-out exP, road, there toward, Pl he-and-I cross exP, deer, Pl he-and-I trail exP"
,Cherokee Narratives,ᏥᏈᏍᏙᎲ ᏃᏭᎴ ᏥᏙᏍᏖᏍᏔᏅ ᎤᎿᎾ,tsigwisdohv nowule jidostestanv uhnana,And we scared off a bunch more there.,,Hunting Dialogue,,26,Durbin Feeling,Cherokee Hunter,Cherokee Hunter,"a lot of them, also, we spooked them, there",tsigwisdohv nowule ji-d-ost-estan-v uhna-n,"many really, also, Pst Pl he-and-I startle exP, there and"
,Cherokee Narratives,ᏃᏭ ᎬᏩᎦᏘ ᏕᎣᎢᏂᎩᏴ,nowu gvwagati de?o?inikiyv,"We lost them, too.",,Hunting Dialogue,,27,Durbin Feeling,Cherokee Hunter,Cherokee Hunter,"then, forever, we lost them",now23 gvwakt de-?o?in-ikiy-v,"then, forever, Pl he-and-I lose-trail exP"
,Cherokee Narratives,ᏧᎨᏓᎵᏴ ᏗᏜ ᏛᎣᎢᏂᎶᎲ Ꮲ ᏌᎶᎵ ᏲᏍᏗᎪᎡ,jukedaliyv didla dv?o?inilohv dlv saloli yosdigo?e,"We came back through a ravine, and we did not even see a squirrel.",,Hunting Dialogue,,28,Durbin Feeling,Cherokee Hunter,Cherokee Hunter,"bottom of hill, toward, we came back through, somewhere, squirrel, we didn’t see it",ju-kedaliyv didl d-v?-o?in-iloh-v dlv salol y-osd-igo?-e,"bottom-of- hill, toward, Pl Rep he-and-I return exP, somewhere, squirrel, nonF he-and-I see repP"
,Cherokee Narratives,ᎢᎸᎯᏳᏃ ᏥᎨᏒ ᏑᎵᏃ ᏗᏓᏅᏫᏍᎩ ᎡᎮ ᏑᎵ ᎦᏃᎯᎵᏙᎯ ᏥᎩ,ilvhiyuhno jigesv sulihno didahnvwisgi ehe sul ganohilidohi jigi,"Way back a long time ago, there was a Doctor Buzzard.",,Rabbit and Buzzard,,1,Charley Campbell,,,"and way back, when it was, buzzard and, one that cures, he lived, buzzard, one that flies around, which is",ilvhiyu-hno ji-ges-v suli-hno di-d-a-hnvwis-g-i eh-e sul ga-nohili-doh-i j-igi,"long-ago and, Rel be exP, buzzard and, Pl Pl 3 cure Prog Ag, live repP, buzzard, 3 fly place-to-place Ag, Rel be"
,Cherokee Narratives,ᏥᏍᏚᏃ ᏣᏁ ᎤᏂᏠᏱ ᎤᏢᏤ ᏃᏭᏃ ᎤᏂᏯᎴ ᎤᏅᏫᏍᎩ,jisduhno jane unihloy udlvje nowuhno unihyale uhnvwisgi,"One day a rabbit became ill, and the other rabbits searched for a doctor to cure his illness.",,Rabbit and Buzzard,,2,Charley Campbell,,,"rabbit and, who live, their kind, became sick, and so, they searched for, one to cure him",jisdu-hno j-a-ne u-ni-hloy u-dlvj-e nowu-hno u-ni-hyal-e u-hnvwis-g-i,"rabbit and, Rel 3 live, 3 Pl same-kind, 3 sick repP, so and, 3 Pl search repP, 3 treat Prog Ag"
,Cherokee Narratives,ᎤᏂᏩᏛᎭᏃ ᏑᎵ ᎤᏂᏩᏛᎮ,unihwatvhahno suli unihwatvhe,The rabbits found this Doctor Buzzard.,,Rabbit and Buzzard,,3,Charley Campbell,,,"and when they found him, buzzard, they found him",u-ni-hwatvh-a-hno suli u-ni-hwatvh-e,"3 pl find Pres and, buzzard, 3 pl find repP"
,Cherokee Narratives,ᏥᏏᎾᏍᏓᏛ ᏗᏩᏓᏅᏬᏗ ᎥᏍᎩ ᎢᏳᏍᏗ ᎤᏛᏁᏃ ᏑᎵ,jisinasdadv diwadahnvwodi vsgi iyusdi udvhnehno sul,"""I'm good at doctoring that type of illness,"" the buzzard said.",,Rabbit and Buzzard,,4,Charley Campbell,,,"I am very knowledgeable, at curing, that, kind, so he said, buzzard",ji-sinasd-a-dv diw-a-d-anvwo-di vsgi iyu23sdi u-dvhn-e-hno sul,"1 skilled Pres Emp, Pl 3 Pl treat Inf, that, kind, 3 say repP and, buzzard"
,Cherokee Narratives,ᏙᏅ ᎯᏅᏮᎦᏗᎲ ᏥᏍᏚ ᎠᎪᏎᎴ,dohnv hinvwvgadihv jisdu agosel,"""Then doctor the rabbit,"" he was told.",,Rabbit and Buzzard,,5,Charley Campbell,,,"and sure enough, so cure him, rabbit, he was told",dohnv hi-nvwvgadih-v jisdu ag-osel-e,"indeed, 2 treat Fut-Imp, rabbit, he/me say repP"
,Cherokee Narratives,ᎤᏪᎾ ᏭᎷᏤ ᏃᏭᏅ ᎠᎭᏂᏛ ᏱᏬᎩᏂᏴᏝ ᎦᎶᎯᏍᏗ ᎧᏅᏑᎸ ᏱᏬᎩᏂᏴᏝ ᎢᏥᏍᏚᏅᏃ ᏃᏭᏃ,uwena wuluhje nowuhnv ahandv yiwoginiyvhla galohisdi kanvsulv yiwoginiyuhla ijisduhnvhno nowuhno,"Doctor Buzzard started out, and when he arrived, he told the others to allow him some privacy in the room where the rabbit was.",,Rabbit and Buzzard,,6,Charley Campbell,,,"when he went, he arrived there, and so now, here, if we go in, door, room, if we go in, and close it, and then",u-wen-a w-u-luhj-e nowu-hno ahan-dv yi-w-ogi-niyvhl-a galosdi kanvsulv yi-w-o-gi-niyvhl-a iji-sduhn-v-hno nowu-hno,"3 go imP, Tr 3 arrive repP, so and, here Emp, nonF Tr they-and-I enter Pres, door, room, nonF Tr they-and-I enter Pres, you/all exP and then and"
,Cherokee Narratives,ᎡᎵᏭ ᎦᏛᏅ ᎢᏥᏍᏚᎢᏒ,eliw gadvnv ijisdu?isv,"""When I have finished, then you can let me out, and I'll be on my way,"" said Doctor Buzzard.",,Rabbit and Buzzard,,7,Charley Campbell,,,"okay, when I say, you open it",eliwu g-advn-v i-ji-sdu?is-v,"okay, 1 say exP, you-all open Fut-Imp"
,Cherokee Narratives,ᎨᏅ Ᏼ ᏫᏥᏃᎢᎵᏎᏍᏗ ᎩᎳ ᏫᏥᏴᏢ ᎤᏛᏁᏃ ᏑᎵ,genh yv wijino?ilisesd kil wijiyvhlv udvhnehno suli,"""But you must not go into the room until I have flown out of sight,"" he told the others.",,Rabbit and Buzzard,,8,Charley Campbell,,,"and over there, distance, when I have flown, then, you go in, he said, buzzard",genh yu wi-ji-no?ilis-esd kil w-iji-yvhl-v u-dvhn-e-hno suli,"there, distance, TR 1 fly-in Fut-Prog, then, Tr you-all go-in Fut-Imp, 3 say repP and, buzzard"
,Cherokee Narratives,ᏙᏅ ᎪᎯᏴ ᏃᏭ Ꭷ ᏧᏩᏂᎴ ᏃᏭᏃ ᏭᏂᏍᏚᎢᏌ ᏧᏄᎪᏣ ᎤᏝᏫᏛᎮ ᎨᏅ Ᏼ ᏫᎦᏃᎯᎵᏒ,dohnv kohiyv now ka juwahnile nowuhno wunisdu?isa junugoja uhlawidvhe genh yv wiganohilisv,"Sure enough, when Doctor Buzzard came out and flew away, the others just stood there until he was out of sight.",,Rabbit and Buzzard,,9,Charley Campbell,,,"sure enough, after a while, then, now, he knocked, and when, when they opened, he came out, he flew, there, distance, as he was flying away",dohnv kohiyv now ka j-u-wahnil-e nowu-hno w-u-ni-sdu?is-a j-u-n-ugoj-a u-hliwidvh-e genh yu wi-ga-nohilis-v,"in-fact, after-a-while, then, okay, Rel 3 knock repP, when and, Tr 3 pl open Pres, Rel 3 Pl exit Pres, 3 fly repP, there, distance, Tr 3 fly exP"
,Cherokee Narratives,ᏭᏂᏴᏞ ᎪᎳᏭᏃ ᎢᎦ ᏕᏥᏰ ᎠᏥᎴ ᏥᏍᏚ ᏩᏥᏯᎡᏅ ᏍᎩᏯ ᎠᏌᎹᏗ ᏑᎵ,wuniyvhle kolawuhno iga dejiye ajile jisd wajiya?ehnv sgiya asamadi suli,"When they entered the room where the rabbit was, all they found were bones, because Doctor Buzzard had eaten the rabbit.",,Rabbit and Buzzard,,10,Charley Campbell,,,"they went in, and just bones, that is all, they were lying there, he was killed, rabbit, and he was eaten up, that is how much, he is smart, buzzard",w-u-ni-yvhl-e kola-wu-hno iga de-ji-y-e a-ji-l-e jisd w-a-ji-ya?-e-hnv sgi-ya a-samadi suli,"Tr 3 pl go-in repP, bone just and, all-be, Pl lie-there repP, 3Pas kill repP, rabbit, Tr 3Pas eat-up repP and, that degree, 3 smart, buzzard"
,Cherokee Narratives,ᎫᏩᏲᎢ ᎠᏅᏱ 18 1900 ᎦᏑᏲᎩ ᏁᏩᏓ ᎩᎾᎵᎢ ᎧᎦᎵ 27 ᏦᏪᎳᏅᎯ ᎪᏪᎵ ᎠᎩᏝᎥ ᎢᎩ,kuwayo?i anvhyi 18 1900 gasuyogi newada ginali?i kagali 27 johwelanvhi gowehli akhla?v igi,"Pryor Creek, March 18, 1900, Gasuyogi Gritts, my friend, I have in my possession your letter of February 27.",,Legal Document,,1,John Littlebones,,,"Pryor Creek, March 18 1900, Gasuyogi Gritts, you my friend, February 27, what you have written, letter, I have on a table, it is",john littlebones kuway-o?i anvhyi 18 1900 gasuyogi newadv gin-ali?i kagali 27 j-ohwelan-vhi gohweli ak-hla?-v i-gi,"john littlebones, pryor-creek Loc, march 18 1900, gasuyogi newadv, he-and-I friend, february 27, 2 write exP, letter, I have-on table exP, be"
,Cherokee Narratives,ᎯᎠᏊᏃ ᏅᏓᏥᏪᏏ ᎬᏯᏬᎢᎵᏴᎡᎲ ᎾᏍᎩ ᏄᏍᏛ ᏩᎩᎦᏛᏅᎢ,hi?agwuhno nvdajiwesi gvyawo?iliyvehv nasgi nusdv wagikdvhnv?i,I am going to tell you what I think in regard to what you have asked.,,Legal Document,,2,John Littlebones,,,"this is and just, this I will say, my response to you, that way it is, I went and checked it out",hi?a-gwu-hno nv-da-ji-wes-i gvy-awo?iliyv-eh-v nasgi nusdv w-agi-kdvhnv-v?i,"this just and, Spec Fut 1 say Fut, I/you reply exP, that way, that it is, Tr 1 check-out exP"
,Cherokee Narratives,James Shavehead Ꭸ ᏚᏙᎡ,james shavehead ke dudo?e,Do you suppose that his name was James Shavehead?,,Legal Document,,3,John Littlebones,,,"James Shavehead, was it, his name was",james shavehead ke d-u-do?-e,"james shavehead, maybe, Pl 3 be-named repP"
,Cherokee Narratives,ᎠᏯᏫᏍᎩ ᎨᏎ ᎫᏌᏂ ᏓᎿᏬᎯ ᏥᎨᏒ,ayawsgi gese kusani dahnawohi jigesv,Kvsani was reportedly a soldier during the war.,,Legal Document,,4,John Littlebones,,,"soldier, he was, Kusani, war, when it was",a-yaws-g-i ges-e kusani dahnawohi ji-ges-v,"3 soldier Prog Ag, be repP, kusani, at war, Pst be exP"
,Cherokee Narratives,ᎤᏲᎱᏎᎨ ᎠᎴ ᏧᏪᏥᏛᎯ ᎤᎾᏓᏂᏰᎢ ᎾᏍᎩᏃ ᏣᏂ mills ᏧᏙᎢᏛ ᏚᎦᏘᏕᎢ ᎾᏍᎩᏃ ᏓᎦᏘᏴ ᎤᏓᎯᎵᏙᎴ ᎾᏍᎩ james shavehead ᏧᏙᎢᏛ ᎤᏩᏒ ᎠᎴ ᎦᏚ ᏗᏠᏗ ᎠᎴ ᎠᏓᏎᎪᎩᏛ ᏂᎤᎵᏍᏔᏁᎢ ᎠᏕᎸ ᏗᏎᎯᏍᏙᏗ ᎤᏙ ᎤᏁ ᎠᎦᎫᏴᏓᏁᏗ john mills ᏗᏂᏲᏟ ᏗᎦᏘᏯ ᏄᏛᏅᎢ,uyoseke ale juwejidvhi unadaniye?i nasgihno jani mills judo?idv duktide?i nasghino daktiyv udahilidole nasgi james shavehead judo?idv uwasv ale gadu dihlohdi ale adasehgogidv ni?ulstane?i adelv disehisdohdi udo uhne agaguyvdanedi john mills diniyohli diktiya nudvhnv?i,"Or did he die and leave his children as orphans, a man named John Mills took custody of them, and while in his custody this man named James Shavehead, an ex-soldier, took court action and won a judgment and an initial payment, and a check was made out to John Mills, a juvenile officer.",,Legal Document,,5,John Littlebones,,,"or did he die, and his (surviving) children, they were orphaned, and that, John Mills, named, took care of them, and so, taking care of them, he filed a custody suit, that, James Shavehead, by the name of, himself, and, on top of, to lie down, and, won case, it happened, money, to draw with, his sister, he gave his fee, John Mills, children, custodian, his situation",u-yos-e-ke ale j-u-wejidvh-i u-n-adaniy-e?i nasgi-hno jani mils j-u-do?id-v d-u-ktid-e?i nasgi-hno d-aktiy-v u-dahilidol-e nasgi james shavehead j-u-do?id-v u-wasv ale john littlebones di-hloh-di ale a-dasehgogid-v ni?-u-lstan-e?i adelv d-isehisd-oh-di u-do u-hn-e a-gaguyvdanedi john mills diniyohli diktiya n-u-d-vhn-v?i,"3 die repP or, and, Pl 3 child Ag, 3 Pl be-orphaned repP, that and, john mills, Pl 3 be-named exP, Pl 3 take-care repP, that and, Pl take-care exP, 3 file-custody-suit repP, that, james shavehead, Pl 3 be-named exP, 3 self, and, john littlebones, Pl lie-down Inf, and, 3 when-case exP, Spec 3 happen recP, money, Pl draw Inst Inf, 3 sister, 3 give repP, 3 fee, john mills, children, custodian, Spec 3 situation exP"
,Cherokee Narratives,ᎠᏎᏃ ᎾᏊ ᏄᏍᏆᎸᏛ ᎠᎫᏴᏗ ᏥᏚᏪᎾᏒ ᏂᎦᏛ ᎾᏍᎩ ᎢᎬᏩᏍᏗᏓᏂ ᎨᏒ ᏫᏚᏨᏎᏊ ᎾᏍᎩ ᏧᏚᎦᏔᏅᎯ,asehno nagwu nusgwalvdv akuyvdi jiduwenasv nigadv nasgi igvwasdidani gesv widujvsegwu nasgi juduktanvhi,"However, before payment was made, the money was frozen, and the judgment was overturned.",,Legal Document,,6,John Littlebones,,,"however, now, before time, to pay, froze, all, that, remaining situation, which was, they were returned, that, judgment",ase-hno nagwu n-u-sgwalv-d-v a-kuy-di-hi ji-d-u-wenas-v nigadv nasgi igvwasdidani ges-v wi-d-u-jvs-e-gwu nasgi j-u-duktan-vhi,"however, now, Spec 3 before-time exP, 3 pay Inf, Pst Pl 3 return exP, all, that, remaining-situation, be-exP, Tr Pl 3 be-return repP just, that, Pst 3 judge exP"
,Cherokee Narratives,ᎪᎯᏃ ᏥᎩ ᎾᏊ ᎾᏍᎩ john mills ᏛᎾᏣᏂ ᏥᏲᏎ ᎤᏣᏘ ᎣᏍᏛ ᎤᏓᏚᎬ ᏂᎦᎵᏍᏗᎭ ᎤᏲᎱᏒᎯᏃ ᏥᏂᎦᎵᏍᏗᎭ ᎾᏊ ᏭᏓᎪᎾᏛᏛ ᎾᎥ ᎪᎱᏍᏗ ᎤᏩᏅ ᎡᎲ ᎤᏘᏯᏍᏓᏁᎲ ᏂᎦᎵᏍᏗᎭ,kohihno jigi nagwu nasgi john mills dvnajani chiyose ujati osdv udatugv nigalsdiha uyohusvhihno jinigalsdiha nagwu wudagonatdv na?v gohusdi uwahnv ehv utiyasdanehv nigalsdiha,"And now it turns out that this man, John Mills, whom you call Dvnajani, has a substantial sum of money owed to him, and since the records show that he is deceased, it is left up to a close relative to take action.",,Legal Document,,7,John Littlebones,,,"and now, which is, now, that, John Mills, name, what you call him, much, good, he was owed, as it happens, and dead, since he happens to be, then, very, near, something, to him, he lives, his inheritance, it happens",kohi-hno j-i-gi nagwu nasgi john mills dvnajani chi-yos-e ujati osdv u-datug-v ni-g-alsdih-a u-yohus-vhi-hno ji-ni-g-alsdih-a nagwu w-u-dagonatd-v na?v gohusdi u-wahn-v eh-v u-tiyasdaneh-v ni-g-alsdih-a,"now and, Rel be, now, that, john mills, dvnajani, you/him call repP, much, good, 3 owe exP, Spec 3 happen Pres, 3 die exP and, since Spec 3 happen Pres, then, Tr 3 extremely exP, near, something, 3 related exP, live exP, 3 inherit exP, Spec 3 happen Pres"
,Cherokee Narratives,ᎤᏁᏍᏓᎳ ᎤᏩᏒ ᎠᏎ ᏧᎸᏫᏍᏓᏁᏗ ᎡᎲᏃ ᏥᏂᎦᎵᏍᏗᎭ ᎾᏊ,unesdala uwasv ase julvhwisdanedi ehvhno jinigalsdiha nagwu,"Since Ice is still living, he should be the one to take action.",,Legal Document,,8,John Littlebones,,,"Ice, himself, must, for him to work, his life, as it happens to be, then",unesdala u-wasv ase j-u-lvhwisdaneh-di eh-v-hno ji-ni-g-alsdih-a nagwu,"ice, 3 self, must, Pl 3 work Inf, live exP and, Rel Spec 3 happen Pres, then"
,Cherokee Narratives,ᎯᎠ ᏫᏂᏥᏪᏎᎭ ᏓᎩᎾᎥ ᎪᏪᎵ ᎧᏃᎮᏍᎩ ᏛᎾᏣᏂ,hi?a winijiweseha dagina?v gohweli kanohesgi dvnajani,So I would advise him that I do have the necessary papers [regarding Dvnajani].,,Legal Document,,9,John Littlebones,,,"this, I am saying to him, in my possession, papers, it tells, Dvnajani",hi?a wi-ni-ji-weseh-a d-agi-na?-v gohweli ka-nohes-g-i dvnajani,"this, Tr Spec 1 say Dat Pres, Pl 1Pos exP, paper, 3 tell Prog Ag, dvnajani"
,Cherokee Narratives,ᏦᏥᎳᏫᏥᏙ ᏥᎨᎲ ... ᏌᎷᏱᏊ ᏧᏂᎳᏫᏍᏗ ...,back when I was at home jojilawijido jigehv we traveled at least a good 3–5 miles saluyigw junilawsdi Sunday mornings,"Back when I was at home, when we used to attend church, we traveled at least a good three to five miles through the woods to church on Sunday mornings.",,Reminiscence,,1,Mose Killer,,,"back when I was at home, we churchgoers when it was, we traveled at least, a good 3–5 miles, through the woods, to church, Sunday mornings",back when I was at home j-oji-lawijido ji-geh-v we traveled at least a good 3–5 miles saluyi-gw j-u-ni-laws-di Sunday mornings,"back when I was at home, Pl they-and-I attend-church, Rel be exP, we traveled at least, a good 3–5 miles, woods just, Pl 3 Pl attend-church Inf, Sunday mornings"
,Cherokee Narratives,ᎪᎯᏃ ᏥᎩ cars ᏥᏕᎩᎭ ... Ꮟ ᎠᏂᎾᎵᏲᎦ ᏧᏂᎳᏫᏍᏗ ᎤᏁᏓᏍᏗ,kohin jig cars jidegih you know people si anina?liyoga junilawsdi unedasdi,"Now that we have cars, you know, people are still too lazy to attend church.",,Reminiscence,,2,Mose Killer,,,"now which it is, cars, we have cars, you know people, still yet, they are lazy, to church, to attend",kohi-n j-ig cars j-id-egih you know people si a-ni-na?liyo j-u-n-laws-di u-n-edas-di,"now and, Rel be, cars, Pl you Pl-and-I have, you know people, still-yet, 3 Pl lazy, Pl 3 Pl attend-church Inf, 3 Pl attend"
,Cherokee Narratives,... ᎡᎳᏗᏊ,and back we’d go visit our aunts we’d go visit our uncles and they lived 2–3 miles away eldigw,"And back then we’d go visit our aunts, we’d go visit our uncles, and they lived probably two to three miles away.",,Reminiscence,,3,Mose Killer,,,"and back we’d go visit, our aunts we’d go visit our, uncles and they lived 2–3 miles, away, on foot",and back we’d go visit our aunts we’d go visit our uncles and they lived 2–3 miles away eldi-gw,"and back we’d go visit, our aunts we’d go visit our, uncles and they lived 2–3 miles, away, on-foot just"
,Cherokee Narratives,ᎪᎯᏃ ᏥᎩ cars ᏕᎩᎭ ...,kohin jig cars degih we don’t even think about going over there and it takes 3–5 minutes to get there and back,"Now we have cars, and we don’t even think about going over there, and it takes about three to five minutes to get there and back.",,Reminiscence,,4,Mose Killer,,,"now which it is, cars, we have, we don’t even think about going, over there and it takes 3–5, minutes to get there and back",kohi-n j-ig cars d-egih we don’t even think about going over there and it takes 3–5 minutes to get there and back,"now and, Rel be, cars, you Pl-and-I have, we don’t even think about going, over there and it takes 3–5, minutes to get there and back"
,Cherokee Narratives,...,then it took you one to two hours to walk that so,"Then, it took you one to two hours to walk that.",,Reminiscence,,5,Mose Killer,,,"then it took you one to, two hours to walk that so",then it took you one to two hours to walk that so,"then it took you one to, two hours to walk that so"
,Cherokee Narratives,... ᏂᎯᎾ ᏱᎬᏯᏛᏛᎿ ...,what nihina yigvyatvdvnh what has happened with our Cherokee people,"So, what about you, I’m asking you, what has happened with our Cherokee people?",,Reminiscence,,6,Mose Killer,,,"what, what about if I asked you, what has happened, with our Cherokee people",what nihi-na yi-gvy-atvdvnh what has happened with our Cherokee people,"what, you what-about, nonF I/you-all ask, what has happened, with our Cherokee people"
,Cherokee Narratives,ᏍᎩᏃ ᎠᏂᏲᏁᎦ ᏄᎾᏍᏛ ...,sgihno aniyoneg nunsdv the influence a lot of it,A lot of it has to do with the white man’s influence.,,Reminiscence,,7,Mose Killer,,,"because of, white people, how they are, the influence a, lot of it",sgi-hno a-ni-yoneg nunsdv the influence a lot of it,"because-of and, 3 Pl white, as-they-be, the influence a, lot of it"
,Cherokee Narratives,ᎦᏣᏄᎵ ᎠᏂᎩᏍᏗ ᎨᏒ ᏃᏊᎴ ᏩᏥ ᏂᎪᎯᎸ ᎾᏅ ᏂᏕᎩᏅᎿ ᏩᏥ ...,ganjanul anigisdi gesv nogwule waji nigohilv nanv nideginvnh waj you know this is what runs our lives anymore,The everyday fast pace—and these watches—you know this is what runs our lives anymore.,,Reminiscence,,8,Mose Killer,,,"fast, to walk, which is, also, watch, all of the time, look at how, we have them on, watch, you know this is what runs, our lives anymore",ga-n-janul a-ni-gis-di ges-v nogwu-le waji nigohilv na-nhv nide-ginvnh waj you know this is what runs our lives anymore,"3 Pl fast, 3 Pl pace Inf, be exP, also, watch, always, look Spec Pl, how we-and-they have-on and, watch, you know this is what runs, our lives anymore"
,Cherokee Narratives,ᎩᎳᏊᏅ ᎢᏳᏍᏗ ... ᏓᎬᏲᏎᎵ ᏂᎴᏱᎩ ᏍᎩ ᏂᏓᏍᎩᏪᏎᎵ,kilagwun iyusd I’ve got to go dagvyosel nileyig sgi nidasgiwesel,"In a little while I am going to tell you I’ve got to go, or you are going to tell me that.",,Reminiscence,,9,Mose Killer,,,"in just a while, a little, I’ve, got to go, I will tell you, or you, that, you will tell me",kilagwu-n iyusd I’ve got to go da-gvy-osel ni-le-yig sgi ni-da-sgi-wes-el,"right-away and, a-little, I’ve, got to go, Fut I/you tell, you-or, that, Spec Fut you-me tell Dat"
,Cherokee Narratives,...,I have got to go and start something else,I’ve got to go and start on something else.,,Reminiscence,,10,Mose Killer,,,"I have got to go and, start something else",I have got to go and start something else,"I have got to go and, start something else"
,Cherokee Narratives,... ᎠᏟᎢᎶᏢ ᏃᏊ ...,five o’clock ahli?ilohlv nogw it is time to go,"When five o’clock comes, it’s time to go.",,Reminiscence,,11,Mose Killer,,,"five o’clock, when it is time, it is time, to go",five o’clock a-hli?ilohl-v nogwu it is time to go,"five o’clock, 3 time-come exP, now, it is time, to go"
,Cherokee Narratives,ᎥᏍᎩᏃ ᎠᏂᏲᏁᎦ ᎢᎬᏱ ᏧᏂᎷᏤ ᎠᎹᏰᏟ ᎠᏂᏴᏫᏯ ᎠᏁᎲ ᏍᎩᏅ ᎢᏳᏍᏗ ᏚᏂᏲᏞ,vsgihno aniyoneg igvyi juniluhje ameyehl aniyvwiya anehv sginv iyusd dunihyohle,That’s what the white man has brought to the Indians of America.,,Reminiscence,,12,Mose Killer,,,"and that’s, white people, at first, when they arrived, in the United States, Indians, where they live, and that, like, they brought with them",vsgi-hno a-ni-yoneg igvyi j-u-ni-luhj-e ameyehl a-ni-yvwi-ya a-neh-v sgin-v iyusd d-u-ni-hyohl-e,"that and, 3 Pl white-people, at-first, Rel 3 Pl arrive repP, in-the-u.s., 3 Pl person pure, 3 live exP, that-and, like, Pl 3 Pl bring-along repP"
,Cherokee Narratives,ᏱᏧᎦᏌᏔᎾ,we did not sunup to sundown,We didn’t have anything like that. Our ancestors didn’t.,,Reminiscence,,13,Mose Killer,,,we did not sunup to sundown,we did not sunup to sundown,we did not sunup to sundown
,Cherokee Narratives,... ᏅᏙ ᏱᏙᏧᎴᎿ ᏗᎦᎸᏫᏍᏓᏁᏗ ᎨᏒ ᎤᎿ ᎠᏓᎴᏂᏍᎨ ᏱᏭᏕᎵᏣᏅ ᎢᎪᎯᏓ,yijuksatan nvd yidojulehna digalvwsdanhdi gesv uhna adalenisge yiwudelijahnv igohid,"Sunup to sundown; when the sun came up, the work began until it went down.",,Reminiscence,,14,Mose Killer,,,"when it came up, sun, when it rose, to work, it was, there, it would begin, when it went down, until",yi-j-uksatan nvd yi-do-j-u-lehn-a di-ga-lvwsdanh-di ges-v uhna a-da-lenis-g-e yi-w-u-delijahn-v igohid,"nonF when 3 come-up, sun, nonF Dst when 3 face recP, Pl 3 work Inf, be exP, there, 3 Refl begin Prog repP, nonF Tr 3 go-down exP, until"
,Cherokee Narratives,ᎠᏴᎮᏅ ᏍᏊ ᎦᏅᏓᏗᏍᎪ ᏍᎩ ᎢᏲᏣᏛᏁ ᏥᎨᏒ ᏒᎯᏰᏱ ᏲᏣᏂᎩ ᏱᏙᏥᏩᏛᎱᎦ ᎨᏒ ᎾᎥ ᎢᏦᎦᏓᎵ,ayvhen sgwu gandadisgo sgi iyojadvne jigesv svhiyey yojahnig yidojihwahtvhug gesv na?v ijogadal,I also remember we used to go and visit our neighbors.,,Reminiscence,,15,Mose Killer,,,"now me, also, I remember, that, we would do, it was, evening, we would leave, we would go to visit them, it was, near, we apart",ayv-hen sgwu ga-ndadis-g-o sgi iy-oj-advn-e ji-ges-v svhiyey y-oj-ahnig yi-d-oji-hwahtvhug ges-v na?v ij-ogadal,"I now, also, 1 remember Prog Hab, that, nonF 1Pl do repP, Pst be exP, evening, nonF we/they leave, nonF Pl they-and-I go-visit, be exP, near, youPl-and-I apart"
,Cherokee Narratives,Ꮲ ᏒᏃᏱ ᎢᎪᎯᏓ ᏱᏬᏤᏓ ᎨᏒ,dlv svnoy igohid yiwojed gesv,We’d go in the evening and stay until late at night.,,Reminiscence,,16,Mose Killer,,,"somewhere, midnight, until, we would go, it was",dlv svnoy igohid yi-w-oj-ed ges-v,"somewhere, midnight, until, nonF Tr 1Pl go, be exP"
,Cherokee Narratives,... ᏱᏚᏂᎦᏒᏍᏗ ᏱᎩ ᏙᏌ ᏚᏂᏖᏍᏛ ᏗᏂᏲᏟᏅ ᎾᎥ ᏯᎾᏝᎢᏙ ᏱᏓᎾᏁᎶᎲᏍᎦ ᏒᏃᏱ ᎢᏴ ᏱᏛᎣᏣᏂᎩ ᎨᏒ,they would just sit around and talk yiduniksvsdi yig dos dunitesdv diniyohlinv na?v yanatla?ido yidananelohvsg svnoy iyv yidv?ojahnnig gesv,"They would just sit around and visit and maybe build a fire to make some smoke to repel the mosquitoes, and the children would play around, and then when we thought it was getting late, we would come home.",,Reminiscence,,17,Mose Killer,,,"they would just sit around and talk, or they would build fire, for example, mosquito, repelling, and the children, near, they would run around, they would play around, midnight, then, we would start back",they would just sit around and talk yi-d-u-n-iksvsdi y-igi dos d-u-ni-tesd-v di-ni-yohli-nv na?v y-a-n-atla?-id-o yi-d-a-n-anelohvsg svnoy iyv yi-dv?-oj-ahnig ges-v,"they would just sit around and talk, nonF Pl 3 Pl build-fire, nonF or, mosquito, Pl 3 Pl repel exP, Pl Pl child and, near, nonF 3 Pl run around Hab, nonF Pl 3 Pl play-around, midnight, then, nonF Dst 1Pl return, be exP"
,Cherokee Narratives,ᎨᏍᏗ ᏩᏥ ᏱᏙᎦᎦᏎᏍᏕ,gesd waj yidogaksesde,We didn’t have our eyes on our watches.,,Reminiscence,,18,Mose Killer,,,"was not, watch, we would not keep an eye on",gesd waj yi-d-og-aksesde,"not, watch, nonF Pl they-and-I watch"
,Cherokee Narratives,ᎪᎯᎦhᏃ ᏚᏂᏗ ᏔᏍᎪᎯᏁᎧ,kohigahno duninhdi talsgohineka,"This is October 10th, isn’t it?",,Interview with Wilbur Sequoyah,,1,Durbin Feeling,Durbin,Durbin,"today is, October, tenth isn’t it?",kohi-ga-hno dununhdi tal-sgohi-ne-ka,"day this and, october, two ten Ord Ques"
,Cherokee Narratives,Ꭵ,v,Yes.,,Interview with Wilbur Sequoyah,,2,Durbin Feeling,Wilbur,Wilbur,yes,v,yes
,Cherokee Narratives,ᏔᎵᏍᎪᎯᏁ ᏐᏁᎳᏚ ᎢᏍᎪᎯᏍᏈ ᏁᎳᏍᎪ ᏔᎵ ᎤᏕᏘᏴᏌᏗᏒ ᏣᎳᎩ ᎤᏪᏘ ᎠᏁ ᎠᏁᏙ ᎠᏂᏔᎵᎭ ᎦᎵᏣᏗ ᏧᏙᎢ ᏌᏊ,talsgohine sohneladu isgohitsgwi nelsgo ta?li udetiyvsadisv jalag uweti aneh anedoh anita?liha galhja?di judo?id sagwu,"October 10th, 1982. We have two visitors from North Carolina. One of them is “Bo”.",,Interview with Wilbur Sequoyah,,3,Durbin Feeling,Durbin,Durbin,"tenth, nineteen, hundred, eighty, two, the year of, Cherokee, old, dweller, they are here, two of them, ""Bo"", he is named, one",ta3l-sgohi-ne3 so3hne-la3du3 isgo3hitsgwi ne23l-sgo23 ta?l3 u-detiyv3sadi3s-v jalag u-weti a-neh23 a-n23-edoh32 a-ni23-ta3?li-ha galhja?di3 j-u-do23?id sagwu3,"two ten Ord, nineteen, hundred, eight ten two, 3 year-of exP, cherokee, 3 old, 3 dwell, 3 Pl be-there, 3 Pl two Num, bo, Pl 3 be-named, one"
,Cherokee Narratives,ᎠᎵᏣᏙᎲᏍᎩ,alhjadohvsgi,He’s a preacher.,,Interview with Wilbur Sequoyah,,4,Durbin Feeling,Wilbur,Wilbur,a preacher,a-lhjado32hvs-g-i32,3 preach Prog Ag
,Cherokee Narratives,ᎠᎵᏣᏙᎲᏍᎩ ᏂᎯᏃ ᎦᏙ ᏕᏣᏙ,alhjadohvsg nihinh gado dejado,"A preacher, and what is your name?",,Interview with Wilbur Sequoyah,,5,Durbin Feeling,Durbin,Durbin,"a preacher, and you, what, you are named",a-lhjado23hv-s-g nihi-nh3 gado de-23j-a3do3?,"3 preach Prog Ag, you and, what, Pl 3 be-named"
,Cherokee Narratives,ᏫᎵᎻ ᏏᏉᏱ,wilimi sigwoyi,Wilbur Sequoyah.,,Interview with Wilbur Sequoyah,,6,Durbin Feeling,Wilbur,Wilbur,Wilbur Sequoyah,wili3m sigwoyi43,"wilbur, sequoyah"
,Cherokee Narratives,ᏫᎵ ᏏᏉᏲ,wil sigwoyi,Wil Sequoyah.,,Interview with Wilbur Sequoyah,,7,Durbin Feeling,Durbin,Durbin,Wil Sequoyah,wil23 sigwoyi43,"wil, sequoyah"
,Cherokee Narratives,ᏫᎵᎻ,wilimi,Wilbur.,,Interview with Wilbur Sequoyah,,8,Durbin Feeling,Wilbur,Wilbur,Wilbur,wilimi43,wilbur
,Cherokee Narratives,ᏫᎵᎻ,wilimi,Wilbur.,,Interview with Wilbur Sequoyah,,9,Durbin Feeling,Durbin,Durbin,Wilbur,wilimi43,wilbur
,Cherokee Narratives,ᎠᎬᏱᏃ ᏲᏁᎦ ᎤhᏁᎢᏍᏗ Charles Wilbur ᏏᏉᏱ ᏓᏆᏙ,agvyino yoneg uhne?isd charles wilbur sigwoyi dagwado,My first name in English is Charles Wilbur Sequoyah.,,Interview with Wilbur Sequoyah,,10,Durbin Feeling,Wilbur,Wilbur,"first, white person, language, Charles Wilbur, Sequoyah, I am named",agvyi32-no yo3neg u-hne32?i-sd charles wilbur sequoyah d-agw-ado3,"first and, white-person, 3 tell Ins, charles wilbur, sequoyah, Pl 1 be-named"
,Cherokee Narratives,ᏍᎩᎾ ᎠᏰᎵ ᏓᏆᏙᏍᏛ Ꮵ ᎢᎦ ᎥᎩᏯᏂᏍᎪ,sgina ayelh dagwadosdv ji iga vkiyanisgo,I am called by my middle name mostly.,,Interview with Wilbur Sequoyah,,11,Durbin Feeling,Wilbur,Wilbur,"that, middle, what I am named, more of, I am called by",sgi3na ayelh3 d-agw-ado3sd-v ji iga3 vki-yani3s-g-o,"that, middle, Pl 1 be-named exP, more, of, 1Pas call Prog Hab"
,Cherokee Narratives,ᏫᎵᎻ ᎬᏉᏎᎰ,wilimi gvgwoseho,They call me Wilbur.,,Interview with Wilbur Sequoyah,,12,Durbin Feeling,Wilbur,Wilbur,"Wilbur, they call me",wili3mi42 gvgw-o3seh-o,"wilbur, they-me call Hab"
,Cherokee Narratives,ᎯᎳᎲ Ᏼ ᏍᏗᎷᏤ ᎣᎦᎳᎰᎹ,hilahv yv sdiluhje ogalahoma,When did you arrive in Oklahoma?,,Interview with Wilbur Sequoyah,,13,Durbin Feeling,Durbin,Durbin,"when, time, you arrived, Oklahoma",hila3hv3 yv sdi3-luhj-e3 oklahoma?,"when, time, you-two come-to repP, oklahoma"
,Cherokee Narratives,ᏔᎵᎭ ᏄᏒ ᎢᏳ ᏥᎨᎲ ᎤᎲᏒ ᏐᏁᎳ ᎢᏳ ᎢᏳᏩᏂᎸ,taliha nuhsv iyu jigehv uhsv sohnel iyu iyuwahnilv,"Two days ago, around nine o’clock at night.",,Interview with Wilbur Sequoyah,,14,Durbin Feeling,Wilbur,Wilbur,"two of them, days, then, when it was, at night, nine, about, o’clock",tali-ha3 nuhsv3 iyu3 ji-geh-v3 uhsv3 sohnel23 iyu3 iyu3wahnilv3,"two Num, day, then, Pst be exP, at-night, nine, about, hour-of-day"
,Cherokee Narratives,ᎦᎪᎲ ᎡᏍᏗᏩᏛᎯᏙ,gagohv esdiwahtvhido,Who are you visiting?,,Interview with Wilbur Sequoyah,,15,Durbin Feeling,Durbin,Durbin,"who, you two are visiting?",ga3go-hv3 esdi-wahtvhi23d-o?,"who but, you-two visit Hab"
,Cherokee Narratives,ᎠᏴᏃ ᎨᏒ ᎠᏂᏴᏫᏯ ᏂᎦᏙᏉ ᏕᏥᏩᏛᎯᏙ,ayhno gesv aniyvwiya nigadogw dejiwahtvhido,I’m just here to visit all the Indians.,,Interview with Wilbur Sequoyah,,16,Durbin Feeling,Wilbur,Wilbur,"as for me, which, Indians, just everyone, I am visiting them",ay-hno3 ges-v a-ni-yvwi-ya niga3do-gw de-ji3w-ahtvhid-o32,"I and, be exP, 3 Pl people pure, everyone just, Pl 1 visit Hab"
,Cherokee Narratives,ᏂᏗᎦᎵᏍᏙᏗ Ꭿ ᎠᎬᏱ ᎩᎳ ᎨᏙ ᎠᎭᏂ ᎣᎦᎳᎰᎹ,ndigalsdohdi hi? agvyi kil gedo ahan ogalahoma,Because this is my first time to be in Oklahoma.,,Interview with Wilbur Sequoyah,,17,Durbin Feeling,Wilbur,Wilbur,"because, this, for the first time, I am here, here, Oklahoma",ndigal3sdoh3di3 hi? agvyi3 kil g-edo32 a3han oklahoma?,"because, this, first, time, 1 be-there, here, oklahoma"
,Cherokee Narratives,ᎤᏥᏍᏈᏯ ᎠᏆᏛᎦᏅ Ꭿ ᏍᎩᎾ Ꭽ ᏣᎳᎩ ᎾᎾ ᎭᏂ ᎤᏪᏘ ᏂᏓᏳᏂᎶᏒ ᎠᏁᎲ,utsgwiya aktvganv hi sgina ha jalag nana han uweti ndayunilohsv anehv,I’ve heard a lot of stories from people who have come from North Carolina who live here.,,Interview with Wilbur Sequoyah,,18,Durbin Feeling,Wilbur,Wilbur,"much, I have heard, this, that, [hesitation], Cherokee, there, here, old place, they came from, those living here",utsgwiya3 ak-tvgan-v3 hi sgina3 ha jalag nana3 han uweti3 nda-y-u3-noiloh3s-v a-n-eh-v3,"much, 1 hear exP, this, that, interjection, cherokee, there, here, old, this-way nonF 3 come exP, 3 Pl live exP"
,Cherokee Narratives,ᏍᎩᏉ ᎠᎩᎦᏛᏂᏙᎭ ᏄᎾᏛᎿᏕᎬ ᏃᎴ ᎢᏳᏍᏗ Ꭵ ᎢᏳᏍᏗ ᏄᎾᏛᎿᏕᎬ ᏍᎩᎾ ᎾᎿ ᎠᏂᏁᎩᎸ ᎠᏂᏁᎸ ᏚᏙᏓᏋᏓ,sgigw agikdvnidoha nundvhnadegv nole iyuhsd v iyuhsd nundvhnadegv sgina nahna aninegilv aninelv dudodagwvd,I’m just here to find out how people live here on a daily basis.,,Interview with Wilbur Sequoyah,,19,Durbin Feeling,Wilbur,Wilbur,"just that, I am checking, how they are, and, what, uh, what, how they are, that, and, those who live, those who live, daily",sgi-gw agi-kdu3nidoh-a3 n-u-n-dvhna3de-g-v3 nole3 iyuhsd3 v iyuhsd3 n-u-n-dvhna3de-g-v3 sgina3 na-n a-ni-ne3gil-v3 a-ni-ne23l-v3 dudo23da3gwvd,"that just, 1 check Pres, Spec 3 Pl do Prog exP, and, what, uh, what, Spec 3 Pl do Prog exP, that, those and, 3 Pl live exP, 3 Pl live exP, daily"
,Cherokee Narratives,ᎢᏳᏍᏗ ᎾᎾᏛᏁᎵᏙᎲ ᏍᎩᏃ ᏧᏓᎴᏂᏅᏓᏊ ᏍᎩ ᎢᎬᏩᎵᏍᏔᏅᏓ ᏍᏆᎳ ᏱᏂᎬᏁᎵ Ꭿ ᏱᏂᏥᏫ ᎢᏳᏍᏗ ᏄᎾᏛᎿᏕᎬ Ꭵ ᏧᏙᏓᏋᏓ Ꭵ ᎠᏂᏁᎸ ᎠᎾᎢᏒ ᎢᎦ ᏧᏓᎴᏅᏓ ᏃᎴ Ꭵ ᏧᏂᎳᏫᏍᏗ ᎨᎰ ᏍᏊ ᏴᏫ ᎢᏳᏍᏗ ᏂᎨᎦᏛᏁᎲ ᏍᎩ ᏂᎦᏓ ᎢᎬᏩᎵᏍᏔᏅᏓ ᏃᎴ Ꭵ ᎧᏃᎮᏓ ᎨᏐ ᏯᎾᏛᎩ ᎣᏍᏓ ᎧᏃᎮᏓ ᏱᎩ ᏍᎩᎾ Ꭽ ᏍᎩᎾ Ꭽ ᏱᎬᏩᎵᏍᏔᏅᏓ ᏍᎩᏭ ᏳᏍᏗ ᎭᎩᎧᏛᏂᏙ ᎠᏴ,iyuhsd nandvnelidohv sgino judalehnvdagw sgi igvwalstanvda sgwala yinigvnel hi? yinjiwi iyuhsd nundvhnadegv v judodagwvd v aninelv ana?ihsv iga judlehnvd nowle v junilawisdi geho sgwu yvw iyuhsd nigegadvhnehv sgi nigad igvwalstanvd nowle v kanohed geso yanhtvgi osd kanohed yig sgina ha sgina ha yigvwalstanvd sgiw yuhsd hagikdvhnido ay,I want to see what type of services they are receiving and whether or not they are hearing the gospel.,,Interview with Wilbur Sequoyah,,20,Durbin Feeling,Wilbur,Wilbur,"what, their activities, and that, just different things, that, etcetera, short, if you made it, this, I would say, what, how they are, uh, daily, uh, they live, they walk, daily, different things, and, uh, church, included, also, people, what, being done for them, that, all, etcetera, and, uh, news, included, if they here, good, news, if it is, that, [hesitation], that, [hesitation], and so forth, just that, what I am checking on, me",iyuhsd3 n-a-n-dv3neli-doh-v3 ino3 j-u-dalehnv3da-gw sgi igv3walstanv3da sgwala3 yi-ni-g-v3nel34 hi? yi-n-ji3w-i iyuhsd3 n-u-n-dvhnade3-g-v v judo23da3gwvd v a-ni-ne23l-v3 a-n-a3?ihs-v3 ig judlehnvd nole3 v j-u-ni-lawi3s-di geh-o sgwu3 yvw iyuhsd3 ni-geg-adv3hn-eh-v sgi3 nigad3 igv3walstanvd23 no23wle3 v kanohed23 ges-o y-a-n-h3tvgi4?-a osd3 kanohed23 y-ig sgina3 ha sgina3 ha yi-gv3walsta3nv sgi-w yuhsd3 hagi-kdv3hnid-o3 ay,"what, Spec 3 Pl do here-and-there exP, then, Pl 3 different and, that, and-so-forth, short, nonF Spec 3 make, this, nonF Spec 1 say, what, Spec 3 Pl do Prog exP, uh, daily, uh, 3 Pl live exP, 3 Pl walk exP, day, different, and, uh, Rel 3 Pl pray Inf, be Hab, also, people, what, Spec for-them do Dat exP, that, all, and-so-forth, and, uh, news, be Hab, nonF 3 Pl hear Pres, good, news, nonF be, that, interjection, that, interjection, and-so-forth, that just, what, 1 check-on Hab, me"
,Cherokee Narratives,ᏚᏓᎴᎿᎠᎨ Ꭵ ᎠᎭᏂ ᏃᎴ ᏗᏤᏅᏒ,dudalehna?ake v ahan nole dijenvsv,Do you find much difference between here and North Carolina?,,Interview with Wilbur Sequoyah,,21,Durbin Feeling,Durbin,Durbin,"is there a difference, uh, here, and, where you come from",d-u-dalehna3?ak-e3 v a3han no23le3 di-j-e23nv32s-v,"Pl 3 different repP, uh, here, and, Dst 2 come-from exP"
,Cherokee Narratives,ᎥᎿᏃ Ꮵ ᎢᎦ ᏍᎩᎾ ᏴᏫ ᏄᏍᏗ ᎤᎾᏂᎩᏍᏗ ᎨᏒ Ꮳ ᏓᎴ ᎾᏍᎩᏂ,vhnahno ji iga sgina yvw nuhsd unanigisdi gesv ja dale nasgin,Not much.,,Interview with Wilbur Sequoyah,,22,Durbin Feeling,Wilbur,Wilbur,"there, yes, more, quantity, that, people, is, that path, gesv, no, different, but that",v34-hano3 ji iga sgina3 yvw nuhsd3 u-n-a3igis-di ges-v ja dale2na2-sgin,"yes and, more, quantity, that, people, is, 3 Pl that-way Inf, be exP, no, different, that but"
,Cherokee Narratives,Ꭵ ᎢᏳᏍᏗ Ꭵ ᏙᏗ ᏳᏍᏗᏃ ᏴᏓ ᏍᎩᎾ ᏗᎨ ᎡᎵᏍᏗ Ꭵ ᏂᎦᏓ ᎨᎲ Ꮎ ᎤᏍᏗ ᎥᏣ Ꭿ ᏱᏚᏓᎴᎭ,v iyuhsd v dodi yuhsdhno yvda sgina dige elisd v nigad gehv na uhsd vja hi? yidudaleha,The lifestyles are not different but... how would you say? I guess there is not that big a difference.,,Interview with Wilbur Sequoyah,,23,Durbin Feeling,Wilbur,Wilbur,"uh, that, uh, what, it is, one would say, that, not, supposedly, uh, all, which, that, that, no, this, no difference",v iyuhsd3 v dodi3 yuhsd-hno3 y-vda sgina3 di3ge elishsd v nigad3 geh-v3 na uhsd3 vja hi? yi-d-u23-da3leh-a,"uh, that, uh, what, that and, nonF say, that, not, supposedly, uh, all, be exP, that, that, no, this, nonF Pl 3 differ Pres"
,Cherokee Narratives,ᏍᎩᏯ ᎢᎦ ᏂᎨᎦᏛᏁᎲ ᏥᏕᎦᎵᏃᎮᎵᏙᎲ ᎤᏒ ᎢᎦ ᎬᏆᎴᏅᏓ,sgiw iga nigegadvhnehv jidegalnoheldohv uhsv ig gvgwalenvda,Just that I’ve been talking with others here regarding services.,,Interview with Wilbur Sequoyah,,24,Durbin Feeling,Wilbur,Wilbur,"just that, quantity, being done for them, my conversation, yesterday, noon, since",sgi-w iga3 ni-gega-dv3hneh-v3 ji-de-g-al3no3h-el-do3h-v uhsv i23g gvgwalenv3da,"that just, quantity, Spec for-them do exP, Pst Pl 3 converse Dat start exP, yesterday, now, since"
,Cherokee Narratives,Ꭵ ᏍᏗᎩᏓᏃ ᎢᎦᏓ ᎨᏍᏗ Ꭵ ᎢᏳᏍᏗ ᎢᎨᎦᏛᏁᏗ ᏂᎨᎦᏛᏁ ᎢᏳᏍᏗ ᏯᏂᎩᎠ ᎢᎦᏓ ᎣᏏ ᏄᎾᏛᏅᎯ ᏃᎴ ᎢᎦᏓ ᎤᏲᎢ ᏄᎾᏛᏅ ᎦᏛᎩᎠ ᏍᎩᏃ ᏥᎦᏗ ᎨᏍᏗ ᎠᏴ ᏱᎪᎵᎦ Ꮟ ᎠᏋᏌᏃ ᏗᏥᎦᏙᎵ ᏯᏋᏔᏁ ᏱᏥᎦᏔᎮ,v sdikidno igad gesd v iyusdi igegadvhnehd nigegadvhne iyuhsd yanigi?a igad ohsi nundvhvnh nole igad uyo?i nundvhnv gatvgi?a sgihno jigadi gesd ay yigolihga si agwvhsano dijigatol yahktan yijigahtahe,"It seems some of them are not receiving what they should. Some are better off than others. I really don’t understand this. Maybe as I see more, I’ll begin to understand.",,Interview with Wilbur Sequoyah,,25,Durbin Feeling,Wilbur,Wilbur,"uh, and a little, all, not, uh, that, to be done for them, not being done for them, that, they are not getting, some, fair, they are, and also, some, poorly, they are, I am hearing, and so, as I say, not, I, I not understand, yet, and I myself, my eyes, if I use, I would know",v sdi3kid-no3 igad3 gesd34 v iyu3sdi i-ge3g-adv3hn-eh-d ni-geg-a3dvhn-e3 iyusd3 y-a-ni3-gi4?-a igad3 ohsi3 n-u-n-dvhv-nh nole3 igad3 u-yo?i3 n-u3-n-dvhn-v3 g-atvgi3?-a sgi-hno ji-g-adi gesd23 ay yi-g-o23lihg-a si3 agw-vhsa3-no3 di-ji-gahtol23 y-ahk-ta4ne3 yi-ji3-gahtah-e3,"uh, a-little and, all, not, uh, that, Inf 3Pl Pas do here-and-there Dat Inf, Neg for-them do Dat, that, nonF 3 Pl get Pres, some, fair, Spec 3 Pl do and, and also, some, 3 poor, Spec 3 Pl do exP, 1 hear Pres, so and, Rel 1 say, not, I, nonF 1 understand Pres, yet, 1 self and, Pl 1 eye, nonF 1 use, nonF 1 know repP"
,Cherokee Narratives,ᎢᎤᏍᏗ Ꭵ ᏗᏓᎴᏂᏍᎬ ᎨᎵ Ꮟ ᎢᎦᏓ ᎨᏍᏗ ᏰᎵ Ꭵ ᎠᏂᏐ ᏄᎾᏍᏛ ᎢᎦ ᏯᏂᎩ ᎢᏳᏍᏗ ᎤᏂᎩᏍᏗ ᎨᏒ ᎤᎾᎵᏍᏕᎸᏙᏗ ᎨᏒᎢ ᏓᏂᏁᎩᎸ ᎤᏲ ᏄᎾᏛᏅ ᎠᎾᏗᏍᎪ Ꭿ Ꮲ ᎢᏅᎯ ᎨᏒ ᎠᏙ ᏗᎨᏒ ᎢᏴ ᏗᏂᏁᎵ ᎨᏒ ᎡᏍᎦᏊ Ꭿ ᎡᏍᎦᏂ ᏗᏂᏁᎵ ᎦᏚᎲ ᎾᎥᏂᎨ ᏱᎩ ᎢᏳᏍᏗ ᎦᏛᎩ ᎥᏣᏃ ᏱᏥᎦᏔ ᏍᎩᎾ Ꭽ ᎤᏥᏈᏯ ᎠᏆᏓᎴᏤᎭ Ꭵ ᏙᏂᏳᏍᏗ ᎠᏓᎴᏂᎭ ᏍᎩᎾ ᎤᏲ ᎢᏂᏗᎬᏩᎾᏛᎿᏕᎩ ᎢᏴ ᏃᎴ ᎮᏍᎦᏂᎨᎲ ᏕᏥᎪᏩᏘᏍᎬ ᎣᏏᏊ ᎢᏳᏍᏗ ᏄᎾᏛᎾᏕᎬ ᎢᎨᎵ ᎤᏥᏈᏯᏃ ᏔᎵᎭ ᏄᎾᏓᎴ ᏄᏂᏍ ᏄᏂᏍᏗ ᎾᏆᎵᏍᏓᏁ,iyuhsd v didalenisgv geli si igad gesd yeli v aniso nunhsdv iga yanigi iyuhsd unigisd gesv unalhsdelhdodi gesv?i daninegilv uyo nundvnv andihsgo hi? dlv invhi gesv adoh digesv iyv dinineli gesv esgagwu hi esgahni dininel gaduhv na?vhnige yigi iyuhsd gatvgi vjano yijigahta sgina ha utsgwiya agwadalecheha v doniyuhsdi adaleniha sgina uyo indigvwandvhnadeg iyv nole hesganigehv dejigowhtisgv ohsigw iyusd nundvnadegv igeli utsgwiyano talaha nundale nuns-nunsd nagwalsdahne,Those that are farther away from here seem to be poorer than those close by.,,Interview with Wilbur Sequoyah,,26,Durbin Feeling,Wilbur,Wilbur,"that, uh, the origin of, I think, set, some, not, able, uh, others, condition, that much, not receiving, that, for them to receive, which, their livelihood, which, where they live, had, their condition, they say, this, somewhere, far away, which is, in the words, there, distance, dweller, which, not as much, nearby, dweller, from, closer, if it is, that, I am hearing, and not, I don’t know, that, [hesitation], much, it is confusing me, uh, so what, it beginning, that, bad, poor condition, there, and, nearer, that I see, fair, kind, they are getting along, I think, too much, two, dif­ferent, [false start], it seems to me",iyuhsd3 v di-d-a3-lenis-g-v3 g-eli3 si igad3 gesd3 y-eli3 v a-ni-so3 nunhsdv3 iga3 y-a-ni3gi iyuhsd3 u-ni-gisd3 ges-v3 u-n-alhsdelh23d-o ges-v4?i d-a-ni-ne3gil-v uyo3 n-u-n-dn-v3 a-n-di3hs-g-o hi? dlv3 invhi3 ges-v3 a-doh3 di-ge3s-v iyv3 di-ni-ne23l-i ges-v3 e3sga3-gwu3 hi esga23hni di-ni-nel23 gadu3hv na?v3-hnige3 y-i3gi iyuhsd3 g-atvgi3 v3ja-no3 yi-ji3-gaht-a3 sgina3 ha utswiya3 agw-ada3leche3h-a v doni3yuh4sdi a-da-leni4h-a sgina3 uyo34 in23di3-gvw-andvhnadeg3 iyv3 nole3 hesgani3geh-v de-ji3-gowhti23s-g-v ohsi-gw iyusd n-u-n-dvnade3-g-v i-g-e3li3 utsgwiya3-no tala-ha3 nundale3 n-agw-alsda32h-ne,"that, uh, Dst Pl 3 begin Prog exP, 1 think, set some, not, nonF be-able, uh 3 pl other, condition, that much, nonF 3 Pl receive, that, 3 Pl receive, be exP, 3 Pl make-living Hab, be exP, Pl 3 Pl live exP, had, Spec 3 Pl condition exP, 3 Pl say Prog Hab, this, somewhere, far-away, be exP, 3 be-in-woods, Dst be exP, distance, Pl Pl live Ag, be exP, near just, much, nearby, Pl Pl live, from, close more, nonF be, that, 1 hear, not and, nonF 1 know Pres, that, interjection, much, he/me hide Pres, uh, so-what, 3 Refl begin Pres, that, bad, Pl 3 Pl be-poor Prog, there, and, nearer, be exP, Pl 1 see Prog exP, fair just, kind, Spec 3 Pl do Prog exP, Rep 3 think, much and, two Num, dif­ferent, Spec it/me seem Dat"
,Cherokee Narratives,ᎳᏍᎪ ᏍᎩ ᏱᏄᏍᏗ Ꭵ ᏗᏤᏅᏒ,hlasgo sgi yinusd v dijenvsv,Isn’t it like that where you’re from?,,Interview with Wilbur Sequoyah,,27,Durbin Feeling,Durbin,Durbin,"not, that kind, uh, where you are from",hla3-sgo sgi3 yinusd23 v di-j-e23nv32s-v3?,"not Ques, that kind, uh, Dst 2 be-from exP"
,Cherokee Narratives,Ꭵ ᎥᏣᏃ ᏍᎩᎦ ᎠᏩᏓᎴᏤᎮᏃ Ꭵ ᎠᏴ ᏍᎩᎾ ᏗᎦᎳᏫᏍᏗ ᏗᏥᎳᏫᎩ ᎯᎩ Ꭵ ᎣᏣᏁᎳᏗᏍᎪ ᏂᎦᏓ ᏂᎬ ᏍᎩᎾ ᏙᏣᎦᏎᏍᏙᏔᏂᏓᏍᏗ ᎤᏲᎢ ᏱᏄᏛᎾ ᏍᎩᎾ ᏬᏥᏃᎮᏍᎪ,v vjano sgiga awdalecheheno v ay sgina digalawisdi dijilawig higi v ojanelhdihsgo nigad nikv sgina dojaksesdohtanidasde uyo?i yinudvna sgina wojinohehsgo,"Well, I’m a council member, and we try to reach all those in need and then repeat it to the tribal administrator.",,Interview with Wilbur Sequoyah,,28,Durbin Feeling,Wilbur,Wilbur,"uh, not and, that much, it is confusing me, uh, I, that, council, counselor, I am, uh, we try, all, all around, that, to watch over them, bad, in position, that, we go and report it",v v34jano3 sgi23-ga aw-da3lechehe4n-o3 v ay sgina3 di-g-a-lawi23s-di3 di-j-ilawig3 hi23gi v oj-a3nelhdih3s-g-o nigad nikv sgina3 d-oj-aksesdoh3ta4nida-sde u-yo?i3 yinudv4na sgina3 w-o-ji3-n-ohehs-g-o3,"uh, not and, that much, it-me hide Hab, uh, I, that, Pl 3 Pl council-member Inf, Dst 1 be-council-member, be, uh, they-and-I try Prog Hab, all, all around, that, Pl they-and-I watch-over Inf, 3 bad, in-position, that, Tr they-and-I report Prog Hab"
,Cherokee Narratives,Ꭵ ᎠᏂᏩᏥᎾ ᏚᎾᏓᏁᎸ ᏚᎾᏙᏢᏒᎢ ᎦᎵᏐᏕ ᏗᎾᏁᏍᎨᏍᎩ ᎪᏍᏞ social service ᏱᎩ ᎠᏘᏗ ᏥᎩ ᏍᎩᎾ ᎭᏂ ᎬᏂᎨᏒ ᏂᏙᏨᏁᎰ ᎣᏣᏁᎸᏗᏍᎪ ᏍᎩᏃ,v aniwajin dundanelv programs galsode dinahnesgesgi gosdle social service yigi atdi jigi sgina han kvnigehsv ndojvneho ojanelhdisgo sgihno,"We provide them with information concerning public housing, social services, and so forth.",,Interview with Wilbur Sequoyah,,29,Durbin Feeling,Wilbur,Wilbur,"uh, government, provision, programs, house builders, something, social service, or, to say, when, that, here, to be known to them, we try, and that",v a-ni-wajin3 d-u-n-da3nel-v3 programs galso23de di-n-ahne23s-g-i go23sd-le social service y-i4gi a4-tdi j-i3gi sgina3 han kvni3gehs-v3 n-d-oj-v3neh-o3 oj-a3nelhdi3s-g-o sgi-hno3,"uh, 3 Pl govern, Pl 3 Pl provide exP, programs, house, Pl Pl build Prog Ag, something, social service, nonF be, 3 say, Rel be, that, here, visible be-exP, Spec Pl they-and-I do Hab, they-and-I try Prog Hab, that and"
,Cherokee Narratives,Ꭿ ᏑᏓᎴᎩ ᏥᎦᏗ ᎠᏴ ᏄᎾᏛᏅ ᎨᏍᏗ Ꭺ ᏯᏂᎩ Ꭽ ᎭᎾᏗᎠ ᎬᏉᏎ ᎢᎦᏓ ᎭᏂᏃᎮᏍᎬ,hi? sudaleg jigadi ay nundvhnv gesd go yanigi? ha handi?a gvgwose igad haninohesgv,Here I am being told that the people out there are not being informed.,,Interview with Wilbur Sequoyah,,30,Durbin Feeling,Wilbur,Wilbur,"this, one thing, which I, I, condition, not, something, they are not getting, [hesitation], they say, say to me, some, they talk about",hi? sudaleg23 ji-g-adi3 ay n-u-n-dvhn-v gesd go y-a-n-i3gi? ha ha-n-di3-a gv-gwos-e3 igad3 ha-ni32-nohe3s-g-v,"this, one-thing, Rel 1 say, I, Spec 3 Pl condition exP, not, something, nonF 3 Pl get, interjection, 3 Pl say Pres, he/me say repP, some, 3 Pl talk-about Prog exP"
,Cherokee Narratives,ᎨᏍᏗ ᏱᎨᎦᎧᏎᏍᏓᏁᏍᎪ ᏙᏳ ᎤᏲᎢ ᏄᎾᏛᎿ ᎭᎾᏗ ᎨᏍᏗᏃ ᏱᏥᎪᏩᏓ Ꭵ ᏱᎪᎵᎦ ᏍᎩᎾ ᎭᏂ Ꭿ Ꭵ ᏗᏂᎳᏫᎩ ᎤᎾᏚᏓᎵ ᏧᎾᏤᎵ ᎬᏩᏑᏯᎩᏗ ᎨᎲ ᏓᏁᎲ ᏍᎦᏚᎩ ᏕᎪᏒᏩᏗᏒᎢ ᏧᎾᎦᏎᏍᏙᏗ ᏍᎩᏗᏙ ᏄᏍdᎥ Ꭵ ᏂᏗᎦᎵᏍᏙᏗᏍᎬᏃ ᏍᏊ Ꭵ ᎦᏲᎵ ᎨᏒ ᏱᎧᏃᎮᎵ ᎥᏍᎩ ᏣᎳᎩ ᎠᏂᏬᏂᏍᎩ ᎨᏒ Ꮎ ᏣᎳᎩ ᎤᏂᏬᏂᎯᏍᏗ ᎤᏂᎭ ᏍᎩᏳᏍᏗ ᎠᏂᏬᏂᏍᎩ ᎤᎿᏴ ᏂᏧᎾᏛᎿ Ꮎ ᏌᎷᏱᏴ ᎠᏙᎯᏴ Ꭵ ᏝᏃ ᏳᎾᏚᎵᏍᎪ ᏕᎦᏚᎲ ᏂᏙᏓᏳᎾᏛᏁᏙᏗ Ꭵ ᏍᎩᏃ ᏣᎳᎩ ᎠᏂᏬᏂᏍᎩ Ꮩ ᎠᏂᏣᎳᎩ ᎨᏒ ᎠᎭᏂᏃ ᏚᏂᎸᏫᏍᏓᏁ ᎤᏟ ᎢᎦ ᎠᏂᏲᏁᎦ Ꭵ ᏍᎩᏃ ᏍᏗᎩᏓ ᏓᎾᏓᎴᎪ ᏳᏍᏗ,gesd yigegaksesdanesgo doyu uyo?i nundvhna handi gesdno yijigowd v yigolihga sgina hani hi v dinilawig undudal junjeli gvwsuyagid gehv danehv sgadug degohsvhwadisv?i junaksesdohdi sgidido nusd v ndigalsdohdisgvhno sgwu v gayohli gesv yikanohelh vsg jalag aniwonisgi gesv na jalag uniwonihisd unih sgiyusd aniwonisg uhnayv njundvnh na saluyiyv adohiyv v hlahno yundulisgo degaduhv ndodayundvnhdohdi v sgino jalag aniwonisg do anijalagi gesv ahanihno dunilvwsdaneh udli iga aniyoneg v sgihno sdikid dandalego yusd,"That’s true to some extent, because the Cherokee-speaking population who are monolingual are being left out on a lot of information.",,Interview with Wilbur Sequoyah,,31,Durbin Feeling,Durbin,Durbin,"not paid attention to, really, bad, their condition, they say, and not, I did not see, uh, I don’t understand, that, here, this, uh, council members, they are responsible, their people, elected by them, which is, where they live, country, establishments, to look after, that, really, it is, uh, because, and also, uh, some, which is, if you tell, that, Cherokee, speakers, which are, that, Cherokee, their speech, they have, that kind, speakers, out there, they are, that, woods, forest, uh, and not, they want, in town, to come to, uh, that, Cherokee, speakers, real, Cherokees, which is, and here, they are employed, more, amount, whites, uh, and that, a little, don’t agree, kind of",gesd yi-geg-a32-ksesda32nes-g-o doyu u-yo?i3 n-u-n-dvhn-a3 ha-n-di ge23sd-no v yi-g-o23lihg-a3 sgina3 hani32 hi? v di-ni-lawig3 u-n-dudal32 j-u-n-geli3 gv-w-suyagid23 g-ehv3 da-n-eh-v3 sgadug23 de-g-oh3svhwadi32s-v4?i j-u-n-aksesdoh3-di sgidi3-do nusd23 v n-di-g-al3sdoh3di3s-g-v4-hno3 sgwu3 v gayo23hli ges-v3 yi-k-ano3helh34 vsg jalag a-ni-woni23s-g-i ges-v3 na jalag u-ni-woni23hi-sd u-n-ih23 sgi-yusd23 a-ni-wonis-g23 uhna3yv n-j-u23-n-dvnh na3 salu3yi23-yv ado23hi-yv3 v hla-hno3 y-u-n-dulis-g-o de-ga3du23hv3 n-do-day-u3-n-dvnh-doh3-di v sgino3 jalag a-ni-wonis-g23 do a-ni-jalagi3 ges-v3 a3hani3-hno3 d-u-ni-lv23wsdaneh udli3 i23ga3 a-ni-yo3neg v sgi-hno3 sdi23kid d-a-n-dale32g-o3 yusd34,"not, nonF for-them pay-attention Prog Hab, really, 3 bad, Spec 3 Pl condition Pres, 3 Pl say, not and, uh, nonF 1 understand Pres, that, here, this, uh, Pl Pl council-member, 3 Pl responsible, Pl 3 Pl people, 3 Pl choose, be exP, Pl 3 Pl live exP, county, Pl 3 establish-county exP, Pl 3 Pl look-after Inf, that really, indeed, uh, Spec Pl 3 happen Prog exP and, also, uh, some, be exP, nonF 3 claim, that, cherokee, 3 Pl speak Prog Ag, be exP, that, cherokee, 3 Pl speak Inf, 3 Pl have, that kind, 3 Pl speak Prog, out-there, Spec Dst 3 Pl be-out-there, that, woods in, forest in, uh, not and, nonF 3 Pl want Prog Hab, in-town, Spec Dst motion-toward 3 Pl come-start Inf, uh, that, cherokee, 3 Pl speak Prog, real, 3 Pl cherokee, be exP, here and, Pl 3 Pl be-employed, more, much, 3 Pl white, uh, that and, a-little, Pl 3 Pl differ Prog Hab, kind"
,Cherokee Narratives,ᏙᎾᎯᏳᏍᏗ ᏗᏓᎴᏂᎭ ᏍᎩᏅ ᎣᏍᏓ ᎭᏂ ᎡᏍᎦᏃ ᎾᎥᏂᎨ ᎠᏂᏁᎩᎵ ᎣᏏ ᏳᏍᏗ ᏄᎾᏛᏅ ᎤᏙᏳ ᏗᎾᏁᏎᏍᎩ ᏕᎪᏍᎲ ᎢᎦᏓ ᏦᏍᏓ ᏓᏂᏁᎩᎵ Ꭴ ᏍᎩᎾ Ꭲ ᎯᏳ ᏫᏂᎦᎷᎬᎾ ᏥᎩ ᏍᎩᎾ ᏫᏗᎨᎦᏁᏍᎨᏗ ᎤᎾ ᎢᏴᎢ,donhiyusd didaleniha? sgina osd han esganh na?vnige aninegili ohsi yusd nundvhvn? udoyu housing degoshv igad josd daninegil v sgina i hiyu wingaluhgvn jig sgin widigeganehsgehdi una iyv?,"I’ve noticed that there are services such as housing, but why doesn’t it reach all the people?",,Interview with Wilbur Sequoyah,,32,Durbin Feeling,Wilbur,Wilbur,"what, it begins, that, good, here, nearer, nearer, dweller, fair, kind, they are, really, housing, department, some, good, their homes, uh, that, [hesitation], there, arrived has not, that, to be built for, there, degree of distance",donhi23yusd3 di-d-a3-leni3h-a sginv3ga osd3 han esga-nh23 nahni3ge a-ni23-negili ohsi3 yusd34 n-u-n-dvhvn? udoyu3 housing dego3shv3 igad3 j-osd d-a-ni-ne3gilv sgina3 hiyu3 wi-n-ga3luhgv-n34 wi-di-geganeh3sgehdi una iyv,"what, Dst there 3 start Pres, that, good, here, nearer and, nearer, 3 Pl dwell, fair, kind, Spec 3 Pl do, really, housing, department, a few, Pl good, Pl 3 Pl home, that, there, Tr Neg 3 arrive Neg, Trans Pl 3 Pl build-house Inf, there, distance"
,Cherokee Narratives,Ꭵ ᎢᎦᏓᏛ ᏍᏊ ᎠᏂᏣᎳᎩ ᏥᎩ ᏍᏊ Ꮭ ᏳᎾᏚᎵᏍᎪ Ꮭ Ꭵ Ꮭ ᏳᎾᏚᎵ,v igadadv sgwu anijalagi jig sgwu hla yundulisgo hla v hla yunduli,Some of the Cherokees would rather not receive such services.,,Interview with Wilbur Sequoyah,,33,Durbin Feeling,Durbin,Durbin,"uh, some, also, Cherokees, which are, also, not, they want, not, uh, not, they want",v i23ga3dv3 sgwu3 a-ni-jalagi3 j-ig sgwu hla y-u23-n-dulis-g-o3 hla3 v hla3 y-u23-n-duli,"uh, some, also, 3 Pl cherokee, Rel be, also, not, nonF 3 Pl want Prog Hab, not, uh, not, nonF 3 Pl want"
,Cherokee Narratives,ᎠᏂᎾᏰᏍᎬ,aninayesgv?,They are afraid of it?,,Interview with Wilbur Sequoyah,,34,Durbin Feeling,Wilbur,Wilbur,they fear,a-ni-naye3s-g-v,3 Pl fear Prog exP
,Cherokee Narratives,ᎥᎲ ᏍᎩ,vhv sgi,"Yes, that’s it.",,Interview with Wilbur Sequoyah,,35,Durbin Feeling,Durbin,Durbin,"yes, exactly",vhv3 sgi32,"yes, exactly"
,Cherokee Narratives,ᏣᏍᎪᏃ ᏯᏁᎭ ᎩᎶ ᏗᏂᎳᏫᎩ ᎣᏍᏓ ᏫᏗᎬᏩᏃᏏᏐᏗ,chasgon yaneha kilo dinilawig ohsd widigvwanosisohd,Aren’t there council members who can go and communicate with them?,,Interview with Wilbur Sequoyah,,36,Durbin Feeling,Wilbur,Wilbur,"isn’t there, living, someone, council, good, to explain",cha3sgon y-a-n-e3h-a kilo3 di-ni-lawig3 ohsd3 wi-di-gvw-ano3siso-hd,"is-it-not, nonF 3 Pl live Pres, someone, council, good, Tr Pl them explain-to-them Inf"
,Cherokee Narratives,ᎩᎳᏃ ᏍᎩᏴ ᎣᏣᎯᎵᏙ ᏓᏲᏣᎴᏅ ᏍᎩ ᏃᏣᏛᏁᎲ ᎣᏥᏃᎮᎵᏙᎲ Ꮎ Ꭵ ᎥᏍᎩ ᎢᎬᏩᎵᏍᏙᏗ ᎨᏒ ᏍᏗᎯᏓᏃ ᎣᎩᏍᎦᏃᎵ,kilahno sgiyv ojihilidoh dayojalenv sgi noja?advnehv ojihnohehlidohv na v vsgi igvwalsdohdi gesv sdihidhno ogisganol,I think we’re just now realizing how important it is to communicate in Cherokee.,,Interview with Wilbur Sequoyah,,37,Durbin Feeling,Durbin,Durbin,"just now, that, we are doing, we are going to, that, we are doing, reporting things, that, uh, that, to happen, which, a little, we are slow",kila-hno3 sgi-yv3 oji-hi3li23doh32 day-o23j-a3lenv sgi3 n-oj-adv3neh-v3 oji-hnohe23hli3do-hv na v vsgi ig-v23-w-als-doh-di3 ges-v3 sdi23hid-hno3 o-gi-sganol23,"now and, that exactly, they-and-I do, Fut they-and-I start, that, Spec they-and-I do exP, we Pl Ex going-around-reporting-things, that, uh, that, happen Pl Inf, be exP, a-little and, they-and-I Pl Ex slow"
,Cherokee Narratives,i what means speech not i do not know how to say it ᏳᏁᎦ ᎤᏤᎵ ᏓᎦᏙᎵᏏ Ꭵ breakdown communication ᎢᏳᏍᏗ ᎾᏆᎵᏍᏓᏁ ᏍᎩ Ꭿ,v what means speech not i do not know how to say it yuneg ujeli dagatolsi v breakdown communication iyuhsd nagwalsdahne sgina hi,It seems there’s a breakdown in communication.,,Interview with Wilbur Sequoyah,,38,Durbin Feeling,Wilbur,Wilbur,"yes, what means speech not I do not know how to say it, white person, his, I am going to borrow, uh, breakdown communication, kind, it seems to me, that, this",v yu3neg u-hne3?i-sd ge3 iji-ga32tah i3gvnhdi3 yu3neg u-jeli3 da-g-a32tolsi32 v breakdown communication iyuhsd n-agw-alsda32hn-e3 sgina3 hi,"uh, white-man, 3 utterance Inf, was, I do not know, how-say-it, white-man, 3 possessed, Fut 1 borrow, uh, breakdown, communication, kind, Spec it-me seem repP, that, this"
,Cherokee Narratives,ᏍᎩᏃ Ꭵ ᏗᏓᎴᏅᎢᏍᏗ ᎨᏒ Ꮎ Ꭵ ᏛᏟᏃᎮᏟᏙᎲ ᏍᎩᎾ ᎤᏟ ᎢᎦ,sgihno v didalehnv?isdi gesv na v dvhlinohehlidohv sgina udli iga,Yes. That’s a big problem.,,Interview with Wilbur Sequoyah,,39,Durbin Feeling,Durbin,Durbin,"and that, uh, to differ, which, that, uh, in communication, that, much, more",sgi-hno3 v di-d-a-lehnv3?is-di3 ges-v3 na v d-v-hlinohe23hli3doh-v3 sgina3 udli3 i23ga,"that and, uh, Dst Pl differ Pl Inf, be exP, that, uh, Dst Pl 3 speak exP, that, much, more"
,Cherokee Narratives,ᎠᏎᏃᎨ ᎢᏥᎯᎵ ᏍᎩᎾ ᎣᏍᏓ ᎢᏨᏁᏗ,asenoge ijihili sgina ohsd ijvnhdi?,But you’re correcting that situation?,,Interview with Wilbur Sequoyah,,40,Durbin Feeling,Wilbur,Wilbur,"but, you are continuing, that, good, to do",ahs3no3ge iji-hiye3 sgina3 ohsd ij-vn-hdi?,"but, you Pl work, that, good, you-do Inf"
,Cherokee Narratives,Ꭵ ᎣᏥᎯᎵᏛ,v ojihi?lidv,We are working on it.,,Interview with Wilbur Sequoyah,,41,Durbin Feeling,Durbin,Durbin,"yes, we are working toward it",v oji-hi?32d-v,"yes, they-and-I work-toward exP"
,Cherokee Narratives,ᏔᎵᎭ ᎾᏕᏘᏴ ᏃᎴ ᎡᎵᏍᏗ ᏰᎵᏭ ᏍᏗᎩᏓ ᎣᏍᏛ ᎢᏳᎵᏍᏔᏂᏓ ᎨᎮᏍᏗ,ta?liha nadetiyv nowle elisd yeliw sdikid ohsdv iyulstanid gehesd?,Maybe within the next two years?,,Interview with Wilbur Sequoyah,,42,Durbin Feeling,Wilbur,Wilbur,"two years from now, I suppose, possible, a little, good, become, it will be",ta?li-ha3 nadeti23yv no23wle e34lisd y-eliw23 sdi34kid ohsdv3 iyu-lstanidas-di geh-esd3,"two Num, year away, then, supposedly, nonF possible, a-little, good, 3 happen Inf, be Fut-Prog"
,Cherokee Narratives,i about five maybe,v about five maybe,Maybe about five.,,Interview with Wilbur Sequoyah,,43,Durbin Feeling,Durbin,Durbin,"yes, about five maybe",v about five maybe,"yes, about five maybe"
,Cherokee Narratives,maybe never ᏂᏗᎦᎵᏍᏙᏗᎲ ᎠᏕᎳ ᎧᏂᎦᏗ ᏍᏊᏅ ᎠᏎ ᎡᎳᏗ ᏁᏨᏁ ᎠᏕᎳ,maybe never ndigalsdohdihv adel kanigadi sgwuhnv ase elad nejvhne adel?,"Maybe never, because of budget cuts.",,Interview with Wilbur Sequoyah,,44,Durbin Feeling,Wilbur,Wilbur,"maybe never, because, money, lacking, and also, probably, lowered, they are lowering your budget",maybe never ndi3gal3sdoh3di3hv3 adel23 ka-nigadi3 sgwu23-hnv3 ase3 elad n-e-jv3hn-e adel23?,"maybe never, because, money, 3 lack, also and, probably, lowered, Spec 3 done repP, money"
,Cherokee Narratives,ᎢᎸᏍᎩᏛ ᎢᏯᏂ ᏕᎨᏥᏲᏌ ᏚᏂᎸᏫᏍᏓᏁᎲ ᎠᎭᏂ ᎯᎠᏊ ᏏᏅᏓ ᏔᎵ ᎢᏅᏓ ᏥᎨᏒ,ilvsgidv iyani degejiyos dunilvwisdanehv ahan hi?agw sinvd ta?l invd jigesv,There have been a few that have been laid off here.,,Interview with Wilbur Sequoyah,,45,Durbin Feeling,Durbin,Durbin,"a few of them, released, their working, here, just this, month, two, months, much it was",ilv23sgi-dv3 iya3ni de-ge3-ji3yos d-u-ni-lv23wsdaneh-v a3han hi?a-gw3 sinvd23 ta?l3 invd34 ji-ges-v3,"a-few Emp, of-them, Pl they fire, Pl 3 Pl work exP, here, this just, month, two, month, Rel be exP"
,Cherokee Narratives,ᎡᎵᏍᏗ ᏃᏭ ᎦᏲᎳ ᎢᏳᏍᏗ ᏂᏗᎦᎵᏍᏙᏗᏍᎬ ᏍᎩᎾ ᏍᎩᏳ ᏫᏂᎦᎷᎬᎾ ᎨᎲ ᏍᎩᎾ ᎣᏍᏓ ᎢᏳᎾᎵᏍᏓᏁᏗ ᏕᏥᎸᏫᏍᏓᏁᎲ ᏃᎴ ᏂᏗᎦᎵᏍᏙᏗᎭ ᎨᏍᏗ ᏳᎾᏚᎵ ᎤᏅᏌ ᎭᏂᎾᏰᏍᎦ ᏧᎾᏓᏂᎸᎢᏍᏗ,elisdi now gayol iyusd ndigalsdohdisgv sgina sgiyu winiga?luhgvn gehv sgina ohsd iyunalsdahne dejilvhwisdanehv nowle ndigalsdohdiha gesd yunduli unvhsa haninayehsga jundanilv?isdi,I guess it hasn’t picked up with the rest of them because they are afraid to accept those services.,,Interview with Wilbur Sequoyah,,46,Durbin Feeling,Wilbur,Wilbur,"it seems, now, small amount, kind, because, that, there, it has not arrived, which that, good, happen to them, you are working, and, because, not, they do not want, themselves, they fear, to accept",e34lisdi3 now23 gayol23 iyusd3 ndigal3sdohdi3sgv sgina3 sgi32yu wi-ni-g-a3?luhgvn23 geh-v3 sgina3 ohsd3 yu3n-alsdahne3di de3-ji-lv3hwisda32neh-v3 no23wle3 ndigal3sdohdi3ha gesd23 y-u23-n-duli3 u-n-vh4sa ha-ni-nayeh4s-g-a j-u-n-dani23lv3?is-di3,"it-seems, now, small-amount, kind, because-of-that, that, there, Tr Neg 3 arrive Neg, be exP, that, good, they 3 Pl happen Inf, Pl you-Pl work exP, and, 3 happen Pres, not, nonF 3 Pl want, 3 Pl self, 3 Pl fear Prog Pres, Pl 3 accept Inf"
,Cherokee Narratives,ᏍᎩᏍ,sgis?,Is that it?,,Interview with Wilbur Sequoyah,,47,Durbin Feeling,Durbin,Durbin,is that it,sgi-s,that-it Ques
,Cherokee Narratives,ᎥᎲ,vhv,Yes.,,Interview with Wilbur Sequoyah,,48,Durbin Feeling,Wilbur,Wilbur,yes,vhv3,yes
,Cherokee Narratives,ᏍᎨᎠ ᏄᏍᏗ ᏴᏫᏯ ᎠᏎ that is the Indian way ᎠᏛᏗ ᎢᎦᏓ,sge?a nuhsd yvwiya ahse that is the Indian way atdi gad,I guess that’s just the Indian way.,,Interview with Wilbur Sequoyah,,49,Durbin Feeling,Wilbur,Wilbur,"that is, it is, Indian, probably, that is the Indian way, you might say, some",sge3?a nuhsd3 yvwi-ya3 a23hse3 that is the Indian way a4-tdi i23gad3,"that-is, it-is, person real, probably, that is the Indian way, say Inf, some"
,Cherokee Narratives,ᎠᏎᏍᎩᏂ ᎠᏊ ᎨᎵᏍᎪ ᏴᏫ Ꭵ ᎣᏍᏓ ᏱᏗᎧᏃᎯᏎᎳ Ꭵ ᎢᎬᏩᎵᏍᏔᏂᏓᏍᏗ ᎨᏒ ᏯᏃᎵᎩ ᎨᎵ ᏳᎾᏚᎳ ᎤᎾᏖᎳᏗᏍᏗ,asesgin agwu gelisgo ayv v osd yidikanosel v igvwalstanidasdi gesv yanolhgi geli yunadul unteldisdi,"But I believe that if you gave them the complete information, they would accept it.",,Interview with Wilbur Sequoyah,,50,Durbin Feeling,Durbin,Durbin,"but, nearby, I think, I, uh, good, if you tell them, uh, what might be the possibilities, which are, they would understand, I think, they would want, to join",ase3gin3 agwu3 g-eli32s-g-o3 ayv v osd23 yi-di-k-anosel34 v i-gv3-w-alstani23das-di3 ges-v3 y-a-nolhgi3 g-eli32 y-u-n-adul23 u-n-teldis-di3,"but, close-by, 1 think Prog Hab, I, uh, good, nonF Pl 3 tell, uh, you/them happen Inf, be exP, nonF 3 understand, 1 think, nonF 3 Pl want, 3 Pl join Inf"
,Cherokee Narratives,ᏱᏓᏥᎶᏍᏔᏂ ᎠᏴ ᎤᏐᏱ ᎠᏴ ᏐᏱᏣᎨᎲ ᎠᎬᏱ,yidahchilostani ay usoyi ay soy jigehv agvyi,It was the same with us.,,Interview with Wilbur Sequoyah,,51,Durbin Feeling,Wilbur,Wilbur,"as an illustration, we, same, we, same, if was, first",y-idah3chilosta-n3di ay uso4yi ay3 soy3 ji-geh-v3 agvyi,"nonF give-example Inf, we, same, we, same, Pst be exP, first"
,Cherokee Narratives,Ꮎ ᏣᏅᏔ mutual help program ᏃᏊ ᎠᏴ ᏬᎩᎷᏤᎳ ᏍᎩ ᏳᏍᏗ Ꭵ ᎠᎬᏱ ᏍᏊ ᎠᎩᏍᏚᎢᏒᎢ ᏥᎣᎵ ᎠᏴ ᏍᎩ ᏱᎬᏆᏚᎳ ᏩᏥᎾ ᏍᎩᎾ ᏄᏍᏛ ᏧᏛᏅᎢᏍᏗ ᎠᏎᏃ ᎠᏂᏃᎮᏍᎬ ᏂᎦᏓ ᎤᏬᏚᎯ ᏄᏅᏁᎴᎸ ᏍᎩᎾᎢ ᎤᏲᎢ ᏂᏣᏛᏅ ᏕᏥᏁᎩᎸ OᏍᏓ ᏂᏓᏨᏴᏁᎵ ᏃᎴ ᎠᏈᏱᏗ ᎨᏒ ᏍᏗ ᏓᏣᏈᏴᎮᏏ ᏃᏊᏃ Ꮩ ᏱᎦᎵᏍᏓ ᎬᏈᏱᏗ ᏂᎨᏒᎾ ᏱᎩ ᎦᏙᎯ ᎠᏓᏁᎵ ᏱᎩ ᎦᏲᏟ ᏩᏥᎾ ᎤᏓᏁᏖᏗ ᏱᎩ ᏍᎩᎾ ᎦᎵᏐᏕ ᏗᎾᏁᏍᎨᏍᎩ ᎨᎲ Qualla houses ᎠᎾᏗᏍᎪ ᏍᎩᎿ ᎠᏂ ᎤᎾᏤᎵ ᏂᎦᎵᏍᏗ ᏍᎩ ᎢᎦ ᏓᏲᏒ ᎦᎵᏐᏕ ᎠᏌᎲ ᎠᏀᏁᏍᎨᎲᎴ ᏱᎩ ᎯᎸᎯᏳ ᏃᏊ ᎠᏴ ᏆᏤᎵ ᎢᎬᏩᎵᏍᏙᏗ ᏯᎩᏄᎸᎿ ᎠᏆᏈᏴᏗ ᎦᎵᏐᏕ ᎠᎩᏲᎱᏍᎸ ᏱᎩ ᎦᏙᎯ ᏱᏚᎾᏓᏂᎸᏣ that is just the Indian way ᏳᏁᎦ ᎬᎾᏗ ᎦᏬᏂᎯᏍᏗ,na janht mutual help program now ay wogiluhchel sgi yuhsd v agvyi sgwu agisdu?isv?i ji?oli ay sgi yigvgwadul wajin sgina nusdv judvnv?isd aseno anihnohesgv nigad uwoduhi nunvnelv sgina?i uyo?i nijadvhnv dejingilv osda nidajvyvnel nole akwiyhdi gesv sdi dajakwiyvhesi nownh do yigalsd gvkwiyhd nigesvna yigi gadoh adahnel yig gayohli wajin udanhtehd yig sgina galsode dinahnesgesgi gehv Qualla houses andisgo sgihna an unjeli nigalsdi sgi iga dayohsv galsode asahv anahnesgehvle yigi hilvhiyu now ay gwajeli igvwalsdohd yaginulvnh agwakwiyvdi galsode agiyohu slv yig gadoh sgiha unitsgwis aninayesg sgino usoy nunasdv hi jinunasd saluy dineh chadiha sginaha gesd gasanul yidundanilvj that is just the Indian way yuneg gvnhd gawonihisd,"They would tell us about all these services they had to offer, but I was the first to speak up against it.",,Interview with Wilbur Sequoyah,,52,Durbin Feeling,Wilbur,Wilbur,"that, you know, mutual help program, when we, it came to us, that kind, uh, at first, also, I opened my mouth, I, that, I would not get, that, type, provision, but, they talked about, all, pretty, they did, that, bad, your situation, you dwell, good, we will do, and, to pay, which is, little, you will pay, and then, what, would happen, to pay, without, if, land, to give, if, little, U.S. government, authority, would be, that, house, builders, which, Qualla, houses, they say, that, here, theirs, it becomes, that, much, let go, house, in addition to, their building, if, never, then, I, mine, to happen, if I fail, for me to pay, house, lost, if, land, they accepted, that is just the Indian way, English, with, speech",na3 j-anht mutual help program now23 ay w-ogi3-luhch-el23 sgi yuhsd23 v agvyi sgwu3 a3k-sdu3?is-v ji?-o23li ay sgi yi23-gv3-gwadul23 wajin3 sgina3 nusdv j-u-dvnv3?i-sd ase3no3 a-ni-hnohe23s-g-v3 nigad3 u-woduhi3 n-u-n-v3nel-v3 sgina3?i u-yo?i3 ni-j-advhn-v3 de3-ji-ngil3v osd23 ni-d-ajvyv32n-el23 no23le3 akw-iyh-di3 ges-v3 sdi d-a-j-akwi3yvhes-i43 nownh3 do yi-g-alsd3 gv-kwiyhd ni-ge3sv34-na y-i4gi gadoh a-da-hnel23 y-ig gay34ohli wajin udanh23tehd y-ig23 sgina3 galso23de3 di-n-ahnesge23s-g-i geh-v3 Qualla houses a-n3-di3s-g-o sgihna3 an u-n-jeli ni-g-alsdi3 sgi iga3 d-a-yohs-v galso23de3 asahv a-n-ahne3sgehv3l-e y-i4gi hil3vhiyu3 now ay3 gw-ajeli3 ig-v3walsdohd y-agi3-nulvnh3 agw-akwih-di3 galso23de3 agi-yohu3sl-v3 y-ig23 gadoh3 sgi3-ha u-ni3-tsgwis3 a-n-inayes-g3 sgi-no3 usoy23 n-u-nasd-v3 hi ji-n-unasd3 salu-y3 di-n-eh3 ch-adi3h-a3 sgina3-ha gesd23 gasanul23 yi-d-u-n3danilvj3 that is just the Indian way yu3neg gvnhd3 ga-wo3nihis-d,"that, you know, mutual help program, when we, Tr you-all-and-I come-to Dat, that, kind, uh, first, also, 1 open exP, 1Pos mouth, I, that, nonF 1 want, u.s.-government/virginia, that, type, Rel 3 provide Inf, but, 3 Pl talk-about Prog exP, all, 3 pretty, Spec 3 Pl do exP, that, 3 bad, you Pl in-situation Pl, Pl Loc 2 Pl where-live, good, Fut we/you fix Dat, and, 1 pay Inf, be exP, little, Fut two pay Fut, and then, what, nonF 3 happen, to-pay, Neg be Neg, nonF be, land, if, had-been-given, nonF be, few, u.s.-government, authority, nonF be, that, house, Pl Pl build Prog Ag, be exP, Qualla, houses, 3 Pl say Prog Hab, that, here, 3 Pl possess, ni 3 become, that, much, Pl 3 let-go exP, house, on-top, 3 Pl build repP, nonF be, never, then, I, 1 possessed, 1 happen, nonF 1 fail, 1 pay Inf, house, 1 lose exP, nonF be, land, that exactly, 3 Pl much, 3 Pl afraid Prog, that and, same, Spec 3 become exP, these, you Pl become-same, woods in, Pl Pl live, 2 say Pres, that exactly, not, fast, nonF Pl 3 Pl accept, that is just the Indian way, english, with, 3 speak Inf"
,Cherokee Narratives,ᎦᏙᎲ ᎢᏣᏛᏁᎴ Ꭵ ᎡᎵᏊ ᏚᎾᏓᏂᎸᏣ,gadohv ijadvnele v eligw dundanilvje?,How did your people come to accept it?,,Interview with Wilbur Sequoyah,,53,Durbin Feeling,Durbin,Durbin,"what, you did, uh, possible, they accepted",gadohv3 ij-adv3nel-e3 v eligw23 d-u-n3-danilv3j-e3,"what, youPl do repP, uh, possible, Pl 3 Pl accept repP"
,Cherokee Narratives,Ꭵ ᎢᎦᏓᏃ ᎤᎾᏧᏴ ᏚᏂᎩᏒ ᏃᏊ ᏍᎩᎾ as time went on now ᎠᏂᎪᏩᏘᏍᎬ ᎣᏏ ᎨᎲᎢ ᏃᎴ ᏍᎩᎾ ᎤᏩᏌ ᎢᎬᏩᏅᏁᏗ ᏃᏊ ᎦᏌᏄ ᎣᏍᏓ ᎦᎵᏐᏕ ᎬᏩᏂᎩᏍᏗ ᎨᎲᎢ ᏃᏊ ᏓᏂᎪᏩᏘᏍᎬ ᏃᏊ ᎠᏴᏗ ᏃᏊ ᏍᏊ ᎭᏩᏚᎵ ᏍᎩᏳᏍᏗ ᏃᏊ ᎠᏂᏔᏲᎲ ᏃᏊ ᎡᎵ ᎬᏩᏂᎩᏍᏗ ᏭᏟᏰᎶᏢ,v igadno unatsuyv dunigisv now sgina as time went on now anigowhtisgv osi gehv?i nole sgina uwahsa igvwanvn now gasanu ohsd galsode gvwanigisd gehv?i now danigowahtisgv now aydi now sgwu hawaduli sgiyusdi now anitayohv now eli gvwanigisd wuhliye?hlv,"There were a few who readily accepted, and then when others saw that it was working for them, the rest followed.",,Interview with Wilbur Sequoyah,,54,Durbin Feeling,Wilbur,Wilbur,"uh, some, were among, they received, then, that, as time went on now, they saw, all right, it was, and, that, self, to do it, themselves, then, fast, good, house, they could get, was, now, as they saw, now, I, also, now, also, I want, that kind, now, they asked for, now, possible, they could get it, it got to the point",v igad3-no3 u-n-atsu3y-v d-u-n-igi3s-v no3 sgina3 as time went on now a-ni-gowhti3s-g-v osi3 geh-v3?i nole3 sgi3na3 u-wah3sa igv3w-anvn3di o3 gasanul ohsd galso23de3 gv-w-anigis-d geh-v4?i now23 d-a-n-igowahti23s-g-v now23 ay23-di now23 sgwu3 hawa-duli3 sgi-yu4sdi now23 a-ni-tayoh-v3 now23 eli3 gv-w-a-nigis-d wuhliye3?hlv,"uh, some and, 3 Pl be-among exP, Pl 3 Pl receive exP, then, that, as time went on now, 3 Pl see Prog exP, ok, be exP, and, that, 3 self, 3 do Inf, then, fast, good, house, 3 could-get, be exP, now, Pl 3 Pl see Prog exP, now, I also, now, also, 1 want, that kind, now, 3 Pl ask exP, now, possible, 3 could-get, because"
,Cherokee Narratives,ᏏᎮ ᎪᎱᏍᏗ,sihke gohusd?,Anything else?,,Interview with Wilbur Sequoyah,,55,Durbin Feeling,Wilbur,Wilbur,"still, something",sihke3 gohusd?,"still, something"
,Cherokee Narratives,ᎪᏪᎵ ᏗᏣᏁᏍᏗ ᏱᏦᏪᎳᏅ ᏱᏍᎩᏁᎳ ᏱᏕᎾᏓᏙᎮᎳᏏ ᎪᏪᎵ ᎠᎯᎢᎵᏒ ᏱᏣᏚᎵ,gohwel dijanesdi yijohwelan yiskinel yidendadohwelas gohwel ahli?ilisv yijaduli,"If you would give me your address, we could correspond.",,Interview with Wilbur Sequoyah,,56,Durbin Feeling,Durbin,Durbin,"letters, where you get, if you write, if you give me, we could write to each other, letters, sometime, if you want",gohwel d-ij-anes-di3 yi-j-o23hwe34lan yi-ski3-nel34 y-i-de-n3-dadohwe23las32 gohwel ahli3?ili3sv yi-j-adu3li,"letter, Dst you-all get Inf, nonF 2 write, nonF you/me give, nonF Pl you/I write each-other, letter, sometime, nonF 2 want"
,Cherokee Narratives,ᎣᏏᏊ ᎨᏍᏗᏃ ᏗᎪᏪᎵᏍᎩ ᏱᎩ ᏥᎦ ᎭᏎᏃ ᏰᎵᏊ ᏍᎦᏃᎵ ᎠᏉᏪᎶᏗ ᎦᏲᏟ ᏍᏊ Ꮟ ᎦᏙᎴᏆ ᏗᏉᏪᎶᏗ,ohsigw gesdno digowelisg yig jiga haseno yeligw sganol agwowelod gayotli sgwu si gadolehgwa digwowelodi,"That would be all right, although I am just now learning.",,Interview with Wilbur Sequoyah,,57,Durbin Feeling,Wilbur,Wilbur,"good, and, written, not, much, but, possible, slow, I could write, a little, also, still, I am learning, to write",ohsi-gw23 gesd3-no di-g-owelisg3 y-ig j-iga3 hase3no y-eligw3 sganol3 agw-owe3lod gayolh3 sgwu ki3 g-adoleh3gwa di-gw-owelodi3,"good just, not and, Pl 1 write, nonF bePl, quantity, but, nonF possible, slow, 1 write, a-little, also, just now, 1 learn, Pl 1 write"
,Cherokee Narratives,ᏍᎩᏛ ᎿᏛᏁᎲ ᏱᏕᎭᏕᎰᎶᏆ,sgidv hnadvnehv yidehadehlogw,That’s how you can learn.,,Interview with Wilbur Sequoyah,,58,Durbin Feeling,Durbin,Durbin,"that, as you do, you will learn",sgi-dv3 h-n-adv3neh-v yi-de23-ha3dehlogw3,"that Emp, 2 Spec do exP, nonF Pl 2 learn"
,Cherokee Narratives,ᏔᎵᏍᎪ ᏔᎵ ᎢᏯᏆᏕᏘᏴᏓ ᎨᏒ ᏓᏆᏕᎵᏆ ᏗᏉᎮᎶᏗ,ta?lsgo ta?li iyagwadetiyvd gesv dagwadelhgwa digwohwelodi,I was twenty-two years old before I started writing.,,Interview with Wilbur Sequoyah,,59,Durbin Feeling,Durbin,Durbin,"twenty, two, years old, was, I learned, to write",ta?l-sgo23 ta?li3 iya3gwadetiyvd23 ges-v3 d-agw-adel23hgw-a di-gw-ohwe23lo32-di,"two ten, two, year-old, be exP, Pl 1 learn Pres, Pl 1 write Inf"
,Cherokee Narratives,I learned how to read when I was ten ᏍᎪᎯ ᏯᏆᎠᏕᏘᏴᏓ ᎨᏒ ᏗᎩᎪᎵᎡᏗ ᎠᏆᏕᎵᏆ ᏗᏉᎮᎶᏗhᏃ ᏔᎵᏍᎪ ᏔᎵ ᎢᏯᏆᏕᏘᏴᏓ,I learned how to read when I was ten sgohi yagwadetiyvd gesv digigoliyedi agwadelhgwa digwohwelodinh ta?lsgoh ta?l iyagwadetiyvd,"I learned to read when I was ten, but I didn’t learn to write until I was twenty-two.",,Interview with Wilbur Sequoyah,,60,Durbin Feeling,Durbin,Durbin,"I learned how to read when I was ten, ten, years old, was, to read, when I learned, and to write, twenty, two, years old",I learned how to read when I was ten sgoh23 y-a3gw-adetiyvd23 ges-v3 di-gi-goli23ye32-di3 agw-adelh23gw-a di-gw-ohwe23lo32-di-nh23 ta?l32-sgoh ta?l32 iya3gwadetiyvd23,"I learned how to read when I was ten, ten, nonF 1 year-old, be exP, Pl 1 read Inf, 1 learn Pres, Pl 1 write Inf, and, two ten, two, years-old"
,Cherokee Narratives,ᎠᏂᏲᏍᎩ ᏥᏯᎥ ᎡᏣᏃ ᏣᎨᏒ ᏫᏓᏉᎮᎳᏁᎰ ᏗᏣᎳᎩᎭ ᏲᏁ ᎬᏗ ᏕᎪᏪᎵᏍᎪ,aniyosgi jiya?v ejihno jigesv widagwohwelaneho dijalagiha yoneg gvhd degowelisgo,"I was in the army, and my mother would write to me in Cherokee, and I’d write back in English.",,Interview with Wilbur Sequoyah,,61,Durbin Feeling,Durbin,Durbin,"military service, I was in, and my mother, who was, she would write to me, in Cherokee, English, with, I wrote back",a-n-iyo3s-g-i jiy-a3?-v e-ji23-hno3 ji-ges-v3 wi-d-agw-o3hwelaneh-o3 di-jalagi-ha3 yo3neg gvhd3 de-g-o32we23li32s-g-o3,"3 Pl be-soldier Prog Ag, 1 be-in exP, 1Pos mother and, Rel be exP, Tr Pl he/me write Hab, Pl cherokee in, english, with, Pl 1 write Prog Hab"
,Cherokee Narratives,ᏢᏴ ᎠᏆᏓᎾᏢ ᏗᏣᎳᎩ ᏙᏓᎪᏪᎳᏂ ᏔᎵ ᎾᏆᏁᎵᏔᏅ ᏓᏆᏕᎳᏆᎥ ᏗᏉᏪᎶᏗ,dlvyv agwadanhtehlv djalag dodagowelan ta?li nagwanelhtanv dagwadelhgwa?v digwohwelodi,Then I made myself write in Cherokee.,,Interview with Wilbur Sequoyah,,62,Durbin Feeling,Durbin,Durbin,"finally, I thought, Cherokee, I am going to write, two, attempts, I learned, to write",dlv32yv3 agw-adanhte23hl-v3 di-jalag do-d-ag-o32we23lan32 ta?l32 n-agw-a3nelhta3n-v3 d-agw-adelhgwa3?-v3 di-gw-ohwe23lo32-di3,"finally, 1 think exP, Pl cherokee, Fut Pl 1 write, two n, 1 attempt exP, Pl 1 learn exP, Pl 1 write Inf"
,Cherokee Narratives,ᏍᎩ ᏱᏂᏣᏛᏁᎵ ᏍᏊ ᏯᏕᎶᏆ ᏗᏦᏪᎶᏗ,sgi yinjadvnel sgwu hyadelohgwa dijowelodi,"If you’ll do that, you’ll learn.",,Interview with Wilbur Sequoyah,,63,Durbin Feeling,Durbin,Durbin,"that, if you do, also, you will learn, to write",sgi3 yi-n-j-adv32nel23 sgwu yi-de23h-a3dehlohgw3 di-j-owe23lo32-di3,"that, nonF Spec 2 do, also, nonF Pl 2 learn, Pl 2 write Inf"
,Cherokee Narratives,ᎠᏴᏗ ᏅᎭᏍᎪ ᏯᏆᏕᎲ ᎤᎶᏒᏍᏗ ᎡᎵᏍᏗ ᎨᎮ ᎩᎳ,aydi nvhasgo yagwadehyv ulohsvsd elisd gehe kil,I think I’ll be forty years old before I learn.,,Interview with Wilbur Sequoyah,,64,Durbin Feeling,Wilbur,Wilbur,"I, forty, years old, past, probably, will be, until",ay-di3 nvh3a-sgo3 y-a3gw-adehy-v3 ulohsvsd3 e34lisd geh-e3 kil,"I also, four ten, nonF 1 year-old exP, past, probably, be repP, until"
,Cherokee Narratives,ᏍᎩ ᏱᎾᏆᏛᏁᎴ ᎠᏂᏲᏍᎩᎢ ᎤᏥᏅᎮ ᏱᏭᎾᏓᎨᏎ ᏱᏮᎩᏍᏚᏃ censorship ᏳᏂᏲᏍᏔᏃᏁ ᎪᏪᎵ,sgi yinagwadvnele aniyohsgi?i ujinvhe yiwundagese yiwvksduhnenh censorship yuniyostanohne gowel,"If I had done that when I was in the military service, they would have torn up my letters and thrown me in jail.",,Interview with Wilbur Sequoyah,,65,Durbin Feeling,Wilbur,Wilbur,"that, if I did, military service, away, they would have thrown, I would have been jailed, censorship, they would have torn up, letter",sgi3 yi-n-a3gw-adv3nel-e3 a-ni-yoh3sgoi uji23nv4h-u3 yi-w-u23-n-dages-e3 yi-wv23-ksduhnenh3 censorship y-u-ni3-yostano3hn-e3 gowel,"that, nonF Spec 1 do repP, 3 Pl be-soldier, away repP, nonF Tr 3 Pl throw repP, nonF 1 would-be-jailed, censorship, nonF 3 Pl tear-up repP, letter"
,Cherokee Narratives,ᏱᏦᏪᎳᎾᏛ ᏇᏪᎵ ᏗᏣᏁᏍᏗ,yijohwelandv gohwel dijanesdi,You can write your address here.,,Interview with Wilbur Sequoyah,,66,Durbin Feeling,Durbin,Durbin,"if you will write, letters, where you get them",yi-j-o23hwe34land-v3 gohwel di-j-anes-di3,"nonF 2 write exP, letter, Pl 2 receive Inf"
,Cherokee Narratives,ᎨᏍᏗ ᎲᏍᏊ Ꮵ Ꭶ ᏱᏥᏏᎾ ᏗᏉᏪᎶᏗ ᏣᏁᎵᏁ ᏩᏆᎴᎲ ᎨᏍᏗ ᏗᎩᏍᎦᏛ ᏱᎩ,gesd hvsgwu ji ga yijisina digwohwelodi chaneline wagwalehnv gesd diksgwadv yig,I can write very well; I’ve only finished the eighth grade.,,Interview with Wilbur Sequoyah,,67,Durbin Feeling,Wilbur,Wilbur,"not, also, much, quantity, I know, to write, eight, I have gone to, not, I have not finished, is",gest3 hvsgwu3 ji ga3 yi-ji3-sin-a3 di-gw-ohw e23lo-di chanel-ine3 w-agw-alehn-v3 gesd23 d-iksgwa-dv3 y-ig,"not, also, much, quantity, nonF 1 know Pres, Pl 1 write Inf, eight Ord, Tr 1 go-to exP, not, 1 have-finished, nonF"
,Cherokee Narratives,ᏍᎩᏊᏧ ᏂᎦ,sgigwuju niga?,Is that all?,,Interview with Wilbur Sequoyah,,68,Durbin Feeling,Wilbur,Wilbur,"that, just, all",sgi-gwu3-ju3 niga3?,"that just Ques, all"
,Cherokee Narratives,Ꭵ ᏍᎩᏊᏛ ᎬᏯᎵᎡᎵᏥᏏ,v sgigwudv gvyali?elichisi,"Yes, that’s all. Thank you.",,Interview with Wilbur Sequoyah,,69,Durbin Feeling,Durbin,Durbin,"yes, that is, I am thankful to you",v sgi-gwu3-dv3 gv-yali?e23li32chisi32,"yes, that just Emp, I-you thank"
,Cherokee Narratives,ᏣᎵ ᎧᏄᎾ ᎣᏦᏎᎲ ᏣᎳᎩ ᎬᏅᏗ ᏚᏙᎥ,jali kanuna ojosehv jalagi gvnhd dudo?v,"We called him Charles ""Bullfrog"" in Cherokee.",,Throw it Home,,1,Mose Killer,,,"Charlie Canoe, we called him, Cherokee, by means of, his name was",jal23i kanuna oj-oseh-v jalagi gvnhd d-u-do?-v,"charlie canoe, they-and-I call exP, cherokee, in, Pl 3be-named Exp"
,Cherokee Narratives,ᏣᎵ ᎧᏄᎾ ᏲᏁᎦ ᎬᏂᏗ,charlie canoe yoneg gvnhd,His name was Charlie Canoe in English.,,Throw it Home,,2,Mose Killer,,,"Charlie Canoe, English, in (by means of)",charlie canoe yoneg gvnhd,"charlie canoe, english, in"
,Cherokee Narratives,ᏦᏥᏲᏟ ᏙᎦᏛᏏᏗᏒ ᏂᎪᎸ ᎪᏍᏗ ᎣᎩᏃᏎᎰ ᎧᏃᎮᏢᏗ ᎤᎿᏛ ᏲᎦᏓᏕᏯᏍᏗ ᎨᎲ ᎤᎸᏊᏗᏅᏍᏊ ᎨᎲ ᎤᏬᏂᎯᏍᏗ,jojiyolh dogatvsidisv nigolv gosd ogihnoseho kanohetlvdi uhnadv yogadadeysd gehv ulvkwdinsgwu gehv uwonihisdi,"When we were growing up, we would gather around him, and he would always tell us stories.",,Throw it Home,,3,Mose Killer,,,"we children, as we were growing up, always, something, he would tell us, stories, there is where, we would gather around, was, and he liked, was, him to talk",j-oji-yolh d-og-atvsi-dis-v nigo23lv gosd ogi-hnoseh-o kanohetlvdi uhna-dv y-og-adadeysd geh-v u-lv23kwdi-n-sgwu geh-v ga-wonihis-di,"Pl they-and-1Pos child, Pl they-and-I grow Inc exP, always, something, they-and-I tell Hab, stories, there Emp, nonF they-and-I gather, be exP, 3 like and just, be exP, 3 speak Inf"
,Cherokee Narratives,ᏔᎵ Ꮲ ᎾᏕᏘᏴ ᏥᎨᎲ ᏂᎨᏒᎾᏊᎴ ᏱᎩ ᎤᏲᎱᏒ,ta?l dlv nadetiy jigehv nigesvnagwule yig uyohusv,"He died about two years ago, maybe even less than that.",,Throw it Home,,4,Mose Killer,,,"two, about, years ago, when it was, or less than that, it may be, he died",ta?l hlv nadetiy ji-geh-v ni-ges-v na-gwu-le y-ig u-yohus-v,"two about, years ago, Rel be exP, Neg be exP, Neg just or, nonF be, 3 die exP"
,Cherokee Narratives,ᏍᎩᏅ ᎠᏑᏂᏙ ᎨᎲ,sgihnv asuhnidoh gehv,He really liked to fish.,,Throw it Home,,5,Mose Killer,,,"he he, a fisher, was one",sgi-hnv a-suhnidoh geh-v,"that and, 3 fish, be exP"
,Cherokee Narratives,ᏍᏊ ᎣᎩᏃᏎᎸ ᎤᏁᏦᏂᏙᎸ ᎢᎦᏓ ᎠᎾᏁᏣᎥᏍᎬ ᎠᎾᏗᎰ ᎢᎦᏓᏅ ᎠᎾᎳᏍᎦᎵᏍᎬ ᎠᎾᏗᎰ baseball,sgwu ogihnoselv uhnejonidolv igad anahnejo?vsgv anadiho igadanh anlasgalisgv anadiho baseball,He told us stories about how he played baseball.,,Throw it Home,,6,Mose Killer,,,"also, he told us, his ball playing, some, playing sport, they say, and some, playing sport, they say, baseball",sgwu ogi-hnos-el-v u-hnejoni-do-v igad a-n-ahnejo?vs-g-v a-n-dih-o igada-nh a-n-lasgalis-g-v a-n-dih-o baseball,"also, he-them-and-me say Dat exP, 3 play-ball here-and-there exP, some, 3 Pl play-contact-sport Prog exP, 3 Pl say Hab, some and, 3 Pl play Prog exP, 3 Pl say Hab, baseball"
,Cherokee Narratives,ᏍᎩᎾ ᏌᏭ ᏳᏩᎧᏗ ᎣᎩᏃᎯᏎᎸ ᎢᎬᏱ ᎠᏆᎳᏍᎦᎸᎭ ᎠᏗᎲ ᏏᎾᎴ ᎠᏩᏗᏛᎲ ᏣᏗᎲ,sgina sawu yuwakd ogihnohiselv igvyi agwalasgalvh adihv sinale awdidvhv jadihv,"He said when he played baseball for the very first time, he had gotten up early one morning and had gone fishing.",,Throw it Home,,7,Mose Killer,,,"and that, one, time, he told us, first, that I played ball, he said, early morning, I got up, he said",baseball sgi-nh sawu yuwakd ogi-hnohis-el-v igvyi ag-walasgal-v-h a-dih-v sinale aw-didvh-v j-a-dih-v,"baseball, that and, one, time, he-them-and-me Dat exP, first, 1 play exP and, 3 say exP, early-in-morning, 1 get-up exP, Pst 3 say exP"
,Cherokee Narratives,ᎠᏭᏅ Ᏼ ᎤᎾᏁᏦᏗ ᎨᏒ ᏣᏗᎲ ᎣᏥᏁᎸ ᎠᎹᏳᎶᏗ ᎨᎲ,awun yv uhnahnejodi gesv jadihv ojinelv amayulhd gehv,"He said there was a stream close to where they lived, and their house sat next to a baseball diamond.",,Throw it Home,,8,Mose Killer,,,"and close by, baseball diamond, was, he said, we lived, close to water, was",awu-n yv u-nahnejo-di ges-v j-a-dih-v oji-ne-v ama-yulhd geh-v,"close and by, 3 play-baseball Inf, be exP, Pst 3 say exP, they-and-I live exP, water near, be exP"
,Cherokee Narratives,ᎠᏭᏴ ᎠᏆᏑᏅᏒ ᏣᏗᎲ ᏍᏗᏛ ᏒᎯᏰᏱ ᏗᏜ ᎠᏩᎦᏌᏔᏂᎸ ᏣᏗᎲ boy ᏍᎩᏛ ᏭᎵᏍᏛ ᎤᎾᏓᏡᎬ ᏴᏫ ᎠᏭᏛ ᏄᏍᏛ ᎤᎾᎴᏅᏗ ᎤᎾᎳᏍᎦᎸᏗ ᏣᏗᎲ,awyv aksuhnvsv jadihv sdid svhiyey didl awaksatanihlv jadihv boy sgidv wulistv undalgv yvwi awdv nusdv unlendhi unlasgalhdi jadihv,"He was returning one afternoon from fishing when he found a big crowd of spectators at the baseball diamond, and the players were just about ready to start the game.",,Throw it Home,,9,Mose Killer,,,"close by, I went fishing, he said, a little, evening, toward, I came upon, he said, boy, that, to the end, there was a crowd, people, close, it was, for them to start, the game, he said",aw-yv ak-suhnvs-v j-a-dih-v sdid svhi-yey didl awa-ksatanihl-v j-adih-v boy sgi-dv w-u-list-v u-n-dalh-g-v yvw aw-dv nusdv u-n-len-d-hi u-n-lasgalh-di j-a-dih-v,"close-by, 1 fish exP, Pst 3 say exP, little, evening, toward, 1 come-upon exP, Pst 3 say exP, boy, that Emp, Tr 3 to-the- end exP, 3 Pl crowd Prog exP, person, close, it-was, 3 Pl start Inf, 3 Pl play Inf, Pst 3 say exP"
,Cherokee Narratives,ᏴᏛ ᎢᏗᏂᏅᎯᏛ ᏕᏥᏁᎲ ᎠᏂᎪᎳ ᏣᏗᎲ ᏑᏗᏅ ᎩᎶ ᏓᏳᏪᎸᏅ ᏣᏗᎲ ᏣᎵ `ᏓᏳᏛᏅ ᏣᏗᎲ ᎢᏍᎩᏍᏕᎳ ᏌᏊ ᎣᎩᎷᎶᏤ ᎠᏁᏦᎥᏍᎩ ᎤᏛᏅ ᏣᏗᎲ,yvdv idininvhid deji?nehv anigol jadihv suhdinh kilo dayuwehluhnv jadihv jali dayudvhnv jadihv isgisdela sagwu ogiluloche ahno?ejo?vsgi udvhnv jadihv,"He was walking toward the house with a long string of perch and a fishing pole in his hand when he heard someone yell to him, ""Charlie! Come and help us. We need one more player.""",,Throw it Home,,10,Mose Killer,,,"so much, length of, I had, perch, he said, and a fishing pole, someone, yelled out, he said, Charlie, he yelled out, he said, help us, one, we are lacking, player, he said, he said",yv23dv idininvhid de-ji?-hen-v a-ni-go j-a-dih-v suhdi-nh kilo day-u-wehluhn-v j-a-dih-v jali day-u-dvhn-v j-a-dih-v isgi-sdel-a sagwu ogi-lu32ch-e a-hnejo?vs-g-i u-dvhn-v j-a-dih-v,"so-much, length-of, Pl 1 have exP, 3 Pl perch, Pst 3 say exP, fishing-pole and, someone, Dst 3 yell exP, Pst 3 say exP, charlie, Dst 3 yell-out exP, Pst 3 say exP, you-them-and-me help Imp, one, they-and-I lack repP, 3 play Prog Ag, 3 say exP, Pst 3 say exP"
,Cherokee Narratives,boy ᏂᏥᎦᏔᎲᎾ ᎠᏗᎲ ᎠᏩᏁᏦᏗ ᎢᎸᎯᏳ ᎠᏆᏒᏂᎸ ᏱᎨᎮ ᏍᏆᏞᏍᏗ ᏣᏗᎲ,boy njigatahvn adihv awahnejodi ilvhiyu aksvhnilv yigehe sgwahlesd jadihv,"""Boy,"" he thought, ""I don’t know how to play baseball."" He hadn’t even touched a baseball.",,Throw it Home,,11,Mose Killer,,,"boy, I didn’t know how, he said, to play, never, I touched, had not, ball, he said",boy n-ji-gatahv-n j-a-dih-v a-wahnejo-di ilvhyu ak-svhnil-v yi-geh-e sgwahlesd j-a-dih-v,"boy, Spec 1 not-know exP and, Pst 3 say exP, 3 play Inf, never, 1 touch exP, nonF be repP, ball, Pst 3 say exP"
,Cherokee Narratives,ᏓᏩᎵᏨᏯᏍᏔᏅ ᏣᏗᎲ ᎲᎥ ᎦᏥᏲᎮᎸ ᏏᎸ ᏫᏗᏥᏅᏍ ᎡᏥ ᎯᎠᎾ ᎠᏂᎪᎳ ᎩᎳᏮ ᎢᏥᎷᏨᎢ ᎦᏥᏲᎮᎸ ᏣᏗᎲ,dawalchvyastanv jadihv hv?v gajiyohelv silv widijinvs eji hi?ana anigola kilaw iji?luhjv?i gajiyohelv jadihv,"Bravely, he told them, ""Okay, let me go and take these perch to Mom, and I’ll be right back.""",,Throw it Home,,12,Mose Killer,,,"I worked up some courage, he said, all right, I told them, first, let me go give, mom, these, perch, quickly, I will be back, I told them, he said",d-awa-lchvyastan-v j-a-dih-v hv?v gaji-yoh-el-v si-lv wi-di-ji-nvhs e-ji hi?a-na a-ni-gola kilaw i-ji?-luhj-vi ga-ji-yoh-el-v j-a-dih-v,"Pl 3 say exP, Pst 3 say exP, okay, I-them tell Dat exP, first, Tr Dst Pl go, 1Pos mother, this and, 3 Pl perch, quickly, again 1 arrive exP, I-them tell Dat exP, Pst 3 say exP"
,Cherokee Narratives,ᎠᏭ ᏛᏓᏁᎸ ᏣᏗᎲ ᎡᏥᏅ ᏧᏬᎶ ᏣᏗᎲ,aw dvdanelv jadihv ejinh juwohlo jadihv,"Their house was just a few yards from the baseball diamond, and his mom was at home.",,Throw it Home,,13,Mose Killer,,,"close, the house, he said, and mother, was at home, he said",aw dvdanelv j-a-dih-v eji-nh j-u-wohl-o j-a-dih-v,"close, house, Pst 3 say exP, mother and, Rel 3 be-home Hab, Pst 3 say exP"
,Cherokee Narratives,ᎪᎯᏛ ᎢᏴᎥ ᏣᏗᎲ ᏄᎵᏍᏛᎷᏅ ᎡᏥ ᏣᏗᎲ ᎣᏍᏛ ᏂᏙᏓᏳᏩᏁᎸ ᎠᏣᏗ ᎣᎠᎴᏅᎲᏛᏍᏊ ᎣᏣᎳᏍᎦᎵᎲ ᏣᏗᎲ,kohidv iyv?i jadihv nulsdvhlunv eji jadihv osd ndodayuwanelv aja?d o?alenvhvdvsgwu ojalasgalihv jadihv,"After they had started the game, he saw his mom sit down on the porch and begin to clean the fish.",,Throw it Home,,14,Mose Killer,,,"after a while, then, he said, she sat down, mom, he said, good, she started to prepare, fish, we started too, playing the game, he said",kohi-dv iyu?v j-a-dih-v n-u-lsdvhlun-v e-ji j-a-dih-v osd ndodayu-wanelv aja?d o?-alenvhvd-v-sgwu oj-alasgalih-v j-a-dih-v,"after-a-while, Emp then, Pst 3 say exP, Lat 3 sit-down exP, 1Pos mother, Pst 3 say exP, good, start 3 prepare exP, fish, 3Pl start exP Aff, they-and-I play exP, Pst 3 say exP"
,Cherokee Narratives,ᎤᏗᏞᎬᏅ ᎠᎩᏍᎦᏂ ᏠᎨᏍ ᏕᎭᏁᎶᏅᎢ ᎬᏬᎮᎸ ᏣᏗᎲ,udihlehgvhnv agisgani dloges dehanlohnv?i gvwohelv jadihv,"The game started, and the weather was hot. ""Play left field,"" Charlie was told.",,Throw it Home,,15,Mose Killer,,,"and it was hot, left field, you play, they told me, he said",u-dihleh-g-v-hnv asgini dloges de-h-anlohn-v?i gvw-oh-el-v j-a-dih-v,"3 be-hot Prog exP and, left-side, field, Pl 2 play Imp, they-me tell Dat exP, Pst 3 say exP"
,Cherokee Narratives,ᏐᏁᎵᏁᏛ ᏙᏥᏴᎯᎲ ᏣᏗᎲ ᎭᏛ ᎫᏍᏗ ᏱᏙᎢᎾᎡ,sohnelinedv dojiyuhihv jadiha hadv gusd yido?ina?e,"So he played left field, and at the bottom of the ninth inning, both teams were scoreless.",,Throw it Home,,16,Mose Killer,,,"and the ninth, inning, we were going into, he said, and not, something, we had not scored",sohneli-he-dv now dojiyuhihv j-a-dih-a hadv gusd yi-d-o?i-na?-e,"nine Ord Aff, now, inning, Pst 3 say Pres, and-not, something, nonF Pl they-and-I have repP"
,Cherokee Narratives,ᏍᎩᏛᎾ ᏭᎵᏍᏛ ᏙᎠᎨᏍᎸ ᏣᏗᎲ ᎤᏂᎾᏩᏍᏛᏅ ᏣᏗᎲ,sgidvna wulstav do?ageslv jadihv uninawsdvhnv jadihv,It was a tough game! The crowd was roaring!,,Throw it Home,,17,Mose Killer,,,"and that, to the end, we were playing, he said, they were roaring, he said",sgidv-na w-u-lstan-v d-o?-ages-v j-a-dih-v u-ni-nawsd-v-nh j-a-dih-v,"that and, Tr 3 to-end exp, Pl they-and-I play exP, Pst 3 say exP, 3 Pl roar exP and, Pst 3 say exP"
,Cherokee Narratives,ᏐᏁᎵᎮᏅ ᎤᎵᏍᏆᎸᏗ ᎤᏅᏂᎸ ᏣᏗᎲ ᏔᎵᏁᏅ ᎤᎩᎶ ᏣᏗᎲ ᏔᎵᏅ ᏗᎦᏄᎪᏫᏛ ᏳᏂᏅᏅ,sohnelihehnv ulsgwalhd unvhnilv jadihv ta?lnenh ukilo jadihv ta?linh diganugohwid yuninvn,Someone came up to bat with two men out and a man on second base.,,Throw it Home,,18,Mose Killer,,,"and the ninth, last, they hit, he said, and on second, he was on, he said, and two, were out, if they scored",sohneli-ne-hnv ulsgwalhd u-n-vhnil-v j-a-dih-v ta?l-ne-nh u-kilo j-a-dih-v ta?li-nh diganugohwid y-u-n-invn,"nine Ord and, last, 3 Pl hit exP, Pst 3 say exP, two Ord and, 3 on, Pst 3 say exP, two and, Pl out, nonF 3 Pl score"
,Cherokee Narratives,ᎪᎢᎶᏍᎬ,go?ihlosgv,"If they scored, Charlie’s team would lose.",,Throw it Home,,19,Mose Killer,,,they would beat us,g-o?-ihlos-g-v,they-us beat Prog Pst
,Cherokee Narratives,ᏫᏓᏆᎧᎿᎾᏅ ᏣᏗᎲ ᎡᏥ Ꮟ ᎣᏍᏓ ᏂᏙᏗᎬᏁᎰ ᎠᏣᏗ ᎪᎯᏛᏴ ᏣᏗᎲ,widagwakahnananh jadihv eji si osd nidodigvneho aja?d kohidvyv jadihv,Charlie looked and saw that his mom was still cleaning the fish.,,Throw it Home,,20,Mose Killer,,,"when I looked, he said, my mother, still, good, she was preparing, fish, after a while, he said",wi-d-agw-akahnan-a-nh j-a-dih-v e-ji si osd ni-d-odi-gvneh-o aja?d kohidvyv j-a-dih-v,"Tr Pl 1 look Pres and, Pst 3 say exP, 1Pos mother, still, good, Spec Pl they-and-I prepare Hab, fish, after-a-while, Pst 3 say exP"
,Cherokee Narratives,ᏄᎵᏍᏈᏙᏏᏰᎥ ᎤᏕᎩ ᏣᏗᎲ,nulsgwidosiye?v udeg jadihv,"His mind back on the game, he saw the pitcher contorting, getting ready to pitch.",,Throw it Home,,21,Mose Killer,,,"he contorted, pitcher, he said",n-u-lsgwidosiye?-v u-deg j-a-dih-v,"n 3 contort exP, 3 pitch Prog, Pst 3 say exP"
,Cherokee Narratives,ᏭᏗᏅᎲ ᏓᏳᏩᏂᎸ ᏗᏥᏙᎬ ᏥᏳᎪᏗ,wudinvhv dayuwahnilv dijidogv jiyukodi,"The pitcher delivered the ball, and the batter connected one straight toward Charlie in left field.",,Throw it Home,,22,Mose Killer,,,"he pitched, he hit, where I was standing, straight to",w-u-dinvh-v day-u-wahnil-v di-ji-do?-v jiyukd,"Tr 3 pitch exP, Fut 3 hit exP, Dst 1 stand exP, straight"
,Cherokee Narratives,ᏌᏊ ᏳᏓᏗᏅᏛ ᎠᎢᏂᏴᎲ ᏣᏗᎲ,sawu yudadinvd a?iniyvhv jadihv,"One bounce, and Charlie had the ball in his hand.",,Throw it Home,,23,Mose Killer,,,"one, bounce, I caught it, he said",sawu yu-dadinvd a?i-n-iyvh-v j-a-dih-v,"one, 3 bounce, 1 catch exP, Pst 3 say exP"
,Cherokee Narratives,ᎩᎶ ᏛᎤᏪᎷᏅ ᏣᏗᎲ ᎠᏗᏟ ᎣᎠᎵᎣᎲ,kilo dv?uwehluhnv jadihv adidl o?ali?ohv,Someone from his team was yelling at him.,,Throw it Home,,24,Mose Killer,,,"someone, he yelled, he said, toward that way, our teammate",kilo dv-?uw-ehluhn-v j-a-dih-v adidl o?ali?ohv,"someone, Rep 3 yell exP, Pst 3 say exP, toward-that-way, they-and-my teammate"
,Cherokee Narratives,ᏍᎩᏮᏅ ᏭᎵᏍᏛ ᏩᏍᏗᏙᎵᏓᏩᏗᏒ ᎦᏅᎥᏍᎬ ᏣᏗᎲ ᎣᎩᏠᏍᎬ ᏣᎵ ᏓᏳᏛᏅ ᏣᏗᎲ,sgiwhnv wulstv wasdidoldawdisv ganv?vsgv jadihv ogihlosgv jali dayudvhnv jadihv,"The man on second base had rounded third and was racing toward home base to score. ""Charlie!"" they yelled.",,Throw it Home,,25,Mose Killer,,,"and that, to the end, he was racing toward, he was scoring, he said, we were losing, Charlie, he said to me, he said",sgiw-hvn w-u-lst-v w-a-sdidoldawdis-e g-anv?vs-g-v j-a-dih-v ogi-hlos-g-v jali day-u-dvhn-v j-a-dih-v,"that and, Tr 3 to-the-end exP, Tr 3 race-toward repP, 3 score Prog exP, Pst 3 say exP, they-and-I lose Prog exP, charlie, Fut 3 say Fut-Imp, Pst 3 say exP"
,Cherokee Narratives,throw it home ᏓᏳᏛᏅ boy ᏩᎩᎩᏒ ᏣᏗᎲ ᏍᏆᎴᏍᏛ ᎠᏩᎦᏔᎲᏒ ᏣᏗᎲ ᏗᏓᏁᎸ ᏩᏩᏗᏅᏒ ᎠᎴ ᏫᏂᏥᏍᎫᏴ ᎡᏥ ᎠᏣᏗ ᎣᏍᏓ ᏂᏙᏗᎬᏁᎲ ᏣᏗᎲ,throw it home dayudvhnv boy wagigisv jadihv sgwahlesd awaktahvsv jadihv didanelv wawadinvsv ale winjisguhyv eji aja?d osd ndodgvnehv jadihv,"""Throw it home."" Charlie took the ball, turned, and threw it toward the house, almost hitting his mom in the head!",,Throw it Home,,26,Mose Killer,,,"throw it home, he said, boy, I took, he said, the ball, I turned, he said, to the house, I threw it, almost, I hit her on the head, my mother, fish, good, preparing, he said",throw it home day-u-dvhn-v boy w-agi-gis-v j-a-dih-v sgwahlesd aw-aktahvs-v j-a-dih-v didanelv w-awa-dinvs-v ale wi-n-jisguhy-v e-ji aja?d osd ndod-g-vneh-v j-a-dih-v,"throw it home, Fut 3 say Fut-Imp, boy, Tr 1 take exP, Pst 3 say exP, ball, 1 turn exP, Pst 3 say exP, toward house, Tr 1 throw exP, almost, Tr Pl hit-on-head exP, 1Pos mother, fish, good, 3 prepare exP, Pst 3 say exP"