audio_file,type,merged_id,normalized_key,sentence_id
Word_0100.01.m4a,base_form,8d0bc60dd9228319,,
1552.1.m4a,base_form,ad38cb8fad5fefb2,,
Word_CNLD_boy_4.1.m4a,base_form,b8ea59d860ba3d25,,
0005.1.m4a,base_form,9fbc053b0248efe2,,
Word_0006.1.m4a,base_form,c73307b1cc0b6ee1,,
0007.1.m4a,base_form,6032a2e5be2929c2,,
Word_0010.1.m4a,base_form,30d423acd3adf296,,
Word_0012.1.m4a,base_form,16245648be73c139,,
Word_0013.1.m4a,base_form,5197d1054c8f3845,,
Word_0016.1.m4a,base_form,e7b7ae6ab327a5c0,,
0017.1.m4a,base_form,d53ed5f7038fe5f2,,
Word_0018.1.m4a,base_form,b829803ea8edcd44,,
Word_CNLD_gift_19.1.m4a,base_form,ab2837c47a09d47a,,
Word_CNLD_fan_21.1.m4a,base_form,8ea3256ee12db92d,,
Word_0024.1.m4a,base_form,a315955ec891de56,,
Word-0027.1.m4a,base_form,17f352435ae4d53c,,
Word_0028.1.m4a,base_form,20fcdaa9f10f8e73,,
Word_0030.1.m4a,base_form,5f94225a5d942562,,
0032.1.m4a,base_form,889259edb8b08911,,
Word_CNLD_store_35.1.m4a,base_form,0e65e797db6bb930,,
0039.1.m4a,base_form,b299252fb51cd5e6,,
0040.1.m4a,base_form,692bfeef6c6a901e,,
Word_0041.1.m4a,base_form,56bbfbff8eb643f3,,
Word_0042.1.m4a,base_form,b0fc45028f893c0c,,
Word_0043.1.m4a,base_form,b98e8ebd66548398,,
0044.1.m4a,base_form,9a2fb077eb3a67e4,,
Word_0045.1.m4a,base_form,1d0b1a36ef01cb24,,
Word_0047.1.m4a,base_form,8e9c9785c69a6436,,
0051.1.m4a,base_form,6c080091945371a7,,
0053.1.m4a,base_form,2245a077e719e51b,,
Word_0055.1.m4a,base_form,50c3fa12efd8fdf6,,
0056.1.m4a,base_form,22cdab7c28cbf3c0,,
Word_0057.1.m4a,base_form,53f21936c19d75dc,,
0061.1.m4a,base_form,1a8ee04f79e546c6,,
Word_0062.1.m4a,base_form,b3235050b6bb0de2,,
Word_0068.1.m4a,base_form,f5e756b4fdfd35dd,,
0070.1.m4a,base_form,628354d6cba0bf8c,,
0072.1.m4a,base_form,ae2b133b57fc7701,,
0075.1.m4a,base_form,6a1ef36b2ab737c0,,
Word_0080.1.m4a,base_form,3875233daac0346e,,
0085.1.m4a,base_form,18bbdb492391d814,,
Word_0087.1.m4a,base_form,64bd44efa1b63764,,
Word_0088.1.m4a,base_form,8a6c765a0ddce3cf,,
0090.1.m4a,base_form,bb5d72529b002ce7,,
Word_0093.1.m4a,base_form,09f798c74b01bf1e,,
Word_0094.1.m4a,base_form,f4c107715b1b287d,,
Word_0095.1.m4a,base_form,782f7cea419377f8,,
Word_0096.1.m4a,base_form,52826352d34a3127,,
0097.1.m4a,base_form,20cdd561a4d9fca0,,
Word_0099.1.m4a,base_form,ecb4abaea0562db4,,
0101.1.m4a,base_form,26a303e52db87c70,,
0106.1.m4a,base_form,7f1336726d7e7e9e,,
Word_0107.1.m4a,base_form,7104fb63adba3626,,
Word_0108.1.m4a,base_form,fe11b2b82da4cf61,,
0109.1.m4a,base_form,dad05922743095aa,,
Word_0111.1.m4a,base_form,a8b152b1fbbd37b9,,
Word_0112.1.m4a,base_form,8ac5a89c3007acb7,,
Word_0115.1.m4a,base_form,69d113d3cc7b75f8,,
Word_0118.1.m4a,base_form,2c79412072ca10bf,,
Word_0120.1.m4a,base_form,c5a639aabc366f6d,,
Word_0123.1.m4a,base_form,41266b7e36c2ecd7,,
Word_0124.1.m4a,base_form,fabc06528327e820,,
Word_0125.1.m4a,base_form,6bd614b452335b59,,
Word_0126.1.m4a,base_form,af2d83b2ae561a37,,
0127.1.m4a,base_form,082dcf25e079f74f,,
Word_0128.1.m4a,base_form,81fcb6cc4f89adfb,,
Word_0129.1.m4a,base_form,b635500252a18ec0,,
0130.1.m4a,base_form,4c14c0fec6b8e32b,,
0134.1.m4a,base_form,32aaf37b823e2df7,,
Word_0136.1.m4a,base_form,82f00cb803218c4e,,
Word_0137.1.m4a,base_form,e070eef42d0a667c,,
0139.1.m4a,base_form,2cb5e89ee99782d9,,
Word_0141.1.m4a,base_form,5602141f079e4b0f,,
0142.1.m4a,base_form,6309e94bc5491e83,,
0144.1.m4a,base_form,d78dbd8c2a80af93,,
Word_0145.1.m4a,base_form,c7bc6eea412ff4b6,,
0146.1.m4a,base_form,525c6261d1c113fb,,
Word_0147.1.m4a,base_form,36f12635220220d6,,
0149.1.m4a,base_form,cf141fd724f1cf49,,
0151.1.m4a,base_form,d40f7dee0b8113fd,,
Word_0152.1.m4a,base_form,4eda248dd36bfaf8,,
0156.1.m4a,base_form,6ba5a17660c615f8,,
Word_0157.1.m4a,base_form,9018cb83b4fc56c3,,
Word_0160.1.m4a,base_form,93c1ef6997baf6d6,,
Word_0162.1.m4a,base_form,65003d68052348e9,,
0163.1.m4a,base_form,0acdb1e2a68d0da3,,
Word_0165.1.m4a,base_form,86329e8364457dac,,
Word_0168.1.m4a,base_form,6db12884f177adc6,,
Word_0170.1.m4a,base_form,f23b24c1c0386c37,,
Word_0174.1.m4a,base_form,1f033de7e2f4537a,,
0176.1.m4a,base_form,31b43993a827246b,,
Word_0180.1.m4a,base_form,6bc7d42dda01ac3e,,
0184.1.m4a,base_form,8827a313cd827cef,,
0187.1.m4a,base_form,35985e0bb75e990e,,
Word_0190.1.m4a,base_form,66e8114e65921f53,,
Word_0194.1.m4a,base_form,5460f48b2515a739,,
Word_CNLD_Translation_0199.1.m4a,base_form,f696f6f50dfe019f,,
Word_0205.1.m4a,base_form,696ea2a9973ae7d8,,
0208.1.m4a,base_form,c582ec578f8125b4,,
Word_CNLD_Drum_0209.1.m4a,base_form,c7ffaf2937a33497,,
Word_0219.1.m4a,base_form,f13e7fa98344e139,,
Word_0221.1.m4a,base_form,a5adc2c3ec36d96b,,
0227.1.m4a,base_form,1a66735665e778d7,,
0231.1.m4a,base_form,871ab4fd59562ff3,,
0232.1.m4a,base_form,1499590597bc72e2,,
Word_0233.1.m4a,base_form,0e91e727936cf5cb,,
0235.1.m4a,base_form,2877e3daff7d2c2e,,
Word_0237.2.m4a,base_form,a72f73317df99b29,,
Word_0242.1.m4a,base_form,b03af5820d0e7d09,,
0243.1.m4a,base_form,df78c7500909f083,,
0247.1.m4a,base_form,1dc9c25e673da60b,,
Word_0248.1.m4a,base_form,2887f172b43bf909,,
Word_0249.1.m4a,base_form,b0addfe89d894f7d,,
Word_0250.1.m4a,base_form,f75c1b4f49aa5c09,,
Word_0251.1.m4a,base_form,6c990992fda2c8e6,,
Word_0252.1.m4a,base_form,5326dd518b1633b2,,
Word_0253.1.m4a,base_form,d867136dd5ea738a,,
Word_0254.1.m4a,base_form,2fa151c987a74f08,,
Word_0255.1.m4a,base_form,a42e80d2733545c5,,
Word_CNLD_Flower_257.1.m4a,base_form,b20c3c8e475585f9,,
Word_0258.1.m4a,base_form,5757aa3d954dfdb8,,
Word_0262.2.m4a,base_form,face012b7a598770,,
Word_0264.1.m4a,base_form,badd26e614faecf6,,
Word_0265.1.m4a,base_form,1d642ab1923a7bb8,,
Word_0267.1.m4a,base_form,2a3a59d953282900,,
0269.1.m4a,base_form,b700027706b7fc35,,
Word_0271.1.m4a,base_form,d2d3333cd7532a5b,,
Word_0272.2.m4a,base_form,c357b7970f64bde3,,
Word_0273.1.m4a,base_form,4dc5056c8975a69e,,
Word_0274.1.m4a,base_form,0b2b12ee9220402b,,
Word_0275.1.m4a,base_form,ecdfb0dc8ae179c8,,
Word_0276.1.m4a,base_form,0da6f1d692644b07,,
Word_0277.1.m4a,base_form,2dfc49747319c444,,
Word_0279.1.m4a,base_form,d5963611cf67038a,,
Word_0281.1.m4a,base_form,c325526368a39135,,
Word_0282.1.m4a,base_form,d92c1462cb4a0299,,
Word_0288.1.m4a,base_form,ee7b9c78fefa3d4a,,
Word_0289.1.m4a,base_form,fec7ba87bfb7cce6,,
0291.1.m4a,base_form,85589ea48685dc50,,
Word_0292.1.m4a,base_form,f8a0dda72a221ae8,,
Word_0294.1.m4a,base_form,1143c5313cc5e614,,
Word_0296.1.m4a,base_form,1d79f73818d27804,,
Word_0298.1.m4a,base_form,684be809c313d1a1,,
0299.1.m4a,base_form,ccd2e510cc83794c,,
0302.1.m4a,base_form,2dbb0ed7c5b6c54a,,
0306.1.m4a,base_form,b952bfacd3e9fc93,,
Word_0308.1.m4a,base_form,a252cfca35fcf64e,,
0309.1.m4a,base_form,d4be88a0c86f867d,,
Word_0310.1.m4a,base_form,bb91104fa3221340,,
Word_0311.1.m4a,base_form,e5b8c00ece1f5b99,,
Word_0317.1.m4a,base_form,4c0dad0802fc5e62,,
Word_0318.1.m4a,base_form,ac7f1013a32652e4,,
Word_0319.1.m4a,base_form,205e89f03849cb0f,,
Word_0320.2.m4a,base_form,e1b631d738edd13f,,
Word_0321.1.m4a,base_form,4705fcf746893e93,,
Word_0322.1.m4a,base_form,7cf2416caef037ab,,
Word_0323.1.m4a,base_form,c7fe14149e67e02a,,
0326.1.m4a,base_form,481c3af254963f18,,
Word_0328.1.m4a,base_form,47c01bfffa2decba,,
0330.1.m4a,base_form,431d5d8127c6275c,,
Word_0333.1.m4a,base_form,dc57f44b915781f1,,
Word_0335.1.m4a,base_form,4d0716a4190d7ff5,,
0340.1.m4a,base_form,ac799ad78fa89eb8,,
Word_0350.1.m4a,base_form,48f300a6f1db1970,,
Word_0351.1.m4a,base_form,0207cba564635bcd,,
Word_0353.1.m4a,base_form,bc4508bfacb740fc,,
Word_0356.1.m4a,base_form,9c0cacde7a0d8412,,
Word_0357.1.m4a,base_form,c517d9d721e2a2c7,,
Word_0358.1.m4a,base_form,e9594e98c57154e7,,
Word_0359.1.m4a,base_form,e839043153f0e679,,
Word_0360.1.m4a,base_form,1347236358e3e8dd,,
0355.1.MP3,base_form,724d4b65b5efaf52,,
Word_0362.1.m4a,base_form,4b85f26c39bbb4e5,,
Word_0363.1.m4a,base_form,6425ad0c00d7af2d,,
Word_0364.1.m4a,base_form,884c0a7fdddb80e7,,
0365.1.m4a,base_form,087372353c02131c,,
0367.1.m4a,base_form,3b2f00e433597efd,,
Word_0368.1.m4a,base_form,8e82dc4823f6fdc7,,
Word_0371.1.m4a,base_form,610d016169bdfae0,,
Word_0372.1.m4a,base_form,be7aba423a93e242,,
Word_0375.1.m4a,base_form,5fc9bf080fa5afee,,
Word_0376.1.m4a,base_form,acb4d364a5f84a1a,,
Word_0377.1.m4a,base_form,3986ebfea2b6f790,,
Word_0378.1.m4a,base_form,bd3e34fce17fb0e7,,
Word_0379.1.m4a,base_form,d48e2c458f77c1dc,,
Word_CNLD_Dress_0383.1.m4a,base_form,11eeeef87b5daad1,,
0386.1.m4a,base_form,545715ed9ba250d6,,
Word_0388.1.m4a,base_form,db8b35833b0376d7,,
0392.1.m4a,base_form,6c213afc415d7077,,
Word_0394.1.m4a,base_form,85db14b6b7f00b8b,,
0398.1.m4a,base_form,99f448b3a081b9a4,,
Word_0400.1.m4a,base_form,ab184a5ded7a019b,,
Word_0401.1.m4a,base_form,148913748a2edc06,,
Word_0403.1.m4a,base_form,178bfdadcab0df36,,
Word_0406.1.m4a,base_form,34659f365615342d,,
Word_0410.1.m4a,base_form,91ed803b1a594c61,,
0411.1.m4a,base_form,44450aa4fe6c5558,,
Word_0413.1.m4a,base_form,7ad43d4fdd46f191,,
Word_0414.1.m4a,base_form,6e036f66304e6533,,
Word_0415.1.m4a,base_form,af79b4bd9080ae21,,
Word_0416.1.m4a,base_form,c5c2328736516173,,
0422.1.m4a,base_form,4ec54991b9fbe22b,,
Word_0423.1.m4a,base_form,d11ab5dacaf1b943,,
0425.1.m4a,base_form,793d33c2778a79b4,,
Word_0427.1.m4a,base_form,02cdb5da31494bb5,,
0433.1.m4a,base_form,278ecc62e31ee104,,
Word_0435.1.m4a,base_form,2d69ee0d2eebb3f5,,
0440.1.m4a,base_form,ce5fcbcd2d55ba09,,
Word_0441.1.m4a,base_form,40bcafc10c36f9de,,
Word_0442.1.m4a,base_form,a94b8b496e81bd2a,,
0445.1.m4a,base_form,262ef311b05f7f08,,
Word_0499.1.m4a,base_form,da7bfa01c3867053,,
Word_0451.1.m4a,base_form,122b7d9b261dc861,,
Word_0457.1.m4a,base_form,a5cc47a73036a9c3,,
Word_0458.1.m4a,base_form,beb0edff8afb3553,,
Word_0462.1.m4a,base_form,8a55a732f9144aeb,,
Word_0463.1.m4a,base_form,6b524006e3661674,,
Word_CNLD_Bridge_0464.1.m4a,base_form,3e6f5829578901b8,,
Word_0467.1.m4a,base_form,462b717e16834a73,,
0468.1.m4a,base_form,9460254e0d044e01,,
Word_0469.1.m4a,base_form,b4f3c2eb1ded9c41,,
0473.1.m4a,base_form,2bc586c85d6c0594,,
Word_0475.1.m4a,base_form,4519715293725781,,
0478.1.m4a,base_form,94a6b0802c1fc167,,
Word_0480.1.m4a,base_form,7f04920a1b2acdc3,,
Word_CNLD_plate_0483.1.m4a,base_form,afd47ae3f22f7dbc,,
Word_0485.1.m4a,base_form,cdb9240d2d76e24d,,
Word_0486.1.m4a,base_form,bfc08a1c3e842ffd,,
Word_0488.1.m4a,base_form,3bafcc59ca68d091,,
Word_0491.1.m4a,base_form,5d4b6ff6d7e319b0,,
Word_0492.1.m4a,base_form,e2463b6dbaaaca20,,
Word_0495.1.m4a,base_form,0602ce6a605adf0f,,
Word_0499.1.m4a,base_form,c9248af40ffe872f,,
Word_0505.1.m4a,base_form,a7150a3f30377e03,,
Word_0506.1.m4a,base_form,5c5ce06ad5bd4143,,
0507.1.m4a,base_form,86c720d8caa6e0fc,,
Word_0508.1.m4a,base_form,2a756dd2c89354b9,,
Word_0509.1.m4a,base_form,4080c94a6f958e15,,
Word_0510.1.m4a,base_form,74c102ff8813a29d,,
Word_0511.3.m4a,base_form,1d038931bc5df277,,
Word_0512.1.m4a,base_form,dd8cd9ac189e826c,,
Word_0513.1.m4a,base_form,3926442a6aae884d,,
Word_0515.1.m4a,base_form,7b07974998a053e6,,
0517.1.m4a,base_form,d8af6f43046e20b3,,
Word_0521.1.m4a,base_form,ef5f7f9e1222fff4,,
0525.1.m4a,base_form,420d7bd70c25fd3c,,
Word_0527.1.m4a,base_form,beda1d585e044979,,
0532.1.m4a,base_form,a94d6e6b9d4d7db1,,
Word_0534.1.m4a,base_form,519cb74533b3fad4,,
Word_0539.1.m4a,base_form,0a8f5d14b4429827,,
0540.1.m4a,base_form,285865ef30eb249a,,
Word_0541.1.m4a,base_form,82f1b37b9cddab8c,,
Word_0542.2.m4a,base_form,a29b23e852f2c159,,
Word_0544.1.m4a,base_form,4552f6e3e52fec78,,
0545.1.m4a,base_form,e4298dbde00d643c,,
Word_0550.1.m4a,base_form,85b7701c89268bde,,
Word_0559.1.m4a,base_form,6bf5d74ce40a96cf,,
Word_0560.1.m4a,base_form,b9ffb165698f51d3,,
Word_0561.1.m4a,base_form,6ba74acd28c3a6b5,,
Word_0566.1.m4a,base_form,5de6b71cbcba8c56,,
0570.1.m4a,base_form,57a1dc0e0132c3a9,,
Word_0573.1.m4a,base_form,b1a70c729f768536,,
Word_0579.1.m4a,base_form,c37f5a8aef5b61d9,,
Word_0580.1.m4a,base_form,4d67b2cd21c65692,,
0590.1.m4a,base_form,2ede01d3a87cee64,,
Word_0591.1.m4a,base_form,8cb2ee6d23e38ab3,,
Word_0596.1.m4a,base_form,e6c670cd4897c567,,
0598.1.m4a,base_form,fdc0da1c6ea0471b,,
0605.1.m4a,base_form,e0692aaf6aabb2d1,,
0612.1.m4a,base_form,e4f334a20e2693e2,,
Word_0617.1.m4a,base_form,775f2ded0041076c,,
Word_0624.1.m4a,base_form,c15bac5b417c91fe,,
Word_0625.1.m4a,base_form,408b62d44278a191,,
Word_0626.1.m4a,base_form,b28ff004dc8d1803,,
Word_0627.1.m4a,base_form,cda8937e96def606,,
Word_0630.1.m4a,base_form,de1736f7a66b7a42,,
Word_0640.1.m4a,base_form,1b11f7e4381df38e,,
Word_0649.1.m4a,base_form,32c314a6dec023dc,,
Word_0650.1.m4a,base_form,0e59f86b83698276,,
0651.1.m4a,base_form,8aae008a3de13bcb,,
Word_0651.2.m4a,base_form,d10395f68b3f5442,,
Word_0653.1.m4a,base_form,c66c11a5d767de26,,
Word_0654.1.m4a,base_form,0d80893f889c19b4,,
Word_0655.1.m4a,base_form,9bb769a93f504aad,,
Word_0656.1.m4a,base_form,5cdb2d258bc98df9,,
Word_0657.1.m4a,base_form,179439e8106f9887,,
Word_0659.1.m4a,base_form,1b869959812b4847,,
Word_0660.1.m4a,base_form,0758b352888b0c11,,
Word_0661.1.m4a,base_form,0ef7faaaeb7a7b1d,,
Word_0662.1.m4a,base_form,30ed575c1e66d29c,,
0663.1.m4a,base_form,cdd7b62144c7cb89,,
0664.1.m4a,base_form,15f91dd0439956a2,,
Word_0665.1.m4a,base_form,3c475e73b8196ed3,,
0666.1.m4a,base_form,ce500584b2e186c0,,
0667.1.m4a,base_form,d2a589de8130b671,,
0668.1.m4a,base_form,395720dcb8513360,,
Word_0669.1.m4a,base_form,db73bac5f29b01e4,,
Word_0670.1.m4a,base_form,f0a0d09a6fd8d2f5,,
Word_0671.1.m4a,base_form,35944ffa10e32b90,,
Word_0672.1.m4a,base_form,6ab9d2912955a569,,
Word_0673.1.m4a,base_form,39f90ee3bf985952,,
0674.1.m4a,base_form,43fad2f3b77e0f4c,,
Word_0675.1.m4a,base_form,6c8ec3fe1447ea21,,
0676.1.m4a,base_form,05f496cc50738691,,
Word_0677.1.m4a,base_form,ddcfe8c2f3098194,,
0678.1.m4a,base_form,ed28f3d49154ef7f,,
Word_0679.1.m4a,base_form,be52cf83ea0421e5,,
Word_0680.1.m4a,base_form,e4a4ad3465777884,,
0681.1.m4a,base_form,e792e5a0fa6ed41c,,
0682.1.m4a,base_form,9fd2bdf09abc7961,,
Word_0683.1.m4a,base_form,e8bcd082c61b6609,,
0684.1.m4a,base_form,536fbd7a0a25cdea,,
Word_0685.1.m4a,base_form,315d7c014082fbf3,,
Word_0686.1.m4a,base_form,159024bacca9e07b,,
Word_0687.1.m4a,base_form,882e2c89048f6afe,,
Word_0688.1.m4a,base_form,27009e98c91c14d2,,
0689.1.m4a,base_form,99ce93953dfe34cf,,
Word_0690.1.m4a,base_form,f84b1781339fd054,,
Word_0691.1.m4a,base_form,b0ab96e768d0688b,,
Word_0692.1.m4a,base_form,07856b55c0346358,,
0693.1.m4a,base_form,8267d1dd20125e06,,
Word_0694.1.m4a,base_form,4c788ae2438548eb,,
0695.1.m4a,base_form,00f2abf86a755832,,
Word_0697.1.m4a,base_form,957a231648246138,,
0698.1.m4a,base_form,fb40118f482bea6a,,
Word_0699.1.m4a,base_form,0ada8c66fa3aca0e,,
0700.1.m4a,base_form,c88a4204587eb7a1,,
Word_0701.1.m4a,base_form,5abf2ae8810b33f8,,
Word_0702.1.m4a,base_form,5942dd729a65005c,,
0703.1.m4a,base_form,b0392bbbcea21791,,
Word_0704.1.m4a,base_form,dc29d18645a17af8,,
Word_0705.1.m4a,base_form,8cc8530a24742a8e,,
Word_0706.1.m4a,base_form,c30d967d70bffa19,,
Word_0707.1.m4a,base_form,2effd9136aef0501,,
Word_0708.1.m4a,base_form,a697e85280f6d4e7,,
Word_0709.1.m4a,base_form,80b4f0cae37b3dc6,,
0711.1.m4a,base_form,65bcc894df1be4d7,,
Word_0712.1.m4a,base_form,0c58120d957ae280,,
Word_0713.1.m4a,base_form,2186b76cc5194e77,,
Word_0714.1.m4a,base_form,c8c7bc743e4240e7,,
Word_0715.1.m4a,base_form,825eab18465695f7,,
0716.1.m4a,base_form,071e9ef830ec5000,,
Word_0717.1.m4a,base_form,a0252941b208763f,,
Word_0718.1.m4a,base_form,a046292634fd6882,,
Word_0719.1.m4a,base_form,80173417b28ea248,,
Word_0720.1.m4a,base_form,38f3a67a51b91c66,,
Word_0721.1.m4a,base_form,a970b25b88c96acd,,
Word_0722.1.m4a,base_form,5fbe08e34087c73a,,
Word_0723.1.m4a,base_form,be00e18607b59701,,
Word_0724.1.m4a,base_form,cd6b8bfa82bb97cf,,
Word_0725.1.m4a,base_form,190bdad5e99b144f,,
Word_0726.1.m4a,base_form,c7b1edd0649173a4,,
Word_0727.1.m4a,base_form,f6254508aadd55b8,,
Word_0728.1.m4a,base_form,44d70de80c0261b0,,
Word_0730.1.m4a,base_form,9d949efbe82f6d5d,,
Word_0731.1.m4a,base_form,dcdd663a896965cb,,
Word_0732.1.m4a,base_form,95269acd2483ce19,,
Word_0734.1.m4a,base_form,cf42e8765edb6b53,,
Word_0735.1.m4a,base_form,035417020fd97ee6,,
Word_0736.1.m4a,base_form,158ecdac9be95b73,,
Word_0737.1.m4a,base_form,7ff0d0d864f26810,,
Word_0738.1.m4a,base_form,2714c5bec71555d9,,
Word_0739.1.m4a,base_form,999703135caa9fe7,,
Word_0741.1.m4a,base_form,905f2e89c419ec52,,
Word_0749.1.m4a,base_form,e5762065a73a113c,,
Word_0751.1.m4a,base_form,ac79b3886c9250b7,,
0752.1.m4a,base_form,ddf3aebf4023d488,,
Word_0754.1.m4a,base_form,3cc5ac34378143d9,,
Word_0759.1.m4a,base_form,8d64fde447725bee,,
Word_0767.1.m4a,base_form,3c8aea710333f340,,
Word_0768.1.m4a,base_form,207d6e1d0e1b997b,,
Word_0769.1.m4a,base_form,a65d5db438b95136,,
0770.1.m4a,base_form,b4928bf391a7e5e8,,
0771.1.m4a,base_form,74abceb2c0d5985c,,
Word_0772.1.m4a,base_form,0268b94ebb24f157,,
Word_0773.1.m4a,base_form,f882b40692939ad4,,
Word_0775.1.m4a,base_form,3c72ee832dc117dd,,
Word_0777.1.m4a,base_form,75bab2dc1f65b758,,
Word_0778.1.m4a,base_form,958b39f75d2f4ede,,
Word_0779.1.m4a,base_form,1019614cde57bbed,,
Word_0786.1.m4a,base_form,b7f7c2d1713abe43,,
Word_0788.1.m4a,base_form,25b27a88444d7a2a,,
Word_0790.1.m4a,base_form,b534f84c7acd8550,,
0791.1.m4a,base_form,5f95728103adafbd,,
0792.1.m4a,base_form,7edf59efd929b507,,
Word_0795.1.m4a,base_form,703b5929c3b615bc,,
Word_0798.1.m4a,base_form,5649c67d08a0221f,,
Word_0801.1.m4a,base_form,60dfe59c0398e826,,
Word_0803.1.m4a,base_form,1294b23d736b0adf,,
Word_0804.1.m4a,base_form,9041fea7309ad77d,,
0808.1.m4a,base_form,ca57e669f1a9744d,,
Word_0809.1.m4a,base_form,b80757ebc8186184,,
Word_0810.1.m4a,base_form,1edeb30b4ed73b53,,
Word_0811.1.m4a,base_form,5ac70da1abc183b9,,
Word_0812.1.m4a,base_form,2d0eca17986979de,,
Word_0813.1.m4a,base_form,a958a4de0f5dc1a5,,
0816.1.m4a,base_form,d71c1f9acc951616,,
0817.1.m4a,base_form,24231370212fbe34,,
Word_0819.1.m4a,base_form,6e5878befce2a00c,,
Word_0820.1.m4a,base_form,17325b4e5b549764,,
Word_0822.1.m4a,base_form,e762d3fe17e8f138,,
Word_0823.1.m4a,base_form,c55cc6655eac8f19,,
Word_0824.1.m4a,base_form,33f1d70f9b7d85e2,,
Word_0825.1.m4a,base_form,04317684f42ac251,,
0827.1.m4a,base_form,5950fe833b59666c,,
Word_0829.1.m4a,base_form,e91dcc5a11095ec1,,
Word_0832.1.m4a,base_form,9f7630d9e2138147,,
Word_0835.1.m4a,base_form,7afdbaca57bffa0b,,
Word_0836.1.m4a,base_form,5dcb555665a1d7f1,,
Word_0837.1.m4a,base_form,c5304a92fa917de6,,
0838.1.m4a,base_form,e06d026fe0f8eaea,,
Word_0845.1.m4a,base_form,ea180509747f7732,,
0846.1.m4a,base_form,899a53c90c888f6f,,
Word_0847.1.m4a,base_form,391d206c7f207c79,,
0849.1.m4a,base_form,62f41bcdb2b7fa30,,
Word_0852.1.m4a,base_form,7251696d5513136e,,
0858.1.m4a,base_form,138ccb65eebd690c,,
0861.1.m4a,base_form,c69c4cf79104cfeb,,
Word_0862.1.m4a,base_form,0960d061afc583d1,,
0865.1.m4a,base_form,7920e71f52696208,,
0866.1.m4a,base_form,e5b848323c8f44ad,,
Word_0876.1.m4a,base_form,a439ffebed9f64db,,
Word_0877.1.m4a,base_form,82120df9103fbc55,,
Word_0879.1.m4a,base_form,1918153e2fc07380,,
Word_0881.1.m4a,base_form,2e48f0bef70a82d2,,
Word_0890.1.m4a,base_form,e6c3611a6ed2e918,,
Word_0891.1.m4a,base_form,94210a96997ec4cb,,
Word_0892.1.m4a,base_form,7e6b588c68ccd99d,,
0893.1.m4a,base_form,610409dabfd82431,,
Word_0895.1.m4a,base_form,da1d42a38773bc1a,,
Word_0896.1.m4a,base_form,f9aae2d24af435a8,,
Word_0897.1.m4a,base_form,794a04adb7949c10,,
0899.1.m4a,base_form,51950114eae99ef6,,
0902.1.m4a,base_form,06fce20027b22669,,
0904.1.m4a,base_form,b82e1d115bcc8b76,,
0911.1.m4a,base_form,62ab6576d948b6e2,,
Word_0917.1.m4a,base_form,7c09d5b98e9fc1c8,,
Word_0922.1.m4a,base_form,191684f8f17f6441,,
Word_0923.1.m4a,base_form,dab2a7e9f42677a2,,
0924.1.m4a,base_form,aa64054589b7de81,,
Word_0927.1.m4a,base_form,d51b14c6ca11cb7c,,
0928.1.m4a,base_form,b30805fa52322653,,
0930.1.m4a,base_form,9bb5acf9aba17c04,,
Word_0934.1.m4a,base_form,e0a268b9b66cb4cb,,
Word_0935.1.m4a,base_form,fb5c8ec5cad01d0b,,
Word_0936.1.m4a,base_form,ece2640542950a9e,,
Word_0937.1.m4a,base_form,7429dd5e21d1ec61,,
Word_0941.1.m4a,base_form,b94a60211f3fd00e,,
Word_0942.1.m4a,base_form,f2fafd969247501a,,
Word_0947.1.m4a,base_form,8fe9bd6eaf53f30e,,
Word_0949.1.m4a,base_form,f36f55e574492a2c,,
Word_0953.1.m4a,base_form,cc77f382ac0f7db0,,
Word_0955.1.m4a,base_form,35dfa3033b6e59d6,,
Word_0956.1.m4a,base_form,02b293d4c2388fad,,
0957.1.m4a,base_form,b54eefecdd957fdb,,
Word_0958.1.m4a,base_form,32febe24c8205bda,,
Word_0960.1.m4a,base_form,9689ef547748b3dd,,
0963.1.m4a,base_form,d2248da2607c0772,,
Word_0964.1.m4a,base_form,be8eaca312ef6f9c,,
Word_0965.1.m4a,base_form,11c5ff2ca7027698,,
Word_0966.1.m4a,base_form,332ec955ce80d20b,,
Word_0967.1.m4a,base_form,9a91a88eb59eebd4,,
Word_0969.1.m4a,base_form,df7466a6c797c5c0,,
Word_0972.1.m4a,base_form,5764764a05608a11,,
Word_0973.1.m4a,base_form,7bdbe6ac9b0a54fe,,
0974.1.m4a,base_form,8530c40022bc6cf0,,
Word_0975.1.m4a,base_form,0a9c1362c3881372,,
Word_0977.1.m4a,base_form,fee4573001d20b2f,,
0978.1.m4a,base_form,4268d6b516312338,,
Word_0979.3.m4a,base_form,8fa369642887597d,,
Word_0981.1.m4a,base_form,aa0a2a01f8a7d779,,
Word_0982.1.m4a,base_form,6c96d5d6b1ef634f,,
Word_0983.1.m4a,base_form,8b967edcce92231f,,
0984.1.m4a,base_form,92edde4cede005c7,,
Word_0988.1.m4a,base_form,ddf48f6c48d9fefa,,
Word_0989.1.m4a,base_form,eb89b09ef3c7d8b2,,
Word_0990.1.m4a,base_form,7fbbb6f009442328,,
0991.1.m4a,base_form,b7655fd9a137e65e,,
Word_0992.1.m4a,base_form,7d2b9e759b0d9a22,,
Word_0993.1.m4a,base_form,d7331f2d6c1f7027,,
Word_0994.1.m4a,base_form,fb6ae9b0639a122d,,
Word_0995.1.m4a,base_form,f0670e35688541a1,,
Word_0996.1.m4a,base_form,34a3907adc2a83db,,
Word_0997.1.m4a,base_form,c0d360a6d339fc06,,
Word_0998.1.m4a,base_form,0130e74bd57824c3,,
Word_0999.1.m4a,base_form,34a1fcdbcf223edc,,
Word_1000.1.m4a,base_form,6bf26e4899149498,,
1001.1.m4a,base_form,3c2e71c9a5a947ae,,
Word_1002.1.m4a,base_form,dd6dd98df18acd7f,,
Word_1004.1.m4a,base_form,0151cb47ab255c76,,
Word_1005.1.m4a,base_form,71e0085002c028d1,,
Word_1006.1.m4a,base_form,05d94cec0705e6cb,,
Word_1012.1.m4a,base_form,4b29168d651e875e,,
Word_1013.1.m4a,base_form,deea0605daeea48a,,
1014.1.m4a,base_form,5581b1a7b738181f,,
1015.1.m4a,base_form,34a500633311118a,,
Word_1016.1.m4a,base_form,036db06c487c7398,,
1017.1.m4a,base_form,7676b5e6237316a3,,
1018.1.m4a,base_form,148045cacfd11aed,,
Word_1019.1.m4a,base_form,8804f7a60bcbe509,,
Word_1020.1.m4a,base_form,8e8cdb336af7fb17,,
Word_1022.5.m4a,base_form,116c4dc0fb2aa4c3,,
Word_1025.1.m4a,base_form,4e75c5abb9dc641d,,
1026.1.m4a,base_form,0e1595f66eb24b70,,
Word_1027.1.m4a,base_form,c48bbc06d640fcbc,,
1028.1.m4a,base_form,2192e0fcfbe25b05,,
1029.1.m4a,base_form,e1b50c6e40c6d802,,
1030.1.m4a,base_form,ca08cb4c0b47c49a,,
Word_1031.5.m4a,base_form,92027d3471f7defd,,
Word_1032.1.m4a,base_form,1fbd70ec2bce9368,,
Word_1033.1.m4a,base_form,93a8e78d8bd5d417,,
1034.1.m4a,base_form,6061b1e03e95f3d3,,
1035.1.m4a,base_form,fdeef7901d2736b0,,
Word_1036.1.m4a,base_form,5ff5cb8cbca3b6b8,,
1037.1.m4a,base_form,e958be07ed16cb3c,,
1038.1.m4a,base_form,b6287f469c43c7db,,
Word_1039.1.m4a,base_form,9bb31032737f95ec,,
Word_1041.1.m4a,base_form,50245929867b5204,,
Word_1042.1.m4a,base_form,6649111bc236590b,,
1043.1.m4a,base_form,b85c4cd8aa68a29f,,
1046.1.m4a,base_form,cf01ebbbb439a7fa,,
1049.1.m4a,base_form,56c4870a528b84b1,,
1050.1.m4a,base_form,2ad747afc02dc0e7,,
Word_1052.1.m4a,base_form,29fcad549ff88769,,
Word_1055.1.m4a,base_form,8f3450f09a7239ae,,
1056.1.m4a,base_form,6fcb0f71ab854c76,,
1058.1.m4a,base_form,74c3e65ad795fdc8,,
1062.1.m4a,base_form,771206b2867eebfd,,
1063.1.m4a,base_form,9b7341f1a45452dc,,
Word_1065.1.m4a,base_form,bca7b8e2264c4cb2,,
1066.1.m4a,base_form,7a0ff6498aa5f872,,
1070.1.m4a,base_form,ca7ff9b20f5d6181,,
1073.1.m4a,base_form,ac8f95a49dda458d,,
1077.1.m4a,base_form,246758da2f68c5d7,,
Word_1078.1.m4a,base_form,0a60d138d7c3f8a3,,
1079.1.m4a,base_form,24c563edf97378be,,
Word_1080.1.m4a,base_form,dd4204a68318cc28,,
Word_1082.1.m4a,base_form,8c7186d295be9a64,,
Word_1084.1.m4a,base_form,f3b54873e61885fe,,
1085.1.m4a,base_form,7f6253d0fe0f47e3,,
1088.1.m4a,base_form,9d30d2c10e0bc3a9,,
1089.1.m4a,base_form,812422ac5dcb2de2,,
Word_1090.1.m4a,base_form,5bd1a7513c10512a,,
Word_1093.1.m4a,base_form,c8c3358fe0ae2c46,,
Word_1094.1.m4a,base_form,181acc81f3dfadc8,,
Word_1096.1.m4a,base_form,d98d99e631e4ae6f,,
Word_1097.1.m4a,base_form,f0fc857b68114900,,
1104.1.m4a,base_form,7d26250c4ea49056,,
Word_1105.1.m4a,base_form,4b3f5da12ac958a1,,
Word_1108.1.m4a,base_form,faae615c0db0b9b2,,
1111.1.m4a,base_form,b672fe1911d67e3b,,
1120.1.m4a,base_form,3e88df1a539f0de4,,
1125.1.m4a,base_form,73af00fcdd451350,,
1126.1.m4a,base_form,c291b4b12072a113,,
1127.1.m4a,base_form,a1871cde83e44b90,,
Word_1132.1.m4a,base_form,314f11aedcb2102f,,
Word_1133.1.m4a,base_form,1b9f3f7f65d1c4a3,,
1135.1.m4a,base_form,846f614930d72979,,
Word_1136.1.m4a,base_form,4d5570a67d4062d5,,
1141.1.m4a,base_form,7c0e7a51ea1fec04,,
1143.1.m4a,base_form,f701504b2417111b,,
1146.1.m4a,base_form,c2de65c07e3f2324,,
1147.1.m4a,base_form,e5835f0ad234c0ab,,
1148.1.m4a,base_form,1fc7b9efef814918,,
1150.1.m4a,base_form,046804147f571fdf,,
1152.1.m4a,base_form,ba99386eeb496181,,
1154.1.m4a,base_form,698cbea72053235c,,
1160.1.m4a,base_form,35fd6a82ff107d63,,
1161.1.m4a,base_form,80a408bafc39d3a0,,
1150.1.m4a,base_form,e5b8b31231403552,,
Word_1136.1.m4a,base_form,e47ada6d39b8fe4e,,
1164.1.m4a,base_form,0f465eeada1bf902,,
1165.1.m4a,base_form,85fc74520e58dd4e,,
1166.1.m4a,base_form,ec3035e9bac06414,,
1167.1.m4a,base_form,d31eab818f8ab51e,,
1168.1.m4a,base_form,9ef3d22c22c6f5b6,,
1174.1.m4a,base_form,1cfa2bccd8319dc6,,
1175.1.m4a,base_form,43b0e932c462b2ed,,
1176.1.m4a,base_form,6572252ef3fd23bf,,
1178.1.m4a,base_form,4bfe73dda32d7316,,
1179.1.m4a,base_form,452fda9e6a53b223,,
1181.1.m4a,base_form,da7e4dda744d1dac,,
1182.1.m4a,base_form,a5f94e6c894c7760,,
1183.1.m4a,base_form,252dced642dbec70,,
1184.1.m4a,base_form,b22cc670218380b7,,
1185.1.m4a,base_form,63ad8f23f2d50369,,
1186.1.m4a,base_form,8affd155cf796ef9,,
1187.1.m4a,base_form,5ef9398e40a4ca94,,
1188.1.m4a,base_form,daf692192a95bb4d,,
1189.1.m4a,base_form,a8106955b2fb06cd,,
1190.1.m4a,base_form,51ce0c6ae1461e37,,
1191.1.m4a,base_form,a962f28491250077,,
1192.1.m4a,base_form,5b2c3447d9fdd02e,,
1193.1.m4a,base_form,005ffd93d9cb9ca4,,
1194.1.m4a,base_form,76bb3ad530451d89,,
1195.1.m4a,base_form,ddc5a9c89d67fb3a,,
1196.1.m4a,base_form,c2539d07a0d7fede,,
1197.1.m4a,base_form,ca890380efbe32ca,,
1201.1.m4a,base_form,ab780f7019046f3e,,
1202.1.m4a,base_form,c807233822c41717,,
1203.1.m4a,base_form,889ab2ae0dde0b12,,
1205.1.m4a,base_form,1e2f659b4ed4b295,,
1206.1.m4a,base_form,cc83ccbb88fb617c,,
1207.1.m4a,base_form,ef8a0c0dfaffcb45,,
1208.1.MP3,base_form,40cd2865b65a1565,,
1210.1.MP3,base_form,5a46af579e82f3cd,,
1211.1.m4a,base_form,a450b9f5672a1449,,
1212.1.m4a,base_form,8520625ca8119e89,,
1213.1.m4a,base_form,8fd73ba2f6a2e3c0,,
1214.1.m4a,base_form,c7c3b1a7baaa075e,,
1215.1.m4a,base_form,abe2f7579558fc04,,
1216.1.m4a,base_form,e35d9106c54b3710,,
1217.1.m4a,base_form,512b6e2d594c68a1,,
1218.1.m4a,base_form,0b24cf7c34888727,,
1219.1.m4a,base_form,9443195d488a8b5d,,
1221.1.m4a,base_form,f33989a58b458383,,
1222.1.m4a,base_form,499165dad2f9980b,,
1223.1.m4a,base_form,1c09583dcc90096f,,
1225.1.m4a,base_form,cf2db4f8b964ca66,,
1226.1.m4a,base_form,85e80cbcaea9d8f9,,
1227.1.m4a,base_form,cfab335397029d09,,
1228.1.m4a,base_form,8f295d25c6d74d26,,
1229.1.m4a,base_form,c066d717293a0716,,
1230.1.m4a,base_form,37212c096da4eb03,,
1231.1.m4a,base_form,a65cc35853b30b48,,
1233.1.m4a,base_form,6097e0e926e6b80b,,
1234.1.m4a,base_form,10f402557a06325f,,
1235.1.m4a,base_form,ced6c5cbe0b568fb,,
1236.1.m4a,base_form,88a55f49d5cdb370,,
1237.1.m4a,base_form,05746bbc22b361f1,,
1238.1.m4a,base_form,ae2404cc9a2cbb21,,
1239.1.m4a,base_form,43620a09a2334545,,
1240.1.m4a,base_form,09d6de5cbf710c0e,,
1241.1.m4a,base_form,ed5dfbf70efdc4c1,,
1242.1.m4a,base_form,f7899dd50efcc6cc,,
1243.1.m4a,base_form,6df1c11221f033a2,,
1246.1.m4a,base_form,85c4bfb126439a6e,,
1247.1.m4a,base_form,66fbe780c002a73d,,
1249.1.m4a,base_form,86246b999c7231f6,,
1250.1.m4a,base_form,89e991186fdd2629,,
1251.1.m4a,base_form,4120a895cd8d440a,,
1252.1.m4a,base_form,1c5b351316a065c4,,
1253.1.m4a,base_form,26016cfabd5e1864,,
1254.1.m4a,base_form,137c4e767f5a96ba,,
1255.1.m4a,base_form,e39547a230e83afa,,
1256.1.m4a,base_form,93229b9915e51a3e,,
1257.1.m4a,base_form,32c201a517e5de3f,,
1261.1.m4a,base_form,e025091d474ae601,,
1262.1.m4a,base_form,28221581e9410fca,,
1263.1.m4a,base_form,c93a9e102610c032,,
1265.1.m4a,base_form,fa433736ac596a0f,,
1266.1.m4a,base_form,5d1007b1c00a1305,,
1267.1.m4a,base_form,3b5f0129b5d109d0,,
1268.1.m4a,base_form,5226ccef105c12bf,,
1269.1.m4a,base_form,14280961bb3d30e9,,
1270.1.m4a,base_form,e1026858f84e6851,,
1271.1.m4a,base_form,5ef5290f35625675,,
1274.1.m4a,base_form,243c4f0a07ff4325,,
1276.1.m4a,base_form,6cc2b02c985051f8,,
1277.1.m4a,base_form,19d6c9bf2db80f9c,,
1279.1.m4a,base_form,892c9234ef32cbf3,,
1288.1.m4a,base_form,ce6b4be7c22cb658,,
1289.1.m4a,base_form,336ce12fee490827,,
1290.1.m4a,base_form,f989704ce0c7d6ea,,
1291.1.m4a,base_form,86c2f71b769dc3bb,,
1293.1.m4a,base_form,afb9e397ce077799,,
1294.1.m4a,base_form,3537db261bd56ba1,,
1295.1.m4a,base_form,acfbb512231edc55,,
1296.1.m4a,base_form,c398fa146df2183f,,
1299.1.m4a,base_form,f458335f2a9b9a9a,,
1301.1.m4a,base_form,1d45cd5ba171d4fa,,
1302.1.m4a,base_form,5682c84791d00d24,,
1303.1.m4a,base_form,e041bd4780b162af,,
1306.1.m4a,base_form,20719ceb43320e99,,
1308.1.m4a,base_form,d7664f6a2454e136,,
1310.1.m4a,base_form,b6c17b9f91667373,,
1311.1.m4a,base_form,6fe2671b66138479,,
1320.1.m4a,base_form,bc7e19bc94e0cf40,,
1321.1.m4a,base_form,82120a82f20637a2,,
1327.1.m4a,base_form,c72a85585897dc23,,
1328.1.m4a,base_form,9b7ef53093ff9310,,
1330.1.m4a,base_form,6eccbd8c88c3699c,,
1331.1.m4a,base_form,57978a1a37e2bc2e,,
1334.1.m4a,base_form,8757953b883b5e14,,
1335.1.m4a,base_form,5c38562154ff0a45,,
1339.1.m4a,base_form,5245c1a37d25caad,,
1340.1.m4a,base_form,c62d340ea716eb6e,,
1341.1.m4a,base_form,3b1e7cba884360d7,,
1342.1.m4a,base_form,98c6cc3127425b3f,,
1343.1.m4a,base_form,fb0f73c44dcf7d7c,,
1344.1.m4a,base_form,87d6f347b760fb67,,
1346.1.m4a,base_form,5f4b4331167c4181,,
1347.1.m4a,base_form,359b203afc85bd48,,
1348.1.m4a,base_form,ff833872b164f9ce,,
1349.1.m4a,base_form,7fe2edd4af2b6a8c,,
1357.1.m4a,base_form,67997a448f22e188,,
1359.1.m4a,base_form,e20e51221aec625b,,
1362.1.m4a,base_form,e6a910e1b91720e6,,
1367.1.m4a,base_form,c9211ca49a2ba602,,
1369.1.m4a,base_form,620e9e04ba4ecd5d,,
1370.1.m4a,base_form,e7491851e4db731a,,
1371.1.m4a,base_form,02f56feba842417c,,
1372.1.m4a,base_form,3800843220a9a51b,,
1373.1.m4a,base_form,919f965b976ac795,,
1377.1.m4a,base_form,13dcccf6b2fecd46,,
1378.1.m4a,base_form,c8868e4acfa25641,,
1379.1.m4a,base_form,081b6581601143ab,,
1381.1.m4a,base_form,d6692cb92f8f06d4,,
1382.1.m4a,base_form,2f9db4c187ef2eae,,
1383.1.m4a,base_form,494ea10bb0a584bf,,
1384.1.m4a,base_form,553e48b6e6c40056,,
1385.1.m4a,base_form,dbc0c8dc2cc625e4,,
1386.1.m4a,base_form,125dad292a788344,,
1387.1.m4a,base_form,6391bdb9dd6fa474,,
1389.1.m4a,base_form,2734c45bd1154858,,
1390.1.m4a,base_form,2bd06980c62c17ec,,
1391.1.m4a,base_form,b4f2ad87f9ed4402,,
1392.1.m4a,base_form,c618ced9ad543725,,
1393.1.m4a,base_form,3b9f744ed0363fab,,
1394.1.m4a,base_form,58e083d52856c614,,
1395.1.m4a,base_form,f890b7958516611c,,
1399.1.m4a,base_form,7d7b642d1f12c705,,
1400.1.m4a,base_form,708d91476d50ada2,,
1401.1.m4a,base_form,9658785e36ad9773,,
1404.1.m4a,base_form,3c024dd9a9406a79,,
1406.1.m4a,base_form,686903b0caf1efdc,,
1407.1.m4a,base_form,354daa1a61d94af3,,
1410.1.m4a,base_form,1e1fff6baa4a2466,,
1411.1.m4a,base_form,8000aa7c8c2515bb,,
1413.1.m4a,base_form,3c8715822f1b8ef5,,
1414.1.m4a,base_form,7e4b24816acc50d6,,
1415.1.m4a,base_form,0ca2f3d98193ad65,,
1417.1.m4a,base_form,2ef73c02bcb63e03,,
1419.1.m4a,base_form,b5fe1dd88df03088,,
1420.1.m4a,base_form,08fd1c63681b2fa7,,
1422.1.m4a,base_form,eb9bb83c98fb0cd7,,
1423.1.m4a,base_form,d4b93abc2e8d910b,,
1424.1.m4a,base_form,6e101f865dd91d1e,,
1425.1.m4a,base_form,25565fdff1f2dc40,,
1427.1.m4a,base_form,42a20b4455d175a5,,
1429.1.m4a,base_form,d44610170446335b,,
1430.1.m4a,base_form,1bc5cd507f3f99d8,,
1431.1.m4a,base_form,8105250e3c583c0d,,
1433.1.m4a,base_form,10302a53b8214d58,,
1434.1.m4a,base_form,f907e80b1277a2b7,,
1435.1.m4a,base_form,a4efb072a0e96dbe,,
1436.1.m4a,base_form,951a919c1b820a4f,,
1437.1.m4a,base_form,c42485ac40c578ff,,
1438.1.m4a,base_form,c42b7fae6ae150bf,,
1439.1.m4a,base_form,f0034f1d4b0a86d9,,
1441.1.m4a,base_form,2f77260c50b17136,,
1444.1.m4a,base_form,10b7757e36f1e829,,
1445.1.m4a,base_form,5954b50e3d310420,,
1446.1.m4a,base_form,64dbc8875b744d33,,
1452.1.m4a,base_form,312a369bd6a4b0fb,,
1453.1.m4a,base_form,b4cdb955b44a5184,,
1454.1.m4a,base_form,33f8d3d1d15642fd,,
1455.1.m4a,base_form,e59acded0a06a415,,
1456.1.m4a,base_form,ddb7451f5f2e4a1c,,
1458.1.m4a,base_form,35e279e2e0432fe4,,
1460.1.m4a,base_form,bc689484d0031288,,
1461.1.m4a,base_form,4f3f6e291458fe3e,,
1462.1.m4a,base_form,118a412284e4ede5,,
1463.1.m4a,base_form,3e6403b73f82827c,,
1465.1.m4a,base_form,9e8187840cda9f22,,
1467.1.m4a,base_form,64ee0df0834b57bc,,
1468.1.m4a,base_form,3bd79ea16b096788,,
1470.1.m4a,base_form,5a15ef3841d575f0,,
1471.1.m4a,base_form,419592a8c8460252,,
1472.1.m4a,base_form,160ef9ee84bd473b,,
1473.1.m4a,base_form,e100fe0653595602,,
1474.1.m4a,base_form,0e1b6c6671958b5a,,
1478.1.m4a,base_form,d275c1f26816a8c8,,
1479.1.m4a,base_form,59e45aea61fb9925,,
1480.1.m4a,base_form,e33faeafd6db5623,,
1481.1.m4a,base_form,d36decb4c6048032,,
1483.1.m4a,base_form,88e031ea29887bbf,,
1484.1.m4a,base_form,2c3771ab89718535,,
1485.1.m4a,base_form,dd11b36656c9c2ea,,
1486.1.m4a,base_form,8c708836b687300b,,
1487.1.m4a,base_form,2793343c9a2bd5b1,,
1488.1.m4a,base_form,6f191c72d802c973,,
1489.1.m4a,base_form,ffbf68cfb0aabe02,,
1491.1.m4a,base_form,51cff92e9c0d83c1,,
1492.1.m4a,base_form,8f4c99a69d8ef7d2,,
1493.1.m4a,base_form,7576f186c10f889d,,
1494.1.m4a,base_form,01d73a8491812b1e,,
1495.1.m4a,base_form,81ba4c556ccabc49,,
1496.1.m4a,base_form,ff7b8389230c7767,,
1497.1.m4a,base_form,778031b8245ca1be,,
1498.1.m4a,base_form,d2b73c27e0b8ec06,,
1499.1.m4a,base_form,36578baf541060fc,,
1500.1.m4a,base_form,97dd985cbe3522f6,,
1501.1.m4a,base_form,11660d34ab106670,,
1502.1.m4a,base_form,292423b3243fc4c8,,
1503.1.m4a,base_form,ee85174b699e3f75,,
1505.1.m4a,base_form,85e8f3c176ea5e9f,,
1506.1.m4a,base_form,b2f642e29b332870,,
1507.1.m4a,base_form,88bbe38911778af6,,
1508.1.m4a,base_form,0f179ba0de3934ed,,
1509.1.m4a,base_form,b3742a3982a5526b,,
1510.1.m4a,base_form,c518ecb6974518b0,,
1511.1.m4a,base_form,ae8eeb77c1201d59,,
1512.1.m4a,base_form,7cee4432ac5c7d82,,
1513.1.m4a,base_form,057f1944bc77fea9,,
1514.1.m4a,base_form,b7a05115abe29b29,,
1518.1.m4a,base_form,2e63ec25fcc9df8f,,
1519.1.m4a,base_form,b8aabbbf042a9589,,
1520.1.m4a,base_form,19e923d63c6f23a8,,
1521.1.m4a,base_form,6113c46d243df71c,,
1522.1.m4a,base_form,7ca42e081a4543f1,,
1524.1.m4a,base_form,8a27ebaf1fe23ce8,,
1526.1.m4a,base_form,5cd8ee8f085e9f3d,,
1527.1.m4a,base_form,63acfb1e860412d9,,
1529.1.m4a,base_form,c895f3768365e4ee,,
1531.1.m4a,base_form,ed9e1ed988c87268,,
1532.1.m4a,base_form,dbcc9547b4d70e69,,
1533.1.m4a,base_form,b80318eb3d88a4e4,,
1538.1.m4a,base_form,fafbdf5783073506,,
1539.1.m4a,base_form,e3a6ba73da8a2d83,,
1540.1.m4a,base_form,f61fcec829ada102,,
1541.1.m4a,base_form,10a2e5c237111ba7,,
1543.1.m4a,base_form,20e7a197c9b49082,,
1548.1.m4a,base_form,5a5f56eae73bad29,,
1554.1.m4a,base_form,b58cabe34015a76c,,
1556.1.m4a,base_form,ac5d9aa5686e73f3,,
1557.1.m4a,base_form,2fb6358a051ca5d0,,
1558.1.m4a,base_form,f4b206aa85b7ac7f,,
1560.1.m4a,base_form,f2edf5d8659b9296,,
1561.1.m4a,base_form,9776299997ab1b15,,
1562.1.m4a,base_form,6218b493c8528a97,,
1563.1.m4a,base_form,e613b379668980b8,,
1564.1.m4a,base_form,0913467768484f62,,
1565.1.m4a,base_form,d0124103124d3b52,,
1566.1.m4a,base_form,5c170b5cc66a3319,,
1567.1.m4a,base_form,b407fbe6bfeb71af,,
1568.1.m4a,base_form,ae0a334ad615f6bc,,
1569.1.m4a,base_form,863abb09fa974789,,
1570.1.m4a,base_form,696f146de8bbee62,,
1572.1.m4a,base_form,55de0aaf4826ad6c,,
1575.1.m4a,base_form,1889afa28e425a5c,,
1576.1.m4a,base_form,95b75ecfb3c7b353,,
1579.1.m4a,base_form,5e71dda090cb9fee,,
1581.1.m4a,base_form,80bde6e885fc0011,,
1583.1.m4a,base_form,433327b768d8d3ba,,
1584.1.m4a,base_form,019b4807ae920364,,
1586.1.m4a,base_form,e7a3968bf0b00a6d,,
1588.1.m4a,base_form,076edc32f17a8931,,
1591.1.m4a,base_form,335352a4cacee008,,
1592.1.m4a,base_form,9900c283a83b2e3d,,
1595.1.m4a,base_form,9bf3b6d81e929139,,
1598.1.m4a,base_form,0eefc209ae742a0b,,
1599.1.m4a,base_form,753a556ac8de1fdc,,
1604.1.m4a,base_form,fd6e92be526ef008,,
1605.1.m4a,base_form,f9ffaa0e66f62e15,,
1606.1.m4a,base_form,65f131753ee9d67f,,
1607.1.m4a,base_form,6e49ecb8a8a026ce,,
1609.1.m4a,base_form,e4ffe46eadb9a72a,,
1612.1.m4a,base_form,3d2b477eb321798c,,
1613.1.m4a,base_form,ae62edde24a8aa2e,,
1615.1.m4a,base_form,cf47fe69dd97cd4c,,
1616.1.m4a,base_form,b36da9a6f9c09f4a,,
1618.1.m4a,base_form,e57decb3deede438,,
1619.1.m4a,base_form,7f0ac504417b428a,,
1621.1.m4a,base_form,f54e996bcb366e4c,,
1622.1.m4a,base_form,2426996dc6904d10,,
1624.1.m4a,base_form,7a7632b71c4555d8,,
1625.1.m4a,base_form,949e9835e86ac9ad,,
1628.1.m4a,base_form,04208070d120d176,,
1631.1.m4a,base_form,84fe36f90d1902e5,,
1632.1.m4a,base_form,5dbc876312191475,,
1633.1.m4a,base_form,ad4792a57a65d49c,,
1634.1.m4a,base_form,a9ecb90d0407308e,,
1639.1.m4a,base_form,c41769afc32a63e3,,
1640.1.m4a,base_form,b870ad9fbc4f75c8,,
1641.1.m4a,base_form,92e1565ccb5ddab7,,
1643.1.m4a,base_form,43df18057172a0bd,,
1645.1.m4a,base_form,c8b70b7610f9197e,,
1647.1.m4a,base_form,9f4b06fae8ee40ba,,
1648.1.m4a,base_form,e4e919db728ea69c,,
1649.1.m4a,base_form,55b19ff8383e3863,,
1650.1.m4a,base_form,8770c98fd6f5be69,,
1652.1.m4a,base_form,cd03ea53933c7686,,
1653.1.m4a,base_form,6782cab5397f887e,,
1655.1.m4a,base_form,084303d8afb25998,,
1656.1.m4a,base_form,647a70ec4f047574,,
1657.1.m4a,base_form,efa5bb3ac34c0d4b,,
1660.1.m4a,base_form,549eca08cdb5ac74,,
1661.1.m4a,base_form,03fb4aa2c4e57ffc,,
1662.1.m4a,base_form,597f4fcce5005fa1,,
1666.1.m4a,base_form,04c790ae25cb75a2,,
1667.1.m4a,base_form,d2b6b9209aca8c89,,
1669.1.m4a,base_form,d1a5357844adeba2,,
1671.1.m4a,base_form,c1da7664ccfe4566,,
1673.1.m4a,base_form,ea909ee5ca87ab84,,
1674.1.m4a,base_form,6c704bc9e235eb94,,
1675.1.m4a,base_form,245db2198fc88f7e,,
1676.1.m4a,base_form,f155bb6d99805900,,
1677.1.m4a,base_form,8e28c1cfc170196f,,
1681.1.m4a,base_form,799e3fc4fad7e01f,,
1692.1.m4a,base_form,c94e9fb4fb6e6fcc,,
1694.1.m4a,base_form,0134dc7f8c5141a9,,
1696.1.m4a,base_form,018cea3280b800c5,,
1697.1.m4a,base_form,f7f587908e018eba,,
1699.1.m4a,base_form,51abd310d5a69b3e,,
1700.1.m4a,base_form,a609ade0377c9ced,,
1703.1.m4a,base_form,7f3e26d60e8299b0,,
1707.1.m4a,base_form,580002dfc1ca277e,,
1709.1.m4a,base_form,da07adfafe12f15e,,
1710.1.m4a,base_form,670cbc639d401bd3,,
1711.1.m4a,base_form,facead6c49438986,,
1713.1.m4a,base_form,d08c63795519205c,,
1714.1.m4a,base_form,1994410f2f99a582,,
1716.1.m4a,base_form,a88f712c86fb6599,,
1717.1.m4a,base_form,8fde31fac5ec5d38,,
1718.1.m4a,base_form,e0d5e5164462dad1,,
1719.1.m4a,base_form,459b0a9a6f39fc67,,
1722.1.m4a,base_form,5a9c973cbb4faa2a,,
1723.1.m4a,base_form,4a12aebc05c0512d,,
1725.1.m4a,base_form,7a77eaf1e6a1dad2,,
1726.1.m4a,base_form,69fc8ef8b1c4291e,,
1728.1.m4a,base_form,7827eeefa6ed52c1,,
1729.1.m4a,base_form,5f60e102f1450db2,,
1735.1.m4a,base_form,feec042b68c025df,,
1738.1.m4a,base_form,7c5b047d1bad0042,,
1739.1.m4a,base_form,af0e366876f8fa8b,,
1741.1.m4a,base_form,db6cea154ffe22b2,,
1742.1.m4a,base_form,39b07ea23730d178,,
1744.1.m4a,base_form,80d580f124433ef0,,
1745.1.m4a,base_form,4c94f36c48686208,,
1746.1.m4a,base_form,de8e908822d5f653,,
1748.1.m4a,base_form,cf32a979bbad4197,,
1751.1.m4a,base_form,c184e3e0c33aecf5,,
1752.1.m4a,base_form,0668f1c715656aab,,
1753.1.m4a,base_form,711547b960b4309b,,
1754.1.m4a,base_form,a933fa87e0ddfe62,,
1755.1.m4a,base_form,f601e2b55bad87ca,,
1757.1.m4a,base_form,50cdfe43a6d27519,,
1758.1.m4a,base_form,95d47b82128866ce,,
1760.1.m4a,base_form,5c3941cc231f0430,,
1762.1.m4a,base_form,cbe00c70cadac143,,
1763.1.m4a,base_form,56a188f94e82be74,,
1768.1.m4a,base_form,7f5d0e252b3df122,,
1769.1.m4a,base_form,b264c28919db97cc,,
1771.1.m4a,base_form,d8a7c7acd4768f49,,
1778.1.m4a,base_form,39589ccd47204dc6,,
1779.1.m4a,base_form,8d60205ea0b33b19,,
1780.1.m4a,base_form,ea0d8dfb8f8d6f62,,
1781.1.m4a,base_form,8ef050b274cd5510,,
1782.1.m4a,base_form,129aed08745af92d,,
1783.1.m4a,base_form,abe795d3e49ca5e2,,
1784.1.m4a,base_form,4c535ce5510c059c,,
1786.1.m4a,base_form,12ac4b94638fc558,,
1790.1.m4a,base_form,70458192b59642b3,,
1794.1.m4a,base_form,0f7036674e3c1576,,
1797.1.m4a,base_form,e094e2e2e8a74cac,,
1800.1.m4a,base_form,9087789f1f8ef164,,
1801.1.m4a,base_form,42ed33dfa3c3df1a,,
1802.1.m4a,base_form,9b8ddd7b713031a2,,
1803.1.m4a,base_form,8211057cf550ef41,,
1812.1.m4a,base_form,3ae40e7478f865bd,,
1813.1.m4a,base_form,44c560a003e55c70,,
1816.1.m4a,base_form,e46aa4ed3e493345,,
1819.1.m4a,base_form,a57332aa2fef96be,,
1820.1.m4a,base_form,20989d8515334430,,
1822.1.m4a,base_form,7717ce42d5aad1cc,,
1825.1.m4a,base_form,1db140b4b1a45cae,,
1826.1.m4a,base_form,3dbf345b603fdb67,,
1827.1.m4a,base_form,1a57d1e3edef567e,,
1828.1.m4a,base_form,b2703f7d581b008a,,
1829.1.m4a,base_form,6330269db1ae4e06,,
1831.1.m4a,base_form,ad4cbce26469d144,,
1832.1.m4a,base_form,e014d9741d75f693,,
1833.1.m4a,base_form,19fc7a18fe09efd7,,
1835.1.m4a,base_form,0220c659f1bb7138,,
1836.1.m4a,base_form,23568d6575502700,,
1837.1.m4a,base_form,b351371fb1782d6a,,
1839.1.m4a,base_form,8a2fc959bf1cb26c,,
1840.1.m4a,base_form,410635c02eaf3b75,,
1841.1.m4a,base_form,4654c480fed1663e,,
1843.1.m4a,base_form,3101d4b16a03b229,,
1848.1.m4a,base_form,f34d114cab0832e4,,
1850.1.m4a,base_form,363cdcd17a867172,,
1851.1.m4a,base_form,5c0c860b80b7fb78,,
1855.1.m4a,base_form,0d4e197f07f81015,,
1860.1.m4a,base_form,091b4204c98a1b1a,,
1861.1.m4a,base_form,1b465fc7b3842205,,
1863.1.m4a,base_form,be637e60189052aa,,
1864.1.m4a,base_form,6f19c15c8466a2a1,,
Word_CNLD_boy_4.1.m4a,conjugation,b8ea59d860ba3d25,noun|singular|,
Word_0004.2.m4a,conjugation,b8ea59d860ba3d25,noun|plural|,
0005.1.m4a,conjugation,9fbc053b0248efe2,noun|singular|,
Word_0005.2.m4a,conjugation,9fbc053b0248efe2,noun|plural|,
Word_0006.1.m4a,conjugation,c73307b1cc0b6ee1,noun|singular|,
0007.1.m4a,conjugation,6032a2e5be2929c2,noun|singular|,
Word_0007.2.m4a,conjugation,6032a2e5be2929c2,noun|plural|,
Word_0008.3.m4a,conjugation,5eb1206f75f70254,3s|3s|completive past,
Word_0010.1.m4a,conjugation,30d423acd3adf296,3s|3s|present,
Word_0011.3.m4a,conjugation,c6b34d4b5381be8b,3s|3s|completive past,
Word_0012.1.m4a,conjugation,16245648be73c139,noun|singular|,
Word_0013.1.m4a,conjugation,5197d1054c8f3845,noun|singular|,
Word_0016.1.m4a,conjugation,e7b7ae6ab327a5c0,noun|singular|,
0017.1.m4a,conjugation,d53ed5f7038fe5f2,noun|singular|,
Word_0017.2.m4a,conjugation,d53ed5f7038fe5f2,noun|plural|,
Word_0018.1.m4a,conjugation,b829803ea8edcd44,noun|singular|,
Word_CNLD_gift_19.1.m4a,conjugation,ab2837c47a09d47a,noun|singular|,
Word_0019.2.m4a,conjugation,ab2837c47a09d47a,noun|plural|,
Word_CNLD_fan_21.1.m4a,conjugation,8ea3256ee12db92d,noun|singular|,
Word_0023.3.m4a,conjugation,c6164c5fa1e0d935,3s|3s|completive past,
Word_0024.1.m4a,conjugation,a315955ec891de56,noun|singular|,
Word_0025.4.m4a,conjugation,9d71a16d45a1d8b3,3s|3s|completive past,
Word-0027.1.m4a,conjugation,17f352435ae4d53c,noun|singular|,
Word_0028.1.m4a,conjugation,20fcdaa9f10f8e73,noun|singular|,
Word_0030.1.m4a,conjugation,5f94225a5d942562,noun|singular|,
Word_0031.4.m4a,conjugation,e7d5cb5c8285d5df,3s|3s|habitual,
0032.1.m4a,conjugation,889259edb8b08911,noun|singular|,
Word_0033.3.m4a,conjugation,b85e4ea4b98ba153,3s|3s|habitual,
Word_0034.6.m4a,conjugation,4c3b4e7079a24667,3s|3s|infinitive,
Word_CNLD_store_35.1.m4a,conjugation,0e65e797db6bb930,noun|singular|,
Word_CNLD_stores_35.2.m4a,conjugation,0e65e797db6bb930,noun|plural|,
Word_0038.3.m4a,conjugation,9491ca6e6565eaab,3s|3s|completive past,
0039.1.m4a,conjugation,b299252fb51cd5e6,noun|singular|,
Word_0039.2.m4a,conjugation,b299252fb51cd5e6,noun|plural|,
0040.1.m4a,conjugation,692bfeef6c6a901e,noun|singular|,
Word_0041.1.m4a,conjugation,56bbfbff8eb643f3,noun|singular|,
Word_0042.1.m4a,conjugation,b0fc45028f893c0c,noun|singular|,
Word_0043.1.m4a,conjugation,b98e8ebd66548398,3s|3s|present,
0044.1.m4a,conjugation,9a2fb077eb3a67e4,noun|singular|,
Word_0045.1.m4a,conjugation,1d0b1a36ef01cb24,3s|3s|present,
Word_0047.1.m4a,conjugation,8e9c9785c69a6436,3s|3s|present,
Word_0048.3.m4a,conjugation,5149e5a568ce0ed4,3s|3s|completive past,
Word_0050.4.m4a,conjugation,b0cefb0b2dba66b7,3s|3s|habitual,
0051.1.m4a,conjugation,6c080091945371a7,noun|singular|,
0053.1.m4a,conjugation,2245a077e719e51b,noun|singular|,
Word_0053.2.m4a,conjugation,2245a077e719e51b,noun|plural|,
Word_0054.2.m4a,conjugation,17b81cf8cc64d0f1,noun|plural|,
Word_0055.1.m4a,conjugation,50c3fa12efd8fdf6,3s|3s|present,
0056.1.m4a,conjugation,22cdab7c28cbf3c0,noun|singular|,
Word_0057.1.m4a,conjugation,53f21936c19d75dc,noun|singular|,
Word_0058.5.m4a,conjugation,01ca66ab102603c7,2s|3s|imperative,
0061.1.m4a,conjugation,1a8ee04f79e546c6,noun|singular|,
Word_0062.1.m4a,conjugation,b3235050b6bb0de2,noun|singular|,
Word_0064.6.m4a,conjugation,fe4f1cd22409d661,3s|3s|infinitive,
Word_0065.6.m4a,conjugation,e8928935973848e7,3s|3s|infinitive,
Word_0066.3.m4a,conjugation,87e90047c884943c,3s|3s|completive past,
Word_0067.3.m4a,conjugation,e55f1a6b01c7d92b,3s|3s|completive past,
Word_0068.1.m4a,conjugation,f5e756b4fdfd35dd,noun|singular|,
0070.1.m4a,conjugation,628354d6cba0bf8c,noun|singular|,
0072.1.m4a,conjugation,ae2b133b57fc7701,noun|singular|,
Word_0074.2.m4a,conjugation,5efca4d5e1160aad,1s|3s|present,
0075.1.m4a,conjugation,6a1ef36b2ab737c0,noun|singular|,
Word_0080.1.m4a,conjugation,3875233daac0346e,3s|3s|present,
Word_0083.3.m4a,conjugation,f330811b6bd18795,3s|3s|completive past,
Word_0084.5.m4a,conjugation,c6dd55b925ae6280,2s|3s|imperative,
0085.1.m4a,conjugation,18bbdb492391d814,noun|singular|,
Word_0087.1.m4a,conjugation,64bd44efa1b63764,noun|singular|,
Word_0088.1.m4a,conjugation,8a6c765a0ddce3cf,noun|singular|,
0090.1.m4a,conjugation,bb5d72529b002ce7,noun|singular|,
Word_0093.1.m4a,conjugation,09f798c74b01bf1e,noun|singular|,
Word_0094.1.m4a,conjugation,f4c107715b1b287d,noun|singular|,
Word_0095.1.m4a,conjugation,782f7cea419377f8,noun|singular|,
Word_0096.1.m4a,conjugation,52826352d34a3127,3s|3s|present,
0097.1.m4a,conjugation,20cdd561a4d9fca0,noun|singular|,
Word_0097.2.m4a,conjugation,20cdd561a4d9fca0,noun|plural|,
Word_0099.1.m4a,conjugation,ecb4abaea0562db4,3s|3s|present,
Word_0100.01.m4a,conjugation,8d0bc60dd9228319,3s|3s|present,
0101.1.m4a,conjugation,26a303e52db87c70,noun|singular|,
Word_0101.2.m4a,conjugation,26a303e52db87c70,noun|plural|,
Word_0105.6.m4a,conjugation,1a4b97f1dff4c381,2s|3a|imperative,
0106.1.m4a,conjugation,7f1336726d7e7e9e,noun|singular|,
Word_0106.2.m4a,conjugation,7f1336726d7e7e9e,noun|plural|,
Word_0107.1.m4a,conjugation,7104fb63adba3626,noun|singular|,
Word_0108.1.m4a,conjugation,fe11b2b82da4cf61,noun|singular|,
0109.1.m4a,conjugation,dad05922743095aa,noun|singular|,
Word_0111.1.m4a,conjugation,a8b152b1fbbd37b9,3s|3s|present,
Word_0112.1.m4a,conjugation,8ac5a89c3007acb7,noun|singular|,
Word_0113.2.m4a,conjugation,7089e94744caec44,1s|3s|present,
Word_0115.1.m4a,conjugation,69d113d3cc7b75f8,noun|singular|,
Word_0117.6.m4a,conjugation,da456f27ee69529f,3s|3s|infinitive,
Word_0118.1.m4a,conjugation,2c79412072ca10bf,noun|singular|,
Word_0120.1.m4a,conjugation,c5a639aabc366f6d,noun|singular|,
Word_0122.3.m4a,conjugation,25cc1d92ccc9b4e4,3s|3s|habitual,
Word_0123.1.m4a,conjugation,41266b7e36c2ecd7,3s|3s|present,
Word_0124.1.m4a,conjugation,fabc06528327e820,noun|singular|,
Word_0125.1.m4a,conjugation,6bd614b452335b59,noun|singular|,
Word_0126.1.m4a,conjugation,af2d83b2ae561a37,noun|singular animate|,
0127.1.m4a,conjugation,082dcf25e079f74f,noun|singular|,
Word_0128.1.m4a,conjugation,81fcb6cc4f89adfb,3s|3s|present,
Word_0129.1.m4a,conjugation,b635500252a18ec0,noun|singular|,
0130.1.m4a,conjugation,4c14c0fec6b8e32b,noun|singular|,
Word_0130.2.m4a,conjugation,4c14c0fec6b8e32b,noun|plural|,
Word_0133.3.m4a,conjugation,bef16ce2eafc748f,3s|3s|completive past,
0134.1.m4a,conjugation,32aaf37b823e2df7,noun|singular|,
Word_0136.1.m4a,conjugation,82f00cb803218c4e,noun|singular|,
Word_0137.1.m4a,conjugation,e070eef42d0a667c,noun|singular|,
Word_0138.4.m4a,conjugation,c724806b851474c6,3s|3s|habitual,
0139.1.m4a,conjugation,2cb5e89ee99782d9,noun|singular|,
Word_0139.2.m4a,conjugation,2cb5e89ee99782d9,noun|plural|,
Word_0141.1.m4a,conjugation,5602141f079e4b0f,3s|3s|present,
0142.1.m4a,conjugation,6309e94bc5491e83,noun|singular|,
Word_0142.2.m4a,conjugation,6309e94bc5491e83,noun|plural|,
Word_0143.2.m4a,conjugation,3dc41bc04c1006ef,1s|3a|present,
0144.1.m4a,conjugation,d78dbd8c2a80af93,noun|singular|,
Word_0145.1.m4a,conjugation,c7bc6eea412ff4b6,3s|3s|present,
0146.1.m4a,conjugation,525c6261d1c113fb,noun|singular|,
Word_0147.1.m4a,conjugation,36f12635220220d6,noun|singular|,
0149.1.m4a,conjugation,cf141fd724f1cf49,noun|singular|,
Word_0150.6.m4a,conjugation,b3da5014c6096bb9,3s|3s|infinitive,
0151.1.m4a,conjugation,d40f7dee0b8113fd,noun|singular|,
Word_0152.1.m4a,conjugation,4eda248dd36bfaf8,noun|singular|,
Word_0153.3.m4a,conjugation,0940c7725df4db4c,3s|3s|completive past,
Word_0154.5.m4a,conjugation,16fed3735909f0c9,3s|3s|infinitive,
0156.1.m4a,conjugation,6ba5a17660c615f8,noun|singular|,
Word_0157.1.m4a,conjugation,9018cb83b4fc56c3,3s|3s|present,
Word_0158.4.m4a,conjugation,9aab42e1082e79f3,3s|3s|habitual,
Word_0160.1.m4a,conjugation,93c1ef6997baf6d6,noun|singular|,
Word_0161.5.m4a,conjugation,78961db33d75cfbb,2s|3a|imperative,
Word_0162.1.m4a,conjugation,65003d68052348e9,3s|3s|present,
0163.1.m4a,conjugation,0acdb1e2a68d0da3,noun|singular|,
Word_0163.2.m4a,conjugation,0acdb1e2a68d0da3,noun|plural|,
Word_0165.1.m4a,conjugation,86329e8364457dac,noun|singular|,
Word_0168.1.m4a,conjugation,6db12884f177adc6,3s|3s|present,
Word_0170.1.m4a,conjugation,f23b24c1c0386c37,noun|singular|,
Word_0172.5.m4a,conjugation,4a7de61d68d68489,2s|3s|imperative,
Word_0173.4.m4a,conjugation,1aef793f5fb1ff71,3s|3s|habitual,
Word_0174.1.m4a,conjugation,1f033de7e2f4537a,noun|singular|,
Word_0175.8.m4a,conjugation,a23d01caab05ef28,3s|3s|infinitive,
0176.1.m4a,conjugation,31b43993a827246b,noun|singular|,
Word_0177.4.m4a,conjugation,7b29ddee8736259c,3s|3s|habitual,
Word_0179.6.m4a,conjugation,b250d3d581705655,3s|3s|infinitive,
Word_0180.1.m4a,conjugation,6bc7d42dda01ac3e,noun|singular|,
Word_0181.2.m4a,conjugation,1e7c0e0594c993f7,3s|3s|completive past,
Word_0182.4.m4a,conjugation,86d3c46b1c78bd96,3s|3s|habitual,
Word_0183.3.m4a,conjugation,d905f2861f1764a0,3s|3s|completive past,
0184.1.m4a,conjugation,8827a313cd827cef,noun|singular|,
Word_0185.2.m4a,conjugation,0b008466b3af6b0c,3s|3s|completive past,
0187.1.m4a,conjugation,35985e0bb75e990e,noun|singular|,
Word_0187.2.m4a,conjugation,35985e0bb75e990e,noun|plural|,
Word_0190.1.m4a,conjugation,66e8114e65921f53,noun|singular|,
Word_0192.6.m4a,conjugation,ecc42f87b0756ead,3s|3s|infinitive,
Word_0194.1.m4a,conjugation,5460f48b2515a739,noun|singular|,
Word_CNLD_Translation_0199.1.m4a,conjugation,f696f6f50dfe019f,noun|singular|,
Word_0205.1.m4a,conjugation,696ea2a9973ae7d8,noun|singular|,
0208.1.m4a,conjugation,c582ec578f8125b4,noun|singular|,
Word_CNLD_Drum_0209.1.m4a,conjugation,c7ffaf2937a33497,noun|singular|,
Word_0210.6.m4a,conjugation,70db624e8f054bab,3s|3s|infinitive,
Word_0211.5.m4a,conjugation,47755ae435a77937,2s|3s|imperative,
Word_0212.5.m4a,conjugation,8629bceb32caf6c7,2s|3s|imperative,
Word_0213.4.m4a,conjugation,808398a6d156cd37,3s|3s|habitual,
Word_0219.1.m4a,conjugation,f13e7fa98344e139,noun|singular|,
Word_0221.1.m4a,conjugation,a5adc2c3ec36d96b,3s|3s|present,
Word_0224.3.m4a,conjugation,622774ec9465c9b9,3s|3s|completive past,
0227.1.m4a,conjugation,1a66735665e778d7,noun|singular|,
0231.1.m4a,conjugation,871ab4fd59562ff3,noun|singular|,
0232.1.m4a,conjugation,1499590597bc72e2,noun|singular|,
Word_0233.1.m4a,conjugation,0e91e727936cf5cb,noun|singular|,
0235.1.m4a,conjugation,2877e3daff7d2c2e,noun|singular|,
Word_0236.8.m4a,conjugation,6ea340c44873611b,3s|3s|infinitive,
Word_0237.2.m4a,conjugation,a72f73317df99b29,noun|singular|,
Word_0242.1.m4a,conjugation,b03af5820d0e7d09,noun|singular|,
0243.1.m4a,conjugation,df78c7500909f083,noun|singular|,
Word_0245.4.m4a,conjugation,96479fc65cdfa6d9,3s|3s|habitual,
Word_0246.5.m4a,conjugation,21751ef53bf0554a,2s|3s|imperative,
0247.1.m4a,conjugation,1dc9c25e673da60b,noun|singular|,
Word_0248.1.m4a,conjugation,2887f172b43bf909,3s|3s|present,
Word_0249.1.m4a,conjugation,b0addfe89d894f7d,noun|singular|,
Word_0250.1.m4a,conjugation,f75c1b4f49aa5c09,3s|3s|present,
Word_0251.1.m4a,conjugation,6c990992fda2c8e6,noun|singular|,
Word_0252.1.m4a,conjugation,5326dd518b1633b2,noun|singular|,
Word_0253.1.m4a,conjugation,d867136dd5ea738a,noun|singular|,
Word_0254.1.m4a,conjugation,2fa151c987a74f08,noun|singular|,
Word_0255.1.m4a,conjugation,a42e80d2733545c5,3s|3s|present,
Word_CNLD_Flower_257.1.m4a,conjugation,b20c3c8e475585f9,noun|singular|,
Word_0258.1.m4a,conjugation,5757aa3d954dfdb8,noun|singular|,
Word_0262.2.m4a,conjugation,face012b7a598770,noun|singular|,
Word_0264.1.m4a,conjugation,badd26e614faecf6,noun|singular|,
Word_0265.1.m4a,conjugation,1d642ab1923a7bb8,noun|singular|,
Word_0267.1.m4a,conjugation,2a3a59d953282900,noun|singular|,
0269.1.m4a,conjugation,b700027706b7fc35,noun|singular|,
Word_0269.2.m4a,conjugation,b700027706b7fc35,noun|plural|,
Word_0270.2.m4a,conjugation,30ce5318bd05f216,1s|3s|present,
Word_0271.1.m4a,conjugation,d2d3333cd7532a5b,noun|singular|,
Word_0272.2.m4a,conjugation,c357b7970f64bde3,noun|singular|,
Word_0273.1.m4a,conjugation,4dc5056c8975a69e,3s|3s|present,
Word_0274.1.m4a,conjugation,0b2b12ee9220402b,noun|singular|,
Word_0275.1.m4a,conjugation,ecdfb0dc8ae179c8,noun|singular|,
Word_0276.1.m4a,conjugation,0da6f1d692644b07,noun|singular|,
Word_0277.1.m4a,conjugation,2dfc49747319c444,3s|3s|present,
Word_0279.1.m4a,conjugation,d5963611cf67038a,noun|singular|,
Word_0281.1.m4a,conjugation,c325526368a39135,noun|singular|,
Word_0282.1.m4a,conjugation,d92c1462cb4a0299,noun|singular|,
Word_0283.3.m4a,conjugation,4c2649210ec5c1d6,3s|3s|completive past,
Word_0288.1.m4a,conjugation,ee7b9c78fefa3d4a,3s|3s|present,
Word_0289.1.m4a,conjugation,fec7ba87bfb7cce6,noun|singular|,
0291.1.m4a,conjugation,85589ea48685dc50,noun|singular|,
Word_0292.1.m4a,conjugation,f8a0dda72a221ae8,noun|singular|,
Word_0293.3.m4a,conjugation,87bd3fb8298224a1,3s|3s|completive past,
Word_0294.1.m4a,conjugation,1143c5313cc5e614,noun|singular|,
Word_0296.1.m4a,conjugation,1d79f73818d27804,noun|singular|,
Word_0298.1.m4a,conjugation,684be809c313d1a1,3s|3s|present,
0299.1.m4a,conjugation,ccd2e510cc83794c,noun|singular|,
Word_0300.2.m4a,conjugation,ae7e6afb3ea21604,1s|3s|present,
0302.1.m4a,conjugation,2dbb0ed7c5b6c54a,noun|singular|,
Word_0304.6.m4a,conjugation,805a943db4940ee2,2s|3a|imperative,
0306.1.m4a,conjugation,b952bfacd3e9fc93,noun|singular|,
Word_0308.1.m4a,conjugation,a252cfca35fcf64e,noun|singular|,
0309.1.m4a,conjugation,d4be88a0c86f867d,noun|singular|,
Word_0309.2.m4a,conjugation,d4be88a0c86f867d,noun|plural|,
Word_0310.1.m4a,conjugation,bb91104fa3221340,3s|3s|present,
Word_0311.1.m4a,conjugation,e5b8c00ece1f5b99,noun|unknown|,
Word_0312.6.m4a,conjugation,8377fd9f42647abd,3s|3s|infinitive,
Word_0313.5.m4a,conjugation,84913ef717d5436f,2s|3s|imperative,
Word_0315.7.m4a,conjugation,73c30413ce7136dd,2s|3s|imperative,
Word_0317.1.m4a,conjugation,4c0dad0802fc5e62,noun|singular|,
Word_0318.1.m4a,conjugation,ac7f1013a32652e4,3s|3s|present,
Word_0319.1.m4a,conjugation,205e89f03849cb0f,noun|singular|,
Word_0320.2.m4a,conjugation,e1b631d738edd13f,noun|singular|,
Word_0321.1.m4a,conjugation,4705fcf746893e93,3s|3s|present,
Word_0322.1.m4a,conjugation,7cf2416caef037ab,3s|3s|present,
Word_0323.1.m4a,conjugation,c7fe14149e67e02a,noun|singular|,
0326.1.m4a,conjugation,481c3af254963f18,noun|singular|,
Word_0327.4.m4a,conjugation,7cadefb71763dead,3s|3s|habitual,
Word_0328.1.m4a,conjugation,47c01bfffa2decba,noun|singular|,
0330.1.m4a,conjugation,431d5d8127c6275c,noun|singular|,
Word_0330.2.m4a,conjugation,431d5d8127c6275c,noun|plural|,
Word_0332.5.m4a,conjugation,63b1eb65c1a27170,2s|3s|imperative,
Word_0333.1.m4a,conjugation,dc57f44b915781f1,noun|singular|,
Word_0334.4.m4a,conjugation,23cee5c9fb194e6b,3s|3s|habitual,
Word_0335.1.m4a,conjugation,4d0716a4190d7ff5,noun|singular|,
Word_0336.4.m4a,conjugation,51028035092b4c60,3s|3s|habitual,
Word_0337.3.m4a,conjugation,d430058575699161,3s|3s|completive past,
0340.1.m4a,conjugation,ac799ad78fa89eb8,noun|singular|,
Word_0342.3.m4a,conjugation,66b38b2f64313d30,3s|3s|completive past,
Word_0345.5.m4a,conjugation,e0616523c35a8f3d,2s|3s|imperative,
Word_0348.5.m4a,conjugation,f345ec3c6182fedd,2s|3s|imperative,
Word_0350.1.m4a,conjugation,48f300a6f1db1970,noun|singular|,
Word_0351.1.m4a,conjugation,0207cba564635bcd,3s|3s|present,
Word_0353.1.m4a,conjugation,bc4508bfacb740fc,noun|singular|,
Word_0356.1.m4a,conjugation,9c0cacde7a0d8412,noun|singular|,
Word_0357.1.m4a,conjugation,c517d9d721e2a2c7,noun|singular|,
Word_0358.1.m4a,conjugation,e9594e98c57154e7,3s|3s|present,
Word_0359.1.m4a,conjugation,e839043153f0e679,noun|singular|,
Word_0360.1.m4a,conjugation,1347236358e3e8dd,noun|singular|,
0355.1.MP3,conjugation,724d4b65b5efaf52,noun|singular|,
Word_0362.1.m4a,conjugation,4b85f26c39bbb4e5,3s|3s|present,
Word_0363.1.m4a,conjugation,6425ad0c00d7af2d,3s|3s|present,
Word_0364.1.m4a,conjugation,884c0a7fdddb80e7,noun|singular|,
0365.1.m4a,conjugation,087372353c02131c,noun|singular|,
Word_0366.6.m4a,conjugation,a4e09d062c66a306,3s|3s|infinitive,
0367.1.m4a,conjugation,3b2f00e433597efd,noun|singular|,
Word_0367.2.m4a,conjugation,3b2f00e433597efd,noun|plural|,
Word_0368.1.m4a,conjugation,8e82dc4823f6fdc7,3s|3s|present,
Word_0369.3.m4a,conjugation,6e99fa8d99553110,3s|3s|completive past,
Word_0371.1.m4a,conjugation,610d016169bdfae0,noun|singular|,
Word_0372.1.m4a,conjugation,be7aba423a93e242,3s|3s|present,
Word_0374.3.wav,conjugation,fbdb97646ad6b8e1,3s|3s|completive past,
Word_0375.1.m4a,conjugation,5fc9bf080fa5afee,noun|singular|,
Word_0376.1.m4a,conjugation,acb4d364a5f84a1a,noun|singular|,
Word_0377.1.m4a,conjugation,3986ebfea2b6f790,noun|singular|,
Word_0378.1.m4a,conjugation,bd3e34fce17fb0e7,noun|singular|,
Word_0379.1.m4a,conjugation,d48e2c458f77c1dc,noun|singular|,
Word_0381.6.m4a,conjugation,523bd6abe14c7184,2s|3a|imperative,
Word_CNLD_Dress_0383.1.m4a,conjugation,11eeeef87b5daad1,noun|singular|,
Word_0385.2.m4a,conjugation,7a2b17222296dde7,3s|3s|completive past,
0386.1.m4a,conjugation,545715ed9ba250d6,noun|singular|,
Word_0387.3.m4a,conjugation,4019d8b773d15ab6,3s|3s|completive past,
Word_0388.1.m4a,conjugation,db8b35833b0376d7,3s|3s|present,
Word_0389.2.m4a,conjugation,231d22d889742b3c,1s|3a|present,
0392.1.m4a,conjugation,6c213afc415d7077,noun|singular|,
Word_0394.1.m4a,conjugation,85db14b6b7f00b8b,noun|singular|,
0398.1.m4a,conjugation,99f448b3a081b9a4,noun|singular|,
Word_0398.2.m4a,conjugation,99f448b3a081b9a4,noun|plural|,
Word_0399.3.m4a,conjugation,20526326f54b12ca,3s|3s|completive past,
Word_0400.1.m4a,conjugation,ab184a5ded7a019b,3s|3s|present,
Word_0401.1.m4a,conjugation,148913748a2edc06,noun|singular|,
Word_0403.1.m4a,conjugation,178bfdadcab0df36,noun|unknown|,
Word_0404.8.m4a,conjugation,9f8e3c3a313be9f9,3s|3s|infinitive,
Word_0405.3.m4a,conjugation,26b2e9d71dbd790c,3s|3s|completive past,
Word_0406.1.m4a,conjugation,34659f365615342d,noun|singular|,
Word_0407.3.m4a,conjugation,420982d673219dcd,3s|3s|completive past,
Word_0409.7.m4a,conjugation,c2ffaf7ab0a1a533,3s|3s|infinitive,
Word_0410.1.m4a,conjugation,91ed803b1a594c61,noun|singular|,
0411.1.m4a,conjugation,44450aa4fe6c5558,noun|singular|,
Word_0413.1.m4a,conjugation,7ad43d4fdd46f191,noun|singular|,
Word_0414.1.m4a,conjugation,6e036f66304e6533,noun|singular|,
Word_0415.1.m4a,conjugation,af79b4bd9080ae21,noun|singular|,
Word_0416.1.m4a,conjugation,c5c2328736516173,noun|singular|,
Word_0419.3.m4a,conjugation,af107312a56fc0a4,3s|3s|completive past,
Word_0420.7.m4a,conjugation,90084d3bf8f761f2,2s|3s|imperative,
0422.1.m4a,conjugation,4ec54991b9fbe22b,noun|singular|,
Word_0423.1.m4a,conjugation,d11ab5dacaf1b943,3s|3s|present,
Word_0424.2.m4a,conjugation,4ae3a06768719802,1s|3s|present,
0425.1.m4a,conjugation,793d33c2778a79b4,noun|singular|,
Word_0425.2.m4a,conjugation,793d33c2778a79b4,noun|plural|,
Word_0427.1.m4a,conjugation,02cdb5da31494bb5,noun|singular|,
Word_0428.3.m4a,conjugation,1826ea39aa0a804a,3s|3s|completive past,
Word_0431.3.m4a,conjugation,329badcee40640ed,3s|3s|completive past,
0433.1.m4a,conjugation,278ecc62e31ee104,noun|singular|,
Word_0435.1.m4a,conjugation,2d69ee0d2eebb3f5,3s|3s|present,
0440.1.m4a,conjugation,ce5fcbcd2d55ba09,3s|3s|present,
Word_0441.1.m4a,conjugation,40bcafc10c36f9de,noun|singular|,
Word_0442.1.m4a,conjugation,a94b8b496e81bd2a,noun|singular|,
0445.1.m4a,conjugation,262ef311b05f7f08,noun|singular|,
Word_0447.7.m4a,conjugation,a7c0fbde7024694d,2s|3s|imperative,
Word_0499.1.m4a,conjugation,da7bfa01c3867053,noun|singular|,
Word_0450.2.m4a,conjugation,ce376f20d34af2ea,1s|3s|present,
Word_0451.1.m4a,conjugation,122b7d9b261dc861,3s|3s|present,
Word_0453.4.m4a,conjugation,54463c857049e68d,3s|3s|habitual,
Word_0457.1.m4a,conjugation,a5cc47a73036a9c3,noun|singular|,
Word_0458.1.m4a,conjugation,beb0edff8afb3553,noun|singular|,
Word_0459.7.m4a,conjugation,b45443fc8a2044da,2s|3s|imperative,
Word_0460.5.m4a,conjugation,2856fabafd4bff26,2s|3s|imperative,
Word_0462.1.m4a,conjugation,8a55a732f9144aeb,3s|3s|present,
Word_0463.1.m4a,conjugation,6b524006e3661674,noun|singular|,
Word_CNLD_Bridge_0464.1.m4a,conjugation,3e6f5829578901b8,noun|singular|,
Word_0466.3.m4a,conjugation,c26a789d1c7d4c73,3s|3s|completive past,
Word_0467.1.m4a,conjugation,462b717e16834a73,noun|singular|,
0468.1.m4a,conjugation,9460254e0d044e01,noun|singular|,
Word_0468.2.m4a,conjugation,9460254e0d044e01,noun|plural|,
Word_0469.1.m4a,conjugation,b4f3c2eb1ded9c41,noun|singular|,
Word_0470.3.m4a,conjugation,d6dc64ccd973857f,3s|3s|completive past,
0473.1.m4a,conjugation,2bc586c85d6c0594,noun|singular|,
Word_0474.3.m4a,conjugation,8e96d1d3f6df0254,3s|3s|habitual,
Word_0475.1.m4a,conjugation,4519715293725781,noun|singular|,
Word_0476.2.m4a,conjugation,25598060035e7d1d,3s|3s|completive past,
0478.1.m4a,conjugation,94a6b0802c1fc167,noun|singular|,
Word_0479.3.m4a,conjugation,046ed93ac26574e0,3s|3s|completive past,
Word_0480.1.m4a,conjugation,7f04920a1b2acdc3,3s|3s|present,
Word_0482.6.m4a,conjugation,15f38639406f1574,3s|3s|infinitive,
Word_CNLD_plate_0483.1.m4a,conjugation,afd47ae3f22f7dbc,noun|singular|,
Word_0483.2.m4a,conjugation,afd47ae3f22f7dbc,noun|plural|,
Word_0485.1.m4a,conjugation,cdb9240d2d76e24d,noun|singular|,
Word_0486.1.m4a,conjugation,bfc08a1c3e842ffd,3s|3s|present,
Word_0488.1.m4a,conjugation,3bafcc59ca68d091,noun|singular|,
Word_0491.1.m4a,conjugation,5d4b6ff6d7e319b0,noun|singular|,
Word_0492.1.m4a,conjugation,e2463b6dbaaaca20,noun|singular|,
Word_0495.1.m4a,conjugation,0602ce6a605adf0f,3s|3s|present,
Word_0498.6.m4a,conjugation,44efc7cf5dad1778,3s|3s|infinitive,
Word_0499.1.m4a,conjugation,c9248af40ffe872f,noun|singular|,
Word_0502.6.m4a,conjugation,58da61f6db521a0f,2s|3a|imperative,
Word_0503.5.m4a,conjugation,e30306bcea2fd4da,3s|3s|habitual,
Word_0505.1.m4a,conjugation,a7150a3f30377e03,3s|3s|present,
Word_0506.1.m4a,conjugation,5c5ce06ad5bd4143,noun|singular|,
0507.1.m4a,conjugation,86c720d8caa6e0fc,noun|singular|,
Word_0507.2.m4a,conjugation,86c720d8caa6e0fc,noun|plural|,
Word_0508.1.m4a,conjugation,2a756dd2c89354b9,noun|singular|,
Word_0509.1.m4a,conjugation,4080c94a6f958e15,3s|3s|present,
Word_0510.1.m4a,conjugation,74c102ff8813a29d,noun|singular|,
Word_0511.3.m4a,conjugation,1d038931bc5df277,3s|3s|present,
Word_0512.1.m4a,conjugation,dd8cd9ac189e826c,noun|singular|,
Word_0513.1.m4a,conjugation,3926442a6aae884d,noun|singular|,
Word_0514.3.m4a,conjugation,369dd7b66cacbc72,3s|3s|completive past,
Word_0515.1.m4a,conjugation,7b07974998a053e6,noun|singular|,
0517.1.m4a,conjugation,d8af6f43046e20b3,noun|singular|,
Word_0521.1.m4a,conjugation,ef5f7f9e1222fff4,noun|singular|,
0525.1.m4a,conjugation,420d7bd70c25fd3c,noun|singular|,
Word_0525.2.m4a,conjugation,420d7bd70c25fd3c,noun|plural animate|,
Word_0527.1.m4a,conjugation,beda1d585e044979,noun|singular|,
Word_0529.4.m4a,conjugation,664da63572351d41,3s|3s|completive past,
0532.1.m4a,conjugation,a94d6e6b9d4d7db1,noun|singular|,
Word_0534.1.m4a,conjugation,519cb74533b3fad4,noun|singular|,
Word_0539.1.m4a,conjugation,0a8f5d14b4429827,noun|singular|,
0540.1.m4a,conjugation,285865ef30eb249a,noun|singular|,
Word_0540.3.m4a,conjugation,285865ef30eb249a,noun|plural inanimate|,
Word_0541.1.m4a,conjugation,82f1b37b9cddab8c,noun|singular|,
Word_0542.2.m4a,conjugation,a29b23e852f2c159,noun|singular|,
Word_0544.1.m4a,conjugation,4552f6e3e52fec78,noun|singular|,
0545.1.m4a,conjugation,e4298dbde00d643c,noun|singular|,
Word_0550.1.m4a,conjugation,85b7701c89268bde,noun|singular|,
Word_0551.6.m4a,conjugation,49c2f7b1ea387cd3,3s|3s|infinitive,
Word_0554.3.m4a,conjugation,394945c8f6d1fd77,3s|3s|completive past,
Word_0555.3.m4a,conjugation,9188e350326264b9,3s|3s|completive past,
Word_0557.3.m4a,conjugation,c29d38b555259a3c,3s|3s|completive past,
Word_0559.1.m4a,conjugation,6bf5d74ce40a96cf,noun|singular|,
Word_0560.1.m4a,conjugation,b9ffb165698f51d3,3s|3s|present,
Word_0561.1.m4a,conjugation,6ba74acd28c3a6b5,noun|singular|,
Word_0563.4.m4a,conjugation,ce3fb5a8ea2a2034,3s|3s|completive past,
Word_0566.1.m4a,conjugation,5de6b71cbcba8c56,noun|singular|,
Word_0568.2.m4a,conjugation,3b55873b719b7c27,1s|3s|present,
Word_0569.5.m4a,conjugation,560b04df81d24554,2s|3s|imperative,
0570.1.m4a,conjugation,57a1dc0e0132c3a9,noun|singular|,
Word_0573.1.m4a,conjugation,b1a70c729f768536,3s|3s|present,
Word_0579.1.m4a,conjugation,c37f5a8aef5b61d9,noun|singular|,
Word_0580.1.m4a,conjugation,4d67b2cd21c65692,noun|singular|,
Word_0581.3.m4a,conjugation,77c56d35e08cd46c,3s|3s|completive past,
0590.1.m4a,conjugation,2ede01d3a87cee64,noun|singular|,
Word_0591.1.m4a,conjugation,8cb2ee6d23e38ab3,noun|singular|,
Word_0596.1.m4a,conjugation,e6c670cd4897c567,3s|3s|present,
0598.1.m4a,conjugation,fdc0da1c6ea0471b,noun|singular|,
0605.1.m4a,conjugation,e0692aaf6aabb2d1,noun|singular|,
0612.1.m4a,conjugation,e4f334a20e2693e2,noun|singular|,
Word_0617.1.m4a,conjugation,775f2ded0041076c,3s|3s|present,
Word_0622.3.m4a,conjugation,bb03a19657dab305,3s|3s|completive past,
Word_0624.1.m4a,conjugation,c15bac5b417c91fe,noun|singular|,
Word_0625.1.m4a,conjugation,408b62d44278a191,noun|singular|,
Word_0626.1.m4a,conjugation,b28ff004dc8d1803,noun|singular|,
Word_0627.1.m4a,conjugation,cda8937e96def606,noun|singular|,
Word_0628.5.m4a,conjugation,056f48e3e3c11de8,2s|3a|imperative,
Word_0630.1.m4a,conjugation,de1736f7a66b7a42,noun|singular|,
Word_0631.4.m4a,conjugation,517a242914f3f081,3s|3s|completive past,
Word_0639.2.m4a,conjugation,91ee150353ea5170,1s|3s|present,
Word_0640.1.m4a,conjugation,1b11f7e4381df38e,noun|singular|,
Word_0641.1.m4a,conjugation,668bfa6b84f35c2a,2s|3s|imperative,
Word_0649.1.m4a,conjugation,32c314a6dec023dc,noun|singular|,
Word_0650.1.m4a,conjugation,0e59f86b83698276,noun|singular|,
0651.1.m4a,conjugation,8aae008a3de13bcb,noun|singular|,
Word_0651.2.m4a,conjugation,8aae008a3de13bcb,noun|plural|,
Word_0651.2.m4a,conjugation,d10395f68b3f5442,noun|singular|,
Word_0653.1.m4a,conjugation,c66c11a5d767de26,noun|singular|,
Word_0654.1.m4a,conjugation,0d80893f889c19b4,noun|singular|,
Word_0655.1.m4a,conjugation,9bb769a93f504aad,noun|singular|,
Word_0656.1.m4a,conjugation,5cdb2d258bc98df9,noun|singular|,
Word_0657.1.m4a,conjugation,179439e8106f9887,noun|singular|,
Word_0659.1.m4a,conjugation,1b869959812b4847,noun|singular|,
Word_0660.1.m4a,conjugation,0758b352888b0c11,noun|singular|,
Word_0661.1.m4a,conjugation,0ef7faaaeb7a7b1d,noun|singular|,
Word_0662.1.m4a,conjugation,30ed575c1e66d29c,noun|singular|,
0663.1.m4a,conjugation,cdd7b62144c7cb89,noun|singular|,
Word_0663.2.m4a,conjugation,cdd7b62144c7cb89,noun|plural|,
0664.1.m4a,conjugation,15f91dd0439956a2,noun|singular|,
Word_0664.2.m4a,conjugation,15f91dd0439956a2,noun|plural|,
Word_0665.1.m4a,conjugation,3c475e73b8196ed3,noun|singular|,
0666.1.m4a,conjugation,ce500584b2e186c0,noun|singular|,
Word_0666.2.m4a,conjugation,ce500584b2e186c0,noun|plural|,
0667.1.m4a,conjugation,d2a589de8130b671,noun|singular|,
Word_0667.2.m4a,conjugation,d2a589de8130b671,noun|plural|,
0668.1.m4a,conjugation,395720dcb8513360,noun|singular|,
0668.1.m4a,conjugation,395720dcb8513360,noun|plural|,
Word_0669.1.m4a,conjugation,db73bac5f29b01e4,noun|singular|,
Word_0670.1.m4a,conjugation,f0a0d09a6fd8d2f5,3s|3s|present,
Word_0671.1.m4a,conjugation,35944ffa10e32b90,noun|singular|,
Word_0672.1.m4a,conjugation,6ab9d2912955a569,noun|singular|,
Word_0673.1.m4a,conjugation,39f90ee3bf985952,noun|singular|,
0674.1.m4a,conjugation,43fad2f3b77e0f4c,noun|singular|,
Word_0674.2.m4a,conjugation,43fad2f3b77e0f4c,noun|plural|,
Word_0675.1.m4a,conjugation,6c8ec3fe1447ea21,noun|singular|,
0676.1.m4a,conjugation,05f496cc50738691,noun|singular|,
Word_0677.1.m4a,conjugation,ddcfe8c2f3098194,noun|singular|,
0678.1.m4a,conjugation,ed28f3d49154ef7f,noun|singular|,
Word_0679.1.m4a,conjugation,be52cf83ea0421e5,noun|singular|,
Word_0680.1.m4a,conjugation,e4a4ad3465777884,noun|singular|,
0681.1.m4a,conjugation,e792e5a0fa6ed41c,noun|singular|,
0682.1.m4a,conjugation,9fd2bdf09abc7961,noun|singular|,
Word_0683.1.m4a,conjugation,e8bcd082c61b6609,noun|singular|,
0684.1.m4a,conjugation,536fbd7a0a25cdea,noun|singular|,
Word_0685.1.m4a,conjugation,315d7c014082fbf3,noun|singular|,
Word_0686.1.m4a,conjugation,159024bacca9e07b,noun|singular|,
Word_0687.1.m4a,conjugation,882e2c89048f6afe,noun|singular|,
Word_0688.1.m4a,conjugation,27009e98c91c14d2,noun|singular|,
0689.1.m4a,conjugation,99ce93953dfe34cf,noun|singular|,
Word_0690.1.m4a,conjugation,f84b1781339fd054,noun|singular|,
Word_0691.1.m4a,conjugation,b0ab96e768d0688b,noun|singular|,
Word_0692.1.m4a,conjugation,07856b55c0346358,noun|singular|,
0693.1.m4a,conjugation,8267d1dd20125e06,noun|singular|,
Word_0694.1.m4a,conjugation,4c788ae2438548eb,noun|singular|,
0695.1.m4a,conjugation,00f2abf86a755832,noun|singular|,
Word_0697.1.m4a,conjugation,957a231648246138,noun|singular|,
0698.1.m4a,conjugation,fb40118f482bea6a,noun|singular|,
Word_0699.1.m4a,conjugation,0ada8c66fa3aca0e,noun|singular|,
0700.1.m4a,conjugation,c88a4204587eb7a1,noun|singular|,
Word_0700.2.m4a,conjugation,c88a4204587eb7a1,noun|plural|,
Word_0701.1.m4a,conjugation,5abf2ae8810b33f8,noun|singular|,
Word_0702.1.m4a,conjugation,5942dd729a65005c,noun|singular|,
0703.1.m4a,conjugation,b0392bbbcea21791,noun|singular|,
Word_0704.1.m4a,conjugation,dc29d18645a17af8,noun|singular|,
Word_0705.1.m4a,conjugation,8cc8530a24742a8e,noun|singular|,
Word_0706.1.m4a,conjugation,c30d967d70bffa19,noun|singular|,
Word_0707.1.m4a,conjugation,2effd9136aef0501,noun|singular|,
Word_0708.1.m4a,conjugation,a697e85280f6d4e7,noun|singular|,
Word_0709.1.m4a,conjugation,80b4f0cae37b3dc6,noun|singular|,
0711.1.m4a,conjugation,65bcc894df1be4d7,noun|singular|,
Word_0712.1.m4a,conjugation,0c58120d957ae280,noun|singular|,
Word_0713.1.m4a,conjugation,2186b76cc5194e77,noun|singular|,
Word_0714.1.m4a,conjugation,c8c7bc743e4240e7,noun|singular|,
Word_0715.1.m4a,conjugation,825eab18465695f7,noun|singular|,
0716.1.m4a,conjugation,071e9ef830ec5000,noun|singular|,
Word_0717.1.m4a,conjugation,a0252941b208763f,noun|singular|,
Word_0718.1.m4a,conjugation,a046292634fd6882,noun|singular|,
Word_0719.1.m4a,conjugation,80173417b28ea248,noun|singular|,
Word_0720.1.m4a,conjugation,38f3a67a51b91c66,noun|singular|,
Word_0721.1.m4a,conjugation,a970b25b88c96acd,noun|singular|,
Word_0722.1.m4a,conjugation,5fbe08e34087c73a,noun|singular|,
Word_0723.1.m4a,conjugation,be00e18607b59701,noun|singular|,
Word_0724.1.m4a,conjugation,cd6b8bfa82bb97cf,noun|singular|,
Word_0725.1.m4a,conjugation,190bdad5e99b144f,noun|singular|,
Word_0726.1.m4a,conjugation,c7b1edd0649173a4,noun|singular|,
Word_0727.1.m4a,conjugation,f6254508aadd55b8,3s|3s|present,
Word_0728.1.m4a,conjugation,44d70de80c0261b0,3s|3s|present,
Word_0730.1.m4a,conjugation,9d949efbe82f6d5d,noun|singular|,
Word_0731.1.m4a,conjugation,dcdd663a896965cb,noun|singular|,
Word_0732.1.m4a,conjugation,95269acd2483ce19,noun|singular|,
Word_0734.1.m4a,conjugation,cf42e8765edb6b53,3s|3s|present,
Word_0735.1.m4a,conjugation,035417020fd97ee6,noun|singular|,
Word_0736.1.m4a,conjugation,158ecdac9be95b73,noun|singular|,
Word_0737.1.m4a,conjugation,7ff0d0d864f26810,3s|3s|present,
Word_0738.1.m4a,conjugation,2714c5bec71555d9,3s|3s|present,
Word_0739.1.m4a,conjugation,999703135caa9fe7,noun|singular|,
Word_0741.1.m4a,conjugation,905f2e89c419ec52,3s|3s|present,
Word_0742.6.m4a,conjugation,78704af7a6d92c26,3s|3s|infinitive,
Word_0743.4.m4a,conjugation,b4e5f0a393eda592,3s|3s|habitual,
Word_0744.3.m4a,conjugation,17c16e4428e33588,3s|3s|completive past,
Word_0747.3.m4a,conjugation,492b97a42071538e,3s|3s|completive past,
Word_0749.1.m4a,conjugation,e5762065a73a113c,noun|singular|,
Word_0751.1.m4a,conjugation,ac79b3886c9250b7,3s|3s|present,
0752.1.m4a,conjugation,ddf3aebf4023d488,noun|singular|,
Word_0753.4.m4a,conjugation,df45d891789f6430,3s|3s|habitual,
Word_0754.1.m4a,conjugation,3cc5ac34378143d9,noun|singular|,
Word_0759.1.m4a,conjugation,8d64fde447725bee,noun|singular|,
Word_0766.2.m4a,conjugation,b888d01bcedabda4,1s|3s|present,
Word_0767.1.m4a,conjugation,3c8aea710333f340,noun|singular|,
Word_0768.1.m4a,conjugation,207d6e1d0e1b997b,noun|singular|,
Word_0769.1.m4a,conjugation,a65d5db438b95136,3s|3s|present,
0770.1.m4a,conjugation,b4928bf391a7e5e8,noun|singular|,
Word_0770.2.m4a,conjugation,b4928bf391a7e5e8,noun|plural|,
0771.1.m4a,conjugation,74abceb2c0d5985c,noun|singular|,
Word_0771.2.m4a,conjugation,74abceb2c0d5985c,noun|plural|,
Word_0772.1.m4a,conjugation,0268b94ebb24f157,noun|singular|,
Word_0773.1.m4a,conjugation,f882b40692939ad4,noun|singular|,
Word_0775.1.m4a,conjugation,3c72ee832dc117dd,3s|3s|present,
Word_0776.2.m4a,conjugation,e51aeb49ffdd7aac,1s|3s|present,
Word_0777.1.m4a,conjugation,75bab2dc1f65b758,3s|3s|present,
Word_0778.1.m4a,conjugation,958b39f75d2f4ede,3s|3s|present,
Word_0779.1.m4a,conjugation,1019614cde57bbed,3s|3s|present,
Word_0786.1.m4a,conjugation,b7f7c2d1713abe43,noun|singular|,
Word_0787.6.m4a,conjugation,e461b40e65f44e43,3s|3s|infinitive,
Word_0788.1.m4a,conjugation,25b27a88444d7a2a,noun|singular|,
Word_0790.1.m4a,conjugation,b534f84c7acd8550,noun|singular|,
0791.1.m4a,conjugation,5f95728103adafbd,noun|singular|,
0792.1.m4a,conjugation,7edf59efd929b507,noun|singular|,
Word_0795.1.m4a,conjugation,703b5929c3b615bc,noun|singular|,
Word_0796.3.m4a,conjugation,e4ca4399df0136a4,3s|3s|completive past,
Word_0798.1.m4a,conjugation,5649c67d08a0221f,noun|singular|,
Word_0801.1.m4a,conjugation,60dfe59c0398e826,noun|unknown|,
Word_0803.1.m4a,conjugation,1294b23d736b0adf,3s|3s|present,
Word_0804.1.m4a,conjugation,9041fea7309ad77d,3s|3s|present,
Word_0806.4.m4a,conjugation,96e2c484aa66af84,3s|3s|completive past,
0808.1.m4a,conjugation,ca57e669f1a9744d,noun|singular|,
Word_0809.1.m4a,conjugation,b80757ebc8186184,noun|unknown|,
Word_0810.1.m4a,conjugation,1edeb30b4ed73b53,noun|singular|,
Word_0811.1.m4a,conjugation,5ac70da1abc183b9,3s|3s|present,
Word_0812.1.m4a,conjugation,2d0eca17986979de,noun|singular|,
Word_0813.1.m4a,conjugation,a958a4de0f5dc1a5,noun|singular|,
0816.1.m4a,conjugation,d71c1f9acc951616,noun|singular|,
0817.1.m4a,conjugation,24231370212fbe34,noun|singular|,
Word_0818.3.m4a,conjugation,337dcae172ab228b,1s|3s|present,
Word_0819.1.m4a,conjugation,6e5878befce2a00c,noun|singular|,
Word_0820.1.m4a,conjugation,17325b4e5b549764,noun|singular|,
Word_0822.1.m4a,conjugation,e762d3fe17e8f138,noun|singular|,
Word_0823.1.m4a,conjugation,c55cc6655eac8f19,noun|unknown|,
Word_0824.1.m4a,conjugation,33f1d70f9b7d85e2,noun|unknown|,
Word_0825.1.m4a,conjugation,04317684f42ac251,noun|singular|,
0827.1.m4a,conjugation,5950fe833b59666c,noun|singular|,
Word_0827.2.m4a,conjugation,5950fe833b59666c,noun|plural|,
Word_0829.1.m4a,conjugation,e91dcc5a11095ec1,noun|singular|,
Word_0832.1.m4a,conjugation,9f7630d9e2138147,noun|singular|,
Word_0833.3.m4a,conjugation,09e85d4604f72358,3s|3s|habitual,
Word_0835.1.m4a,conjugation,7afdbaca57bffa0b,noun|singular|,
Word_0836.1.m4a,conjugation,5dcb555665a1d7f1,noun|singular|,
Word_0837.1.m4a,conjugation,c5304a92fa917de6,noun|singular|,
0838.1.m4a,conjugation,e06d026fe0f8eaea,noun|singular|,
Word_0843.5.m4a,conjugation,badb0ff2954e2ad1,2s|3s|imperative,
Word_0844.2.m4a,conjugation,bb080373c2b020bb,1s|3s|present,
Word_0845.1.m4a,conjugation,ea180509747f7732,3s|3s|present,
0846.1.m4a,conjugation,899a53c90c888f6f,noun|singular|,
Word_0847.1.m4a,conjugation,391d206c7f207c79,noun|singular|,
0849.1.m4a,conjugation,62f41bcdb2b7fa30,noun|singular|,
Word_0852.1.m4a,conjugation,7251696d5513136e,noun|singular|,
0858.1.m4a,conjugation,138ccb65eebd690c,noun|singular|,
0861.1.m4a,conjugation,c69c4cf79104cfeb,noun|singular|,
Word_0862.1.m4a,conjugation,0960d061afc583d1,noun|singular|,
0865.1.m4a,conjugation,7920e71f52696208,noun|singular|,
0866.1.m4a,conjugation,e5b848323c8f44ad,noun|singular|,
Word_0868.3.m4a,conjugation,d74e26c044706792,3s|3s|completive past,
Word_0876.1.m4a,conjugation,a439ffebed9f64db,noun|singular|,
Word_0877.1.m4a,conjugation,82120df9103fbc55,noun|singular|,
Word_0878.3.m4a,conjugation,c644c10b02e40ef7,3s|3s|completive past,
Word_0879.1.m4a,conjugation,1918153e2fc07380,noun|singular|,
Word_0881.1.m4a,conjugation,2e48f0bef70a82d2,noun|singular|,
Word_0882.4.m4a,conjugation,81f6e5990a2ed2fd,3s|3s|habitual,
Word_0884.5.m4a,conjugation,268f20784f8aa478,2s|3a|imperative,
Word_0885.4.m4a,conjugation,1e760a1789c5ad30,3s|3s|habitual,
Word_0888.4.m4a,conjugation,16f6cab18513e6c8,3s|3s|habitual,
Word_0890.1.m4a,conjugation,e6c3611a6ed2e918,noun|singular|,
Word_0891.1.m4a,conjugation,94210a96997ec4cb,noun|singular|,
Word_0892.1.m4a,conjugation,7e6b588c68ccd99d,3s|3s|present,
0893.1.m4a,conjugation,610409dabfd82431,noun|singular|,
Word_0893.2.m4a,conjugation,610409dabfd82431,noun|plural|,
Word_0895.1.m4a,conjugation,da1d42a38773bc1a,noun|singular|,
Word_0896.1.m4a,conjugation,f9aae2d24af435a8,3s|3s|present,
Word_0897.1.m4a,conjugation,794a04adb7949c10,3s|3s|present,
0899.1.m4a,conjugation,51950114eae99ef6,noun|singular|,
0902.1.m4a,conjugation,06fce20027b22669,noun|singular|,
Word_0903.2.m4a,conjugation,3be08d86a13a69c2,1s|3a|present,
0904.1.m4a,conjugation,b82e1d115bcc8b76,noun|singular|,
0911.1.m4a,conjugation,62ab6576d948b6e2,noun|singular|,
Word_0917.1.m4a,conjugation,7c09d5b98e9fc1c8,3s|3s|present,
Word_0921.3.m4a,conjugation,a1d91670f16a5908,3s|3s|completive past,
Word_0922.1.m4a,conjugation,191684f8f17f6441,noun|singular|,
Word_0923.1.m4a,conjugation,dab2a7e9f42677a2,3s|3s|present,
0924.1.m4a,conjugation,aa64054589b7de81,noun|singular|,
Word_0926.2.m4a,conjugation,483feffe4286d4b5,3s|3s|completive past,
Word_0927.1.m4a,conjugation,d51b14c6ca11cb7c,noun|singular|,
0928.1.m4a,conjugation,b30805fa52322653,noun|singular|,
0930.1.m4a,conjugation,9bb5acf9aba17c04,noun|singular|,
Word_0934.1.m4a,conjugation,e0a268b9b66cb4cb,3s|3s|present,
Word_0935.1.m4a,conjugation,fb5c8ec5cad01d0b,noun|singular|,
Word_0936.1.m4a,conjugation,ece2640542950a9e,noun|singular|,
Word_0937.1.m4a,conjugation,7429dd5e21d1ec61,noun|singular|,
Word_0941.1.m4a,conjugation,b94a60211f3fd00e,noun|singular|,
Word_0942.1.m4a,conjugation,f2fafd969247501a,noun|singular|,
Word_0944.3.m4a,conjugation,c23f947b17bb66c5,3s|3s|completive past,
Word_0946.6.m4a,conjugation,d033a33c02cb353a,2s|3a|imperative,
Word_0947.1.m4a,conjugation,8fe9bd6eaf53f30e,noun|singular|,
Word_0948.4.m4a,conjugation,703f1ac336cd6a6c,3s|3s|habitual,
Word_0949.1.m4a,conjugation,f36f55e574492a2c,noun|singular|,
Word_0951.3.m4a,conjugation,96005d6fb4f5b5b1,3s|3s|habitual,
Word_0953.1.m4a,conjugation,cc77f382ac0f7db0,noun|singular|,
Word_0955.1.m4a,conjugation,35dfa3033b6e59d6,3s|3s|present,
Word_0956.1.m4a,conjugation,02b293d4c2388fad,noun|singular|,
0957.1.m4a,conjugation,b54eefecdd957fdb,noun|singular|,
Word_0958.1.m4a,conjugation,32febe24c8205bda,3s|3s|present,
Word_0960.1.m4a,conjugation,9689ef547748b3dd,noun|singular|,
0963.1.m4a,conjugation,d2248da2607c0772,noun|singular|,
Word_0964.1.m4a,conjugation,be8eaca312ef6f9c,noun|singular|,
Word_0965.1.m4a,conjugation,11c5ff2ca7027698,noun|singular|,
Word_0966.1.m4a,conjugation,332ec955ce80d20b,noun|singular|,
Word_0967.1.m4a,conjugation,9a91a88eb59eebd4,3s|3s|present,
Word_0969.1.m4a,conjugation,df7466a6c797c5c0,noun|singular|,
Word_0972.1.m4a,conjugation,5764764a05608a11,3s|3s|present,
Word_0973.1.m4a,conjugation,7bdbe6ac9b0a54fe,noun|singular|,
0974.1.m4a,conjugation,8530c40022bc6cf0,noun|singular|,
Word_0975.1.m4a,conjugation,0a9c1362c3881372,noun|singular|,
Word_0977.1.m4a,conjugation,fee4573001d20b2f,noun|singular|,
0978.1.m4a,conjugation,4268d6b516312338,noun|singular|,
Word_0979.3.m4a,conjugation,8fa369642887597d,3s|3s|present,
Word_0981.1.m4a,conjugation,aa0a2a01f8a7d779,noun|singular|,
Word_0982.1.m4a,conjugation,6c96d5d6b1ef634f,noun|singular|,
Word_0983.1.m4a,conjugation,8b967edcce92231f,noun|singular|,
0984.1.m4a,conjugation,92edde4cede005c7,noun|singular|,
Word_0988.1.m4a,conjugation,ddf48f6c48d9fefa,noun|singular|,
Word_0989.1.m4a,conjugation,eb89b09ef3c7d8b2,noun|singular|,
Word_0990.1.m4a,conjugation,7fbbb6f009442328,3s|3s|present,
0991.1.m4a,conjugation,b7655fd9a137e65e,noun|singular|,
Word_0991.2.m4a,conjugation,b7655fd9a137e65e,noun|plural|,
Word_0992.1.m4a,conjugation,7d2b9e759b0d9a22,noun|singular|,
Word_0993.1.m4a,conjugation,d7331f2d6c1f7027,noun|singular|,
Word_0994.1.m4a,conjugation,fb6ae9b0639a122d,3s|3s|present,
Word_0995.1.m4a,conjugation,f0670e35688541a1,3s|3s|present,
Word_0996.1.m4a,conjugation,34a3907adc2a83db,noun|singular|,
Word_0997.1.m4a,conjugation,c0d360a6d339fc06,noun|singular|,
Word_0998.1.m4a,conjugation,0130e74bd57824c3,3s|3s|present,
Word_0999.1.m4a,conjugation,34a1fcdbcf223edc,3s|3s|present,
Word_1000.1.m4a,conjugation,6bf26e4899149498,3s|3s|present,
1001.1.m4a,conjugation,3c2e71c9a5a947ae,noun|singular|,
Word_1002.1.m4a,conjugation,dd6dd98df18acd7f,noun|singular|,
Word_1004.1.m4a,conjugation,0151cb47ab255c76,noun|singular|,
Word_1005.1.m4a,conjugation,71e0085002c028d1,noun|singular|,
Word_1006.1.m4a,conjugation,05d94cec0705e6cb,3s|3s|present,
Word_1009.4.m4a,conjugation,e7fd31c5e18b51d7,3s|3s|habitual,
Word_1012.1.m4a,conjugation,4b29168d651e875e,noun|singular|,
Word_1013.1.m4a,conjugation,deea0605daeea48a,3s|3s|present,
1014.1.m4a,conjugation,5581b1a7b738181f,noun|singular|,
Word_1014.2.m4a,conjugation,5581b1a7b738181f,noun|plural|,
1015.1.m4a,conjugation,34a500633311118a,noun|singular|,
Word_1016.1.m4a,conjugation,036db06c487c7398,3s|3s|present,
1017.1.m4a,conjugation,7676b5e6237316a3,noun|singular|,
1018.1.m4a,conjugation,148045cacfd11aed,noun|singular|,
Word_1019.1.m4a,conjugation,8804f7a60bcbe509,noun|singular|,
Word_1020.1.m4a,conjugation,8e8cdb336af7fb17,noun|singular|,
Word_1022.5.m4a,conjugation,116c4dc0fb2aa4c3,3s|3s|present,
Word_1025.1.m4a,conjugation,4e75c5abb9dc641d,3s|3s|present,
1026.1.m4a,conjugation,0e1595f66eb24b70,noun|singular|,
Word_1027.1.m4a,conjugation,c48bbc06d640fcbc,3s|3s|present,
1028.1.m4a,conjugation,2192e0fcfbe25b05,noun|singular|,
1029.1.m4a,conjugation,e1b50c6e40c6d802,noun|singular|,
1030.1.m4a,conjugation,ca08cb4c0b47c49a,noun|singular|,
Word_1031.5.m4a,conjugation,92027d3471f7defd,3s|3s|present,
Word_1032.1.m4a,conjugation,1fbd70ec2bce9368,noun|singular|,
Word_1033.1.m4a,conjugation,93a8e78d8bd5d417,3s|3s|present,
1034.1.m4a,conjugation,6061b1e03e95f3d3,noun|singular|,
1035.1.m4a,conjugation,fdeef7901d2736b0,noun|singular|,
Word_1036.1.m4a,conjugation,5ff5cb8cbca3b6b8,noun|singular|,
1037.1.m4a,conjugation,e958be07ed16cb3c,noun|singular|,
1038.1.m4a,conjugation,b6287f469c43c7db,noun|singular|,
Word_1039.1.m4a,conjugation,9bb31032737f95ec,noun|singular|,
Word_1041.1.m4a,conjugation,50245929867b5204,noun|singular|,
Word_1042.1.m4a,conjugation,6649111bc236590b,noun|singular|,
1043.1.m4a,conjugation,b85c4cd8aa68a29f,noun|singular|,
Word_1045.2.m4a,conjugation,fd9ee250b939b9c3,1s|3a|present,
1046.1.m4a,conjugation,cf01ebbbb439a7fa,noun|singular|,
Word_1047.4.m4a,conjugation,840e24fe5a8e9802,3s|3s|habitual,
1049.1.m4a,conjugation,56c4870a528b84b1,noun|singular|,
1050.1.m4a,conjugation,2ad747afc02dc0e7,noun|singular|,
Word_1051.4.m4a,conjugation,e8d482f79b345243,3s|3s|habitual,
Word_1052.1.m4a,conjugation,29fcad549ff88769,3s|3s|present,
Word_1053.3.m4a,conjugation,d14283f55ff98fe8,3s|3s|completive past,
Word_1054.3.m4a,conjugation,f0ad5b6b09806db1,3s|3s|completive past,
Word_1055.1.m4a,conjugation,8f3450f09a7239ae,noun|unknown|,
1056.1.m4a,conjugation,6fcb0f71ab854c76,noun|singular|,
1058.1.m4a,conjugation,74c3e65ad795fdc8,noun|singular|,
Word_1059.1.m4a,conjugation,74c3e65ad795fdc8,noun|singular|,
1062.1.m4a,conjugation,771206b2867eebfd,noun|singular|,
1063.1.m4a,conjugation,9b7341f1a45452dc,noun|singular|,
Word_1065.1.m4a,conjugation,bca7b8e2264c4cb2,noun|singular|,
1066.1.m4a,conjugation,7a0ff6498aa5f872,noun|singular|,
1070.1.m4a,conjugation,ca7ff9b20f5d6181,noun|singular|,
Word_1072.3.m4a,conjugation,6aa5990e876e8896,3s|3s|completive past,
1073.1.m4a,conjugation,ac8f95a49dda458d,noun|singular|,
1077.1.m4a,conjugation,246758da2f68c5d7,noun|singular|,
Word_1078.1.m4a,conjugation,0a60d138d7c3f8a3,noun|singular|,
1079.1.m4a,conjugation,24c563edf97378be,noun|singular|,
Word_1080.1.m4a,conjugation,dd4204a68318cc28,noun|singular|,
Word_1082.1.m4a,conjugation,8c7186d295be9a64,noun|singular|,
Word_1084.1.m4a,conjugation,f3b54873e61885fe,3s|3s|present,
1085.1.m4a,conjugation,7f6253d0fe0f47e3,noun|singular|,
1088.1.m4a,conjugation,9d30d2c10e0bc3a9,noun|singular|,
1089.1.m4a,conjugation,812422ac5dcb2de2,noun|singular|,
Word_1090.1.m4a,conjugation,5bd1a7513c10512a,noun|singular|,
Word_1092.2.m4a,conjugation,caa4661b70d521c0,3s|3s|completive past,
Word_1093.1.m4a,conjugation,c8c3358fe0ae2c46,noun|singular|,
Word_1094.1.m4a,conjugation,181acc81f3dfadc8,3s|3s|present,
Word_1096.1.m4a,conjugation,d98d99e631e4ae6f,noun|unknown|,
Word_1097.1.m4a,conjugation,f0fc857b68114900,noun|singular|,
1104.1.m4a,conjugation,7d26250c4ea49056,noun|singular|,
Word_1105.1.m4a,conjugation,4b3f5da12ac958a1,noun|singular|,
Word_1108.1.m4a,conjugation,faae615c0db0b9b2,noun|singular|,
1111.1.m4a,conjugation,b672fe1911d67e3b,noun|singular|,
Word_1118.6.m4a,conjugation,cc8bab750c7cbe61,3s|3s|infinitive,
1120.1.m4a,conjugation,3e88df1a539f0de4,3s|3s|present,
1125.1.m4a,conjugation,73af00fcdd451350,noun|unknown|,
1126.1.m4a,conjugation,c291b4b12072a113,3s|3s|present,
1127.1.m4a,conjugation,a1871cde83e44b90,noun|singular|,
Word_1132.1.m4a,conjugation,314f11aedcb2102f,noun|unknown|,
Word_1133.1.m4a,conjugation,1b9f3f7f65d1c4a3,noun|singular|,
1135.1.m4a,conjugation,846f614930d72979,noun|singular|,
Word_1136.1.m4a,conjugation,4d5570a67d4062d5,3s|3s|present,
1141.1.m4a,conjugation,7c0e7a51ea1fec04,noun|singular|,
1143.1.m4a,conjugation,f701504b2417111b,noun|singular|,
1146.1.m4a,conjugation,c2de65c07e3f2324,3s|3s|present,
1147.1.m4a,conjugation,e5835f0ad234c0ab,noun|singular|,
1148.1.m4a,conjugation,1fc7b9efef814918,noun|singular|,
1150.1.m4a,conjugation,046804147f571fdf,noun|unknown|,
1152.1.m4a,conjugation,ba99386eeb496181,noun|singular|,
1154.1.m4a,conjugation,698cbea72053235c,noun|singular|,
1160.1.m4a,conjugation,35fd6a82ff107d63,noun|singular|,
1161.1.m4a,conjugation,80a408bafc39d3a0,noun|singular|,
1150.1.m4a,conjugation,e5b8b31231403552,noun|singular|,
Word_1136.1.m4a,conjugation,e47ada6d39b8fe4e,3s|3s|present,
1164.1.m4a,conjugation,0f465eeada1bf902,noun|singular|,
1165.1.m4a,conjugation,85fc74520e58dd4e,noun|singular|,
1166.1.m4a,conjugation,ec3035e9bac06414,noun|singular|,
1167.1.m4a,conjugation,d31eab818f8ab51e,noun|singular|,
1168.1.m4a,conjugation,9ef3d22c22c6f5b6,noun|singular|,
1174.1.m4a,conjugation,1cfa2bccd8319dc6,noun|singular|,
1175.1.m4a,conjugation,43b0e932c462b2ed,noun|plural|,
1176.1.m4a,conjugation,6572252ef3fd23bf,noun|singular|,
1178.1.m4a,conjugation,4bfe73dda32d7316,noun|singular|,
1179.1.m4a,conjugation,452fda9e6a53b223,noun|singular|,
1181.1.m4a,conjugation,da7e4dda744d1dac,noun|singular|,
1182.1.m4a,conjugation,a5f94e6c894c7760,noun|singular|,
1183.1.m4a,conjugation,252dced642dbec70,noun|singular|,
1184.1.m4a,conjugation,b22cc670218380b7,noun|singular|,
1185.1.m4a,conjugation,63ad8f23f2d50369,3s|3s|present,
1186.1.m4a,conjugation,8affd155cf796ef9,noun|singular|,
1187.1.m4a,conjugation,5ef9398e40a4ca94,noun|singular|,
1188.1.m4a,conjugation,daf692192a95bb4d,noun|singular|,
1189.1.m4a,conjugation,a8106955b2fb06cd,noun|singular|,
1190.1.m4a,conjugation,51ce0c6ae1461e37,noun|singular|,
1191.1.m4a,conjugation,a962f28491250077,noun|singular|,
1192.1.m4a,conjugation,5b2c3447d9fdd02e,noun|singular|,
1193.1.m4a,conjugation,005ffd93d9cb9ca4,noun|singular|,
1194.1.m4a,conjugation,76bb3ad530451d89,noun|singular|,
1195.1.m4a,conjugation,ddc5a9c89d67fb3a,3s|3s|present,
1196.1.m4a,conjugation,c2539d07a0d7fede,noun|singular|,
1197.1.m4a,conjugation,ca890380efbe32ca,noun|singular|,
1201.1.m4a,conjugation,ab780f7019046f3e,noun|singular|,
1202.1.m4a,conjugation,c807233822c41717,noun|singular|,
1203.1.m4a,conjugation,889ab2ae0dde0b12,noun|singular|,
1205.1.m4a,conjugation,1e2f659b4ed4b295,noun|singular|,
1206.1.m4a,conjugation,cc83ccbb88fb617c,noun|singular|,
1207.1.m4a,conjugation,ef8a0c0dfaffcb45,noun|singular|,
1208.1.MP3,conjugation,40cd2865b65a1565,noun|singular|,
1210.1.MP3,conjugation,5a46af579e82f3cd,noun|singular|,
1211.1.m4a,conjugation,a450b9f5672a1449,noun|singular|,
1212.1.m4a,conjugation,8520625ca8119e89,noun|singular|,
1213.1.m4a,conjugation,8fd73ba2f6a2e3c0,noun|singular|,
1214.1.m4a,conjugation,c7c3b1a7baaa075e,noun|singular|,
1215.1.m4a,conjugation,abe2f7579558fc04,noun|singular|,
1216.1.m4a,conjugation,e35d9106c54b3710,noun|singular|,
1217.1.m4a,conjugation,512b6e2d594c68a1,3s|3s|present,
1218.1.m4a,conjugation,0b24cf7c34888727,3s|3s|present,
1219.1.m4a,conjugation,9443195d488a8b5d,noun|singular|,
1221.1.m4a,conjugation,f33989a58b458383,noun|singular|,
1222.1.m4a,conjugation,499165dad2f9980b,noun|singular|,
1223.1.m4a,conjugation,1c09583dcc90096f,noun|singular|,
1225.1.m4a,conjugation,cf2db4f8b964ca66,noun|singular|,
1226.1.m4a,conjugation,85e80cbcaea9d8f9,noun|singular|,
1227.1.m4a,conjugation,cfab335397029d09,noun|singular|,
1228.1.m4a,conjugation,8f295d25c6d74d26,noun|singular|,
1229.1.m4a,conjugation,c066d717293a0716,noun|singular|,
1230.1.m4a,conjugation,37212c096da4eb03,noun|singular|,
1231.1.m4a,conjugation,a65cc35853b30b48,noun|singular|,
1233.1.m4a,conjugation,6097e0e926e6b80b,noun|singular|,
1234.1.m4a,conjugation,10f402557a06325f,noun|singular|,
1235.1.m4a,conjugation,ced6c5cbe0b568fb,noun|singular|,
1236.1.m4a,conjugation,88a55f49d5cdb370,noun|singular|,
1237.1.m4a,conjugation,05746bbc22b361f1,noun|singular|,
1238.1.m4a,conjugation,ae2404cc9a2cbb21,noun|singular|,
1239.1.m4a,conjugation,43620a09a2334545,noun|singular|,
1240.1.m4a,conjugation,09d6de5cbf710c0e,noun|singular|,
1241.1.m4a,conjugation,ed5dfbf70efdc4c1,3s|3s|present,
1242.1.m4a,conjugation,f7899dd50efcc6cc,noun|singular|,
1243.1.m4a,conjugation,6df1c11221f033a2,noun|singular|,
1246.1.m4a,conjugation,85c4bfb126439a6e,noun|singular|,
1247.1.m4a,conjugation,66fbe780c002a73d,noun|singular|,
1249.1.m4a,conjugation,86246b999c7231f6,noun|singular|,
1250.1.m4a,conjugation,89e991186fdd2629,noun|singular|,
1251.1.m4a,conjugation,4120a895cd8d440a,noun|singular|,
1252.1.m4a,conjugation,1c5b351316a065c4,noun|singular|,
1253.1.m4a,conjugation,26016cfabd5e1864,noun|singular|,
1254.1.m4a,conjugation,137c4e767f5a96ba,noun|singular|,
1255.1.m4a,conjugation,e39547a230e83afa,noun|singular|,
1256.1.m4a,conjugation,93229b9915e51a3e,noun|singular|,
1257.1.m4a,conjugation,32c201a517e5de3f,noun|singular|,
1261.1.m4a,conjugation,e025091d474ae601,noun|singular|,
1262.1.m4a,conjugation,28221581e9410fca,noun|singular|,
1263.1.m4a,conjugation,c93a9e102610c032,noun|singular|,
1265.1.m4a,conjugation,fa433736ac596a0f,noun|singular|,
1266.1.m4a,conjugation,5d1007b1c00a1305,noun|singular|,
1267.1.m4a,conjugation,3b5f0129b5d109d0,noun|singular|,
1268.1.m4a,conjugation,5226ccef105c12bf,noun|singular|,
1269.1.m4a,conjugation,14280961bb3d30e9,noun|singular|,
1270.1.m4a,conjugation,e1026858f84e6851,noun|singular|,
1271.1.m4a,conjugation,5ef5290f35625675,noun|singular|,
1274.1.m4a,conjugation,243c4f0a07ff4325,noun|singular|,
1276.1.m4a,conjugation,6cc2b02c985051f8,noun|singular|,
1277.1.m4a,conjugation,19d6c9bf2db80f9c,noun|singular|,
1279.1.m4a,conjugation,892c9234ef32cbf3,noun|singular|,
1288.1.m4a,conjugation,ce6b4be7c22cb658,noun|singular|,
1289.1.m4a,conjugation,336ce12fee490827,noun|singular|,
1290.1.m4a,conjugation,f989704ce0c7d6ea,noun|singular|,
1291.1.m4a,conjugation,86c2f71b769dc3bb,noun|singular|,
1293.1.m4a,conjugation,afb9e397ce077799,noun|singular|,
1294.1.m4a,conjugation,3537db261bd56ba1,noun|singular|,
1295.1.m4a,conjugation,acfbb512231edc55,noun|singular|,
1296.1.m4a,conjugation,c398fa146df2183f,noun|singular|,
1299.1.m4a,conjugation,f458335f2a9b9a9a,noun|singular|,
1301.1.m4a,conjugation,1d45cd5ba171d4fa,noun|singular|,
1302.1.m4a,conjugation,5682c84791d00d24,noun|singular|,
1303.1.m4a,conjugation,e041bd4780b162af,noun|singular|,
1306.1.m4a,conjugation,20719ceb43320e99,noun|singular|,
1308.1.m4a,conjugation,d7664f6a2454e136,noun|singular|,
1310.1.m4a,conjugation,b6c17b9f91667373,noun|singular|,
1311.1.m4a,conjugation,6fe2671b66138479,noun|singular|,
1320.1.m4a,conjugation,bc7e19bc94e0cf40,noun|singular|,
1321.1.m4a,conjugation,82120a82f20637a2,noun|singular|,
1327.1.m4a,conjugation,c72a85585897dc23,noun|unknown|,
1328.1.m4a,conjugation,9b7ef53093ff9310,noun|singular|,
1330.1.m4a,conjugation,6eccbd8c88c3699c,noun|singular|,
1331.1.m4a,conjugation,57978a1a37e2bc2e,noun|singular|,
1334.1.m4a,conjugation,8757953b883b5e14,noun|singular|,
1335.1.m4a,conjugation,5c38562154ff0a45,noun|singular|,
1339.1.m4a,conjugation,5245c1a37d25caad,noun|singular|,
1340.1.m4a,conjugation,c62d340ea716eb6e,noun|singular|,
1341.1.m4a,conjugation,3b1e7cba884360d7,noun|singular|,
1342.1.m4a,conjugation,98c6cc3127425b3f,noun|singular|,
1343.1.m4a,conjugation,fb0f73c44dcf7d7c,noun|singular|,
1344.1.m4a,conjugation,87d6f347b760fb67,noun|singular|,
1346.1.m4a,conjugation,5f4b4331167c4181,noun|singular|,
1347.1.m4a,conjugation,359b203afc85bd48,noun|singular|,
1348.1.m4a,conjugation,ff833872b164f9ce,noun|singular|,
1349.1.m4a,conjugation,7fe2edd4af2b6a8c,noun|singular|,
1357.1.m4a,conjugation,67997a448f22e188,3s|3s|present,
1359.1.m4a,conjugation,e20e51221aec625b,noun|singular|,
1362.1.m4a,conjugation,e6a910e1b91720e6,noun|singular|,
1367.1.m4a,conjugation,c9211ca49a2ba602,noun|unknown|,
1369.1.m4a,conjugation,620e9e04ba4ecd5d,3s|3s|present,
1370.1.m4a,conjugation,e7491851e4db731a,noun|unknown|,
1371.1.m4a,conjugation,02f56feba842417c,noun|singular|,
1372.1.m4a,conjugation,3800843220a9a51b,noun|singular|,
1373.1.m4a,conjugation,919f965b976ac795,noun|singular|,
1377.1.m4a,conjugation,13dcccf6b2fecd46,noun|unknown|,
1378.1.m4a,conjugation,c8868e4acfa25641,noun|unknown|,
1379.1.m4a,conjugation,081b6581601143ab,noun|singular|,
1381.1.m4a,conjugation,d6692cb92f8f06d4,noun|singular|,
1382.1.m4a,conjugation,2f9db4c187ef2eae,noun|singular|,
1383.1.m4a,conjugation,494ea10bb0a584bf,noun|singular|,
1384.1.m4a,conjugation,553e48b6e6c40056,noun|singular|,
1385.1.m4a,conjugation,dbc0c8dc2cc625e4,noun|singular|,
1386.1.m4a,conjugation,125dad292a788344,3s|3s|present,
1387.1.m4a,conjugation,6391bdb9dd6fa474,noun|singular|,
1389.1.m4a,conjugation,2734c45bd1154858,noun|singular|,
1390.1.m4a,conjugation,2bd06980c62c17ec,noun|singular|,
1391.1.m4a,conjugation,b4f2ad87f9ed4402,noun|singular|,
1392.1.m4a,conjugation,c618ced9ad543725,noun|singular|,
1393.1.m4a,conjugation,3b9f744ed0363fab,noun|singular|,
1394.1.m4a,conjugation,58e083d52856c614,noun|singular|,
1395.1.m4a,conjugation,f890b7958516611c,noun|singular|,
1399.1.m4a,conjugation,7d7b642d1f12c705,noun|singular|,
1400.1.m4a,conjugation,708d91476d50ada2,noun|singular|,
1401.1.m4a,conjugation,9658785e36ad9773,noun|singular|,
1404.1.m4a,conjugation,3c024dd9a9406a79,noun|singular|,
1406.1.m4a,conjugation,686903b0caf1efdc,3s|3s|present,
1407.1.m4a,conjugation,354daa1a61d94af3,3s|3s|present,
1410.1.m4a,conjugation,1e1fff6baa4a2466,noun|singular|,
1411.1.m4a,conjugation,8000aa7c8c2515bb,noun|singular|,
1413.1.m4a,conjugation,3c8715822f1b8ef5,noun|singular|,
1414.1.m4a,conjugation,7e4b24816acc50d6,noun|singular|,
1415.1.m4a,conjugation,0ca2f3d98193ad65,noun|singular|,
1417.1.m4a,conjugation,2ef73c02bcb63e03,noun|unknown|,
1419.1.m4a,conjugation,b5fe1dd88df03088,noun|singular|,
1420.1.m4a,conjugation,08fd1c63681b2fa7,noun|singular|,
1422.1.m4a,conjugation,eb9bb83c98fb0cd7,noun|singular|,
1423.1.m4a,conjugation,d4b93abc2e8d910b,noun|singular|,
1424.1.m4a,conjugation,6e101f865dd91d1e,noun|singular|,
1425.1.m4a,conjugation,25565fdff1f2dc40,noun|singular|,
1427.1.m4a,conjugation,42a20b4455d175a5,noun|singular|,
1429.1.m4a,conjugation,d44610170446335b,3s|3s|present,
1430.1.m4a,conjugation,1bc5cd507f3f99d8,noun|singular|,
1431.1.m4a,conjugation,8105250e3c583c0d,noun|singular|,
1433.1.m4a,conjugation,10302a53b8214d58,noun|singular|,
1434.1.m4a,conjugation,f907e80b1277a2b7,noun|singular|,
1435.1.m4a,conjugation,a4efb072a0e96dbe,noun|singular|,
1436.1.m4a,conjugation,951a919c1b820a4f,noun|singular|,
1437.1.m4a,conjugation,c42485ac40c578ff,noun|singular|,
1438.1.m4a,conjugation,c42b7fae6ae150bf,noun|singular|,
1439.1.m4a,conjugation,f0034f1d4b0a86d9,noun|singular|,
1441.1.m4a,conjugation,2f77260c50b17136,noun|singular|,
1444.1.m4a,conjugation,10b7757e36f1e829,noun|singular|,
1445.1.m4a,conjugation,5954b50e3d310420,noun|singular|,
1446.1.m4a,conjugation,64dbc8875b744d33,noun|singular|,
1452.1.m4a,conjugation,312a369bd6a4b0fb,noun|singular|,
1453.1.m4a,conjugation,b4cdb955b44a5184,3s|3s|present,
1454.1.m4a,conjugation,33f8d3d1d15642fd,noun|singular|,
1455.1.m4a,conjugation,e59acded0a06a415,3s|3s|present,
1456.1.m4a,conjugation,ddb7451f5f2e4a1c,3s|3s|present,
1458.1.m4a,conjugation,35e279e2e0432fe4,noun|singular|,
1460.1.m4a,conjugation,bc689484d0031288,noun|singular|,
1461.1.m4a,conjugation,4f3f6e291458fe3e,noun|singular|,
1462.1.m4a,conjugation,118a412284e4ede5,noun|singular|,
1463.1.m4a,conjugation,3e6403b73f82827c,noun|singular|,
1465.1.m4a,conjugation,9e8187840cda9f22,noun|singular|,
1467.1.m4a,conjugation,64ee0df0834b57bc,noun|singular|,
1468.1.m4a,conjugation,3bd79ea16b096788,noun|singular|,
1470.1.m4a,conjugation,5a15ef3841d575f0,noun|singular|,
1471.1.m4a,conjugation,419592a8c8460252,noun|singular|,
1472.1.m4a,conjugation,160ef9ee84bd473b,noun|singular|,
1473.1.m4a,conjugation,e100fe0653595602,noun|singular|,
1474.1.m4a,conjugation,0e1b6c6671958b5a,noun|singular|,
1478.1.m4a,conjugation,d275c1f26816a8c8,3s|3s|present,
1479.1.m4a,conjugation,59e45aea61fb9925,noun|singular|,
1480.1.m4a,conjugation,e33faeafd6db5623,noun|singular|,
1481.1.m4a,conjugation,d36decb4c6048032,3s|3s|present,
1483.1.m4a,conjugation,88e031ea29887bbf,3s|3s|present,
1484.1.m4a,conjugation,2c3771ab89718535,3s|3s|present,
1485.1.m4a,conjugation,dd11b36656c9c2ea,3s|3s|present,
1486.1.m4a,conjugation,8c708836b687300b,noun|singular|,
1487.1.m4a,conjugation,2793343c9a2bd5b1,noun|singular|,
1488.1.m4a,conjugation,6f191c72d802c973,3s|3s|present,
1489.1.m4a,conjugation,ffbf68cfb0aabe02,noun|singular|,
1491.1.m4a,conjugation,51cff92e9c0d83c1,noun|singular|,
1492.1.m4a,conjugation,8f4c99a69d8ef7d2,noun|singular|,
1493.1.m4a,conjugation,7576f186c10f889d,noun|singular|,
1494.1.m4a,conjugation,01d73a8491812b1e,noun|singular|,
1495.1.m4a,conjugation,81ba4c556ccabc49,noun|singular|,
1496.1.m4a,conjugation,ff7b8389230c7767,noun|singular|,
1497.1.m4a,conjugation,778031b8245ca1be,noun|singular|,
1498.1.m4a,conjugation,d2b73c27e0b8ec06,noun|singular|,
1499.1.m4a,conjugation,36578baf541060fc,noun|singular|,
1500.1.m4a,conjugation,97dd985cbe3522f6,noun|singular|,
1501.1.m4a,conjugation,11660d34ab106670,noun|singular|,
1502.1.m4a,conjugation,292423b3243fc4c8,noun|singular|,
1503.1.m4a,conjugation,ee85174b699e3f75,3s|3s|present,
1505.1.m4a,conjugation,85e8f3c176ea5e9f,noun|singular|,
1506.1.m4a,conjugation,b2f642e29b332870,noun|singular|,
1507.1.m4a,conjugation,88bbe38911778af6,noun|singular|,
1508.1.m4a,conjugation,0f179ba0de3934ed,noun|singular|,
1509.1.m4a,conjugation,b3742a3982a5526b,noun|singular|,
1510.1.m4a,conjugation,c518ecb6974518b0,noun|singular|,
1511.1.m4a,conjugation,ae8eeb77c1201d59,noun|singular|,
1512.1.m4a,conjugation,7cee4432ac5c7d82,noun|singular|,
1513.1.m4a,conjugation,057f1944bc77fea9,noun|singular|,
1514.1.m4a,conjugation,b7a05115abe29b29,noun|singular|,
1518.1.m4a,conjugation,2e63ec25fcc9df8f,noun|singular|,
1519.1.m4a,conjugation,b8aabbbf042a9589,noun|singular|,
1520.1.m4a,conjugation,19e923d63c6f23a8,noun|singular|,
1521.1.m4a,conjugation,6113c46d243df71c,noun|singular|,
1522.1.m4a,conjugation,7ca42e081a4543f1,noun|singular|,
1524.1.m4a,conjugation,8a27ebaf1fe23ce8,noun|singular|,
1526.1.m4a,conjugation,5cd8ee8f085e9f3d,noun|singular|,
1527.1.m4a,conjugation,63acfb1e860412d9,noun|singular|,
1529.1.m4a,conjugation,c895f3768365e4ee,noun|singular|,
1531.1.m4a,conjugation,ed9e1ed988c87268,noun|singular|,
1532.1.m4a,conjugation,dbcc9547b4d70e69,noun|singular|,
1533.1.m4a,conjugation,b80318eb3d88a4e4,noun|singular|,
1534.1.m4a,conjugation,b80318eb3d88a4e4,noun|plural|,
1538.1.m4a,conjugation,fafbdf5783073506,noun|singular|,
1539.1.m4a,conjugation,e3a6ba73da8a2d83,noun|singular|,
1540.1.m4a,conjugation,f61fcec829ada102,noun|singular|,
1541.1.m4a,conjugation,10a2e5c237111ba7,noun|singular|,
1543.1.m4a,conjugation,20e7a197c9b49082,noun|singular|,
1548.1.m4a,conjugation,5a5f56eae73bad29,noun|singular|,
1552.1.m4a,conjugation,ad38cb8fad5fefb2,noun|singular|,
1554.1.m4a,conjugation,b58cabe34015a76c,3s|3s|present,
1556.1.m4a,conjugation,ac5d9aa5686e73f3,noun|singular|,
1557.1.m4a,conjugation,2fb6358a051ca5d0,noun|singular|,
1558.1.m4a,conjugation,f4b206aa85b7ac7f,noun|singular|,
1560.1.m4a,conjugation,f2edf5d8659b9296,noun|singular|,
1561.1.m4a,conjugation,9776299997ab1b15,noun|singular|,
1562.1.m4a,conjugation,6218b493c8528a97,noun|singular|,
1563.1.m4a,conjugation,e613b379668980b8,noun|singular|,
1564.1.m4a,conjugation,0913467768484f62,3s|3s|present,
1565.1.m4a,conjugation,d0124103124d3b52,noun|singular|,
1566.1.m4a,conjugation,5c170b5cc66a3319,noun|singular|,
1567.1.m4a,conjugation,b407fbe6bfeb71af,3s|3s|present,
1568.1.m4a,conjugation,ae0a334ad615f6bc,noun|singular|,
1569.1.m4a,conjugation,863abb09fa974789,3s|3s|present,
1570.1.m4a,conjugation,696f146de8bbee62,noun|singular|,
1572.1.m4a,conjugation,55de0aaf4826ad6c,noun|singular|,
1575.1.m4a,conjugation,1889afa28e425a5c,noun|singular|,
1576.1.m4a,conjugation,95b75ecfb3c7b353,noun|singular|,
1579.1.m4a,conjugation,5e71dda090cb9fee,noun|singular|,
1581.1.m4a,conjugation,80bde6e885fc0011,noun|singular|,
1583.1.m4a,conjugation,433327b768d8d3ba,noun|singular|,
1584.1.m4a,conjugation,019b4807ae920364,noun|singular|,
1586.1.m4a,conjugation,e7a3968bf0b00a6d,noun|singular|,
1588.1.m4a,conjugation,076edc32f17a8931,noun|singular|,
1591.1.m4a,conjugation,335352a4cacee008,noun|singular|,
1592.1.m4a,conjugation,9900c283a83b2e3d,noun|singular|,
1595.1.m4a,conjugation,9bf3b6d81e929139,noun|singular|,
1598.1.m4a,conjugation,0eefc209ae742a0b,noun|singular|,
1599.1.m4a,conjugation,753a556ac8de1fdc,noun|singular|,
1604.1.m4a,conjugation,fd6e92be526ef008,noun|singular|,
1605.1.m4a,conjugation,f9ffaa0e66f62e15,3s|3s|present,
1606.1.m4a,conjugation,65f131753ee9d67f,noun|singular|,
1607.1.m4a,conjugation,6e49ecb8a8a026ce,3s|3s|present,
1609.1.m4a,conjugation,e4ffe46eadb9a72a,noun|singular|,
1612.1.m4a,conjugation,3d2b477eb321798c,noun|singular|,
1613.1.m4a,conjugation,ae62edde24a8aa2e,noun|singular|,
1615.1.m4a,conjugation,cf47fe69dd97cd4c,noun|singular|,
1616.1.m4a,conjugation,b36da9a6f9c09f4a,noun|singular|,
1618.1.m4a,conjugation,e57decb3deede438,noun|singular|,
1619.1.m4a,conjugation,7f0ac504417b428a,noun|singular|,
1621.1.m4a,conjugation,f54e996bcb366e4c,noun|singular|,
1622.1.m4a,conjugation,2426996dc6904d10,noun|singular|,
1624.1.m4a,conjugation,7a7632b71c4555d8,noun|singular|,
1625.1.m4a,conjugation,949e9835e86ac9ad,noun|singular|,
1628.1.m4a,conjugation,04208070d120d176,noun|singular|,
1631.1.m4a,conjugation,84fe36f90d1902e5,noun|singular|,
1632.1.m4a,conjugation,5dbc876312191475,noun|singular|,
1633.1.m4a,conjugation,ad4792a57a65d49c,noun|singular|,
1634.1.m4a,conjugation,a9ecb90d0407308e,noun|singular|,
1639.1.m4a,conjugation,c41769afc32a63e3,noun|singular|,
1640.1.m4a,conjugation,b870ad9fbc4f75c8,noun|singular|,
1641.1.m4a,conjugation,92e1565ccb5ddab7,noun|singular|,
1643.1.m4a,conjugation,43df18057172a0bd,noun|singular|,
1645.1.m4a,conjugation,c8b70b7610f9197e,noun|unknown|,
1647.1.m4a,conjugation,9f4b06fae8ee40ba,noun|singular|,
1648.1.m4a,conjugation,e4e919db728ea69c,noun|singular|,
1649.1.m4a,conjugation,55b19ff8383e3863,noun|singular|,
1650.1.m4a,conjugation,8770c98fd6f5be69,noun|singular|,
1652.1.m4a,conjugation,cd03ea53933c7686,noun|singular|,
1653.1.m4a,conjugation,6782cab5397f887e,noun|singular|,
1655.1.m4a,conjugation,084303d8afb25998,noun|singular|,
1656.1.m4a,conjugation,647a70ec4f047574,noun|singular|,
1657.1.m4a,conjugation,efa5bb3ac34c0d4b,noun|singular|,
1660.1.m4a,conjugation,549eca08cdb5ac74,noun|singular|,
1661.1.m4a,conjugation,03fb4aa2c4e57ffc,noun|singular|,
1662.1.m4a,conjugation,597f4fcce5005fa1,noun|singular|,
1666.1.m4a,conjugation,04c790ae25cb75a2,noun|singular|,
1667.1.m4a,conjugation,d2b6b9209aca8c89,noun|singular|,
1669.1.m4a,conjugation,d1a5357844adeba2,noun|singular animate|,
1671.1.m4a,conjugation,c1da7664ccfe4566,noun|singular|,
1673.1.m4a,conjugation,ea909ee5ca87ab84,noun|singular|,
1674.1.m4a,conjugation,6c704bc9e235eb94,noun|singular|,
1675.1.m4a,conjugation,245db2198fc88f7e,noun|singular|,
1676.1.m4a,conjugation,f155bb6d99805900,noun|singular|,
1677.1.m4a,conjugation,8e28c1cfc170196f,noun|singular|,
1681.1.m4a,conjugation,799e3fc4fad7e01f,noun|singular|,
1692.1.m4a,conjugation,c94e9fb4fb6e6fcc,noun|singular|,
1694.1.m4a,conjugation,0134dc7f8c5141a9,noun|singular|,
1696.1.m4a,conjugation,018cea3280b800c5,noun|singular|,
1697.1.m4a,conjugation,f7f587908e018eba,noun|singular|,
1699.1.m4a,conjugation,51abd310d5a69b3e,noun|singular|,
1700.1.m4a,conjugation,a609ade0377c9ced,noun|singular|,
1703.1.m4a,conjugation,7f3e26d60e8299b0,noun|singular|,
1707.1.m4a,conjugation,580002dfc1ca277e,noun|singular|,
1709.1.m4a,conjugation,da07adfafe12f15e,noun|singular|,
1710.1.m4a,conjugation,670cbc639d401bd3,noun|singular|,
1711.1.m4a,conjugation,facead6c49438986,noun|singular|,
1713.1.m4a,conjugation,d08c63795519205c,noun|singular|,
1714.1.m4a,conjugation,1994410f2f99a582,noun|singular|,
1716.1.m4a,conjugation,a88f712c86fb6599,noun|singular|,
1717.1.m4a,conjugation,8fde31fac5ec5d38,noun|singular|,
1718.1.m4a,conjugation,e0d5e5164462dad1,noun|singular|,
1719.1.m4a,conjugation,459b0a9a6f39fc67,noun|singular|,
1722.1.m4a,conjugation,5a9c973cbb4faa2a,noun|singular|,
1723.1.m4a,conjugation,4a12aebc05c0512d,noun|singular|,
1725.1.m4a,conjugation,7a77eaf1e6a1dad2,noun|singular|,
1726.1.m4a,conjugation,69fc8ef8b1c4291e,noun|singular|,
1728.1.m4a,conjugation,7827eeefa6ed52c1,noun|singular|,
1729.1.m4a,conjugation,5f60e102f1450db2,noun|singular|,
1735.1.m4a,conjugation,feec042b68c025df,noun|singular|,
1738.1.m4a,conjugation,7c5b047d1bad0042,noun|singular|,
1739.1.m4a,conjugation,af0e366876f8fa8b,noun|singular|,
1741.1.m4a,conjugation,db6cea154ffe22b2,noun|singular|,
1742.1.m4a,conjugation,39b07ea23730d178,noun|singular|,
1744.1.m4a,conjugation,80d580f124433ef0,noun|singular|,
1745.1.m4a,conjugation,4c94f36c48686208,noun|singular|,
1746.1.m4a,conjugation,de8e908822d5f653,noun|singular|,
1748.1.m4a,conjugation,cf32a979bbad4197,noun|singular|,
1751.1.m4a,conjugation,c184e3e0c33aecf5,noun|singular|,
1752.1.m4a,conjugation,0668f1c715656aab,noun|singular|,
1753.1.m4a,conjugation,711547b960b4309b,noun|singular|,
1754.1.m4a,conjugation,a933fa87e0ddfe62,noun|singular|,
1755.1.m4a,conjugation,f601e2b55bad87ca,noun|singular|,
1757.1.m4a,conjugation,50cdfe43a6d27519,noun|singular|,
1758.1.m4a,conjugation,95d47b82128866ce,noun|singular|,
1760.1.m4a,conjugation,5c3941cc231f0430,noun|singular|,
1762.1.m4a,conjugation,cbe00c70cadac143,noun|singular|,
1763.1.m4a,conjugation,56a188f94e82be74,noun|singular|,
1768.1.m4a,conjugation,7f5d0e252b3df122,noun|singular|,
1769.1.m4a,conjugation,b264c28919db97cc,noun|singular|,
1771.1.m4a,conjugation,d8a7c7acd4768f49,noun|singular|,
1778.1.m4a,conjugation,39589ccd47204dc6,noun|singular|,
1779.1.m4a,conjugation,8d60205ea0b33b19,noun|singular|,
1780.1.m4a,conjugation,ea0d8dfb8f8d6f62,noun|singular|,
1781.1.m4a,conjugation,8ef050b274cd5510,noun|singular|,
1782.1.m4a,conjugation,129aed08745af92d,noun|singular|,
1783.1.m4a,conjugation,abe795d3e49ca5e2,noun|singular|,
1784.1.m4a,conjugation,4c535ce5510c059c,noun|singular|,
1786.1.m4a,conjugation,12ac4b94638fc558,noun|singular|,
1790.1.m4a,conjugation,70458192b59642b3,noun|singular|,
1794.1.m4a,conjugation,0f7036674e3c1576,noun|singular|,
1797.1.m4a,conjugation,e094e2e2e8a74cac,noun|singular|,
1800.1.m4a,conjugation,9087789f1f8ef164,noun|singular|,
1801.1.m4a,conjugation,42ed33dfa3c3df1a,noun|singular|,
1802.1.m4a,conjugation,9b8ddd7b713031a2,noun|singular|,
1803.1.m4a,conjugation,8211057cf550ef41,3s|3s|present,
1812.1.m4a,conjugation,3ae40e7478f865bd,noun|singular|,
1813.1.m4a,conjugation,44c560a003e55c70,noun|singular|,
1816.1.m4a,conjugation,e46aa4ed3e493345,noun|singular|,
1819.1.m4a,conjugation,a57332aa2fef96be,noun|singular|,
1820.1.m4a,conjugation,20989d8515334430,noun|unknown|,
1822.1.m4a,conjugation,7717ce42d5aad1cc,noun|singular|,
1825.1.m4a,conjugation,1db140b4b1a45cae,noun|singular|,
1826.1.m4a,conjugation,3dbf345b603fdb67,noun|singular|,
1827.1.m4a,conjugation,1a57d1e3edef567e,noun|singular|,
1828.1.m4a,conjugation,b2703f7d581b008a,noun|singular|,
1829.1.m4a,conjugation,6330269db1ae4e06,noun|singular|,
1831.1.m4a,conjugation,ad4cbce26469d144,noun|singular|,
1832.1.m4a,conjugation,e014d9741d75f693,noun|singular|,
1833.1.m4a,conjugation,19fc7a18fe09efd7,noun|singular|,
1835.1.m4a,conjugation,0220c659f1bb7138,noun|singular|,
1836.1.m4a,conjugation,23568d6575502700,noun|singular|,
1837.1.m4a,conjugation,b351371fb1782d6a,noun|singular|,
1839.1.m4a,conjugation,8a2fc959bf1cb26c,noun|singular|,
1840.1.m4a,conjugation,410635c02eaf3b75,noun|singular|,
1841.1.m4a,conjugation,4654c480fed1663e,noun|singular|,
1843.1.m4a,conjugation,3101d4b16a03b229,noun|singular|,
1848.1.m4a,conjugation,f34d114cab0832e4,noun|singular|,
1850.1.m4a,conjugation,363cdcd17a867172,noun|singular|,
1851.1.m4a,conjugation,5c0c860b80b7fb78,noun|singular|,
1855.1.m4a,conjugation,0d4e197f07f81015,noun|singular|,
1860.1.m4a,conjugation,091b4204c98a1b1a,noun|singular|,
1861.1.m4a,conjugation,1b465fc7b3842205,noun|singular|,
1863.1.m4a,conjugation,be637e60189052aa,noun|singular|,
1864.1.m4a,conjugation,6f19c15c8466a2a1,noun|singular|,
Sentence_for_entry_0004.m4a,sentence,,,be81dc927487
Sentence_for_entry_0005.m4a,sentence,,,d433936fb804
Sentence_for_entry_0006.m4a,sentence,,,4f110984292b
Sentence_for_entry_0007.m4a,sentence,,,7cb73dac3dd4
Sentence_for_entry_0008.m4a,sentence,,,b45ec5fff979
Sentence_for_entry_0009.m4a,sentence,,,4872e91fc6be
Sentence_for_entry_0010.m4a,sentence,,,b9afa52f5da7
Sentence_for_entry_0011.m4a,sentence,,,03a5fd2fba1d
Sentence_for_entry_0012.m4a,sentence,,,e5ce24b448f9
Sentence_for_entry_0013.m4a,sentence,,,6f4734d9af39
Sentence_for_entry_0014.m4a,sentence,,,07d5f4674060
Sentence_for_entry_0015_02.m4a,sentence,,,9567515d4f2c
Sentence_for_entry_0015_01.m4a,sentence,,,d854dae719f5
Sentence_for_entry_0016.m4a,sentence,,,ce2391d976a7
Sentence_for_entry_0017.m4a,sentence,,,b6cbf3a97f11
Sentence_for_entry_0018.m4a,sentence,,,64f551a7c10f
Sentence_for_entry_0019.m4a,sentence,,,9cae379abf93
Sentence_for_entry_0020.m4a,sentence,,,04c2b8eadcf6
Sentence_for_entry_0021.m4a,sentence,,,cbf8dd6b2831
Sentence_for_entry_0022.m4a,sentence,,,a80929c27965
Sentence_for_entry_0023.m4a,sentence,,,2fa28d0aed0b
Sentence_for_entry_0024.m4a,sentence,,,6bcf74a80ebe
Sentence_for_entry_0025_01.m4a,sentence,,,2ad5ffcd4c0b
Sentence_for_entry_0025_02.m4a,sentence,,,34db0d437d94
Sentence_for_entry_0026.m4a,sentence,,,eba0d1c90114
Sentence_for_entry_0027.m4a,sentence,,,dda3e57c13e3
Sentence_for_entry_0028.m4a,sentence,,,7ba6e5892f5f
Sentence_for_entry_0029.m4a,sentence,,,7a23c42815bf
Sentence_for_entry_0030.m4a,sentence,,,d4bed5d02a59
Sentence_for_entry_0031.m4a,sentence,,,fef682b9a0ff
Sentence_for_entry_0032.m4a,sentence,,,a2cd92e71f20
Sentence_for_entry_0033.m4a,sentence,,,29d435fd068a
Sentence_for_entry_0034.m4a,sentence,,,5f20f59ee93f
Sentence_for_entry_0035.m4a,sentence,,,bcc10607bec5
Sentence_for_entry_0036.m4a,sentence,,,c4f208a485ba
Sentence_for_entry_0038.m4a,sentence,,,e51865c0cf2e
Sentence_for_entry_0039.m4a,sentence,,,bff1f80467fd
Sentence_for_entry_0040.m4a,sentence,,,652b9c798f88
Sentence_for_entry_0041.m4a,sentence,,,ae303941ca0f
Sentence_for_entry_0042.m4a,sentence,,,1cfb5151919b
Sentence_for_entry_0043.m4a,sentence,,,dbf1e5075bd5
Sentence_for_entry_0044.m4a,sentence,,,0c4fd8ad9f48
Sentence_for_entry_0045.m4a,sentence,,,e7198b4cb1f3
Sentence_for_entry_0046.m4a,sentence,,,fa80dc164f07
Sentence_for_entry_0047.m4a,sentence,,,ea1f640ab218
Sentence_for_entry_0048.m4a,sentence,,,61bb1b89e353
Sentence_for_entry_0049.m4a,sentence,,,e49c254270b6
Sentence_for_entry_0050.m4a,sentence,,,92c358523ee4
Sentence_for_entry_0050.m4a,sentence,,,a3c8d011fddc
Sentence_for_entry_0051.m4a,sentence,,,f048d629c43f
Sentence_for_entry_0052.m4a,sentence,,,4a92450aa246
Sentence_for_entry_0053.m4a,sentence,,,3c67452c1eab
Sentence_for_entry_0054.m4a,sentence,,,2028dc45e9c6
Sentence_for_entry_0055.m4a,sentence,,,e6d2dcc00988
Sentence_for_entry_0056.m4a,sentence,,,02540ef429bd
Sentence_for_entry_0057.m4a,sentence,,,9f47ed9ce220
Sentence_for_entry_0058.m4a,sentence,,,4407d8aa4c19
Sentence_for_entry_0059.m4a,sentence,,,ba8b380a65eb
Sentence_for_entry_0060.m4a,sentence,,,0e4e49a69f29
Sentence_for_entry_0061.m4a,sentence,,,0412e2fab809
Sentence_for_entry_0062.m4a,sentence,,,934460cbe5c8
Sentence_for_entry_0063.m4a,sentence,,,cd89d1b564f2
Sentence_for_entry_0064.m4a,sentence,,,993105511e12
Sentence_for_entry_0065.m4a,sentence,,,c5f76f161afc
Sentence_for_entry_0066.m4a,sentence,,,8b158a17b7ff
Sentence_for_entry_0067.m4a,sentence,,,3ee2bb0e2876
Sentence_for_entry_0068.m4a,sentence,,,3c95afd86cf4
Sentence_for_entry_0069.m4a,sentence,,,777cbe1e274b
Sentence_for_entry_0070.m4a,sentence,,,10754d73a5f3
Sentence_for_entry_0071.m4a,sentence,,,3893a1f8088d
Sentence_for_entry_0072.m4a,sentence,,,a732d7410c02
Sentence_for_entry_0073.m4a,sentence,,,0db3b9abde85
Sentence_for_entry_0074.m4a,sentence,,,7c325dddf447
Sentence_for_entry_0075.m4a,sentence,,,27f3b50a4192
Sentence_for_entry_0076.m4a,sentence,,,7509067913ed
Sentence_for_entry_0077.m4a,sentence,,,3e13eb337f0d
Sentence_for_entry_0078.m4a,sentence,,,e91cc32219c0
Sentence_for_entry_0079.m4a,sentence,,,d5e414bd552d
Sentence_for_entry_0080.m4a,sentence,,,ee50ff279842
Sentence_for_entry_0081.m4a,sentence,,,bde69e7a2d64
Sentence_for_entry_0082.m4a,sentence,,,a06299d9d670
Sentence_for_entry_0083.m4a,sentence,,,ce25963cd145
Sentence_for_entry_0084.m4a,sentence,,,2cf8df6633ff
Sentence_for_entry_0085.m4a,sentence,,,fd4ee923eeb1
Sentence_for_entry_0086.m4a,sentence,,,033e7cfef8ab
Sentence_for_entry_0087.m4a,sentence,,,a301b1a20b1a
Sentence_for_entry_0088.m4a,sentence,,,5c4265b7bddf
Sentence_for_entry_0089.m4a,sentence,,,295728eec00d
Sentence_for_entry_0090.m4a,sentence,,,3ff35fdeefda
Sentence_for_entry_0091.m4a,sentence,,,fc3d2f6b30f7
Sentence_for_entry_0092.m4a,sentence,,,761de19e7ae5
Sentence_for_entry_0093.m4a,sentence,,,974e1b904979
Sentence_for_entry_0094.m4a,sentence,,,328302679bd6
Sentence_for_entry_0095.m4a,sentence,,,abfc57a40cce
Sentence_for_entry_0096.m4a,sentence,,,4f344f5fbe63
Sentence_for_entry_0097.m4a,sentence,,,c933fb219f35
Sentence_for_entry_0098.m4a,sentence,,,dd30d2a98aa7
Sentence_for_entry_0099.m4a,sentence,,,b8ab1c64dac0
Sentence_for_entry_0100.m4a,sentence,,,1654e2492a91
Sentence_for_entry_0101.m4a,sentence,,,a4eafb54bead
Sentence_for_entry_0102.m4a,sentence,,,30d9a6d8371a
Sentence_for_entry_0103.m4a,sentence,,,3644f2d5d2a0
Sentence_for_entry_0104.m4a,sentence,,,bfab5e25ea17
Sentence_for_entry_0105.m4a,sentence,,,bab63b5a37da
Sentence_for_entry_0106.m4a,sentence,,,d0aeaf09720b
Sentence_for_entry_0107.m4a,sentence,,,876d27c79d4c
Sentence_for_entry_0108.m4a,sentence,,,01cb6c2f3ee8
Sentence_for_entry_0109.m4a,sentence,,,149c636a302d
Sentence_for_entry_0110.m4a,sentence,,,e1ec01ec5f51
Sentence_for_entry_0111.m4a,sentence,,,31e79f96f3a4
Sentence_for_entry_0112.m4a,sentence,,,8dac6b72aae8
Sentence_for_entry_0113_02.m4a,sentence,,,233b0cd8ea0d
Sentence_for_entry_0113_01.m4a,sentence,,,645a7f34c480
Sentence_for_entry_0114.m4a,sentence,,,4290787438b0
Sentence_for_entry_0115.m4a,sentence,,,1992c3f734db
Sentence_for_entry_0116.m4a,sentence,,,045cc00b2302
Sentence_for_entry_0117_02.m4a,sentence,,,673c049f6e66
Sentence_for_entry_0117_01.m4a,sentence,,,a49360e4e718
Sentence_for_entry_0118.m4a,sentence,,,f4257c06e6c9
Sentence_for_entry_0119.m4a,sentence,,,9e4736702575
Sentence_for_entry_0120.m4a,sentence,,,05282156271b
Sentence_for_entry_0121.m4a,sentence,,,f4635a633205
Sentence_for_entry_0122.m4a,sentence,,,953cffb92177
Sentence_for_entry_0123.m4a,sentence,,,12b2348612e9
Sentence_for_entry_0124.m4a,sentence,,,b3955f6f71ae
Sentence_for_entry_0125.m4a,sentence,,,8f2c7923edb5
Sentence_for_entry_0126.m4a,sentence,,,ff38ed0bc536
Sentence_for_entry_0127.m4a,sentence,,,e1eab2cc26bf
Sentence_for_entry_0128.m4a,sentence,,,fb76dc5d5a97
Sentence_for_entry_0129.m4a,sentence,,,45acaaa43101
Sentence_for_entry_0130.m4a,sentence,,,f06e1b37587d
Sentence_for_entry_0132.m4a,sentence,,,7460944091d9
Sentence_for_entry_0133_02.m4a,sentence,,,07cb58b53d29
Sentence_for_entry_0133_01.m4a,sentence,,,95c863b8ad0c
Sentence_for_entry_0134.m4a,sentence,,,d23ff5f36efe
Sentence_for_entry_0135.m4a,sentence,,,354271ff4d97
Sentence_for_entry_0136.m4a,sentence,,,e51892c6a80b
Sentence_for_entry_0137.m4a,sentence,,,01ced55820f1
Sentence_for_entry_0138.m4a,sentence,,,1ceb8bba7fe6
Sentence_for_entry_0139.m4a,sentence,,,a0b1d226432d
Sentence_for_entry_0140.m4a,sentence,,,4289f1a15201
Sentence_for_entry_0141.m4a,sentence,,,ef4ad5accb70
Sentence_for_entry_0142.m4a,sentence,,,656b198211cd
Sentence_for_entry_0143_01.m4a,sentence,,,8a5554fbc6f8
Sentence_for_entry_0143_02.m4a,sentence,,,d70d61ef0b67
Sentence_for_entry_0144.m4a,sentence,,,245c65d3c6b3
Sentence_for_entry_0145.m4a,sentence,,,40372fbf3208
Sentence_for_entry_0146.m4a,sentence,,,62422bf883e7
Sentence_for_entry_0147.m4a,sentence,,,70bc9a2cb7a2
Sentence_for_entry_0148.m4a,sentence,,,506118d2acd3
Sentence_for_entry_0149.m4a,sentence,,,461fb5c1385e
Sentence_for_entry_0150.m4a,sentence,,,98e3b29c95b1
Sentence_for_entry_0152.m4a,sentence,,,3a4da391d6f9
Sentence_for_entry_0153_02.m4a,sentence,,,3b94900a3b4a
Sentence_for_entry_0153_01.m4a,sentence,,,a5aa36c4451c
Sentence_for_entry_0154.m4a,sentence,,,0dce523e1bc2
Sentence_for_entry_0155.m4a,sentence,,,53d7b13446a9
Sentence_for_entry_0156.m4a,sentence,,,d72e3f12e330
Sentence_for_entry_0157.m4a,sentence,,,91c14fb6119c
Sentence_for_entry_0158.m4a,sentence,,,e14d9f0420cc
Sentence_for_entry_0160.m4a,sentence,,,ddd9ca6460a9
Sentence_for_entry_0161.m4a,sentence,,,14c0000285a4
Sentence_for_entry_0162.m4a,sentence,,,5a970cbed369
Sentence_for_entry_0163.m4a,sentence,,,c6fca01082f5
Sentence_for_entry_0164.m4a,sentence,,,a94fd19e53d8
Sentence_for_entry_0165.m4a,sentence,,,d363b147af10
Sentence_for_entry_0166.m4a,sentence,,,cd00bdc812e8
Sentence_for_entry_0167.m4a,sentence,,,69b891cd3052
Sentence_for_entry_0168.m4a,sentence,,,76939d98631b
Sentence_for_entry_0169.m4a,sentence,,,f8e2a63a08d4
Sentence_for_entry_0170.m4a,sentence,,,d010514fb31f
Sentence_for_entry_0171.m4a,sentence,,,166e7344084d
Sentence_for_entry_0172.m4a,sentence,,,a95341732461
Sentence_for_entry_0173.m4a,sentence,,,778729a32129
Sentence_for_entry_0174.m4a,sentence,,,ba6efb48368f
Sentence_for_entry_0175.m4a,sentence,,,e5ca1c195940
Sentence_for_entry_0176.m4a,sentence,,,85484046c18c
Sentence_for_entry_0177.m4a,sentence,,,c00ffa139353
Sentence_for_entry_0178.m4a,sentence,,,78dcdb159a9f
Sentence_for_entry_0179.m4a,sentence,,,260758c0a826
Sentence_for_entry_0180.m4a,sentence,,,732d49fa76d9
Sentence_for_entry_0181.m4a,sentence,,,6c138bfdfb8c
Sentence_for_entry_0182.m4a,sentence,,,afe9fd17ff02
Sentence_for_entry_0183.m4a,sentence,,,eeb22fedae70
Sentence_for_entry_0184.m4a,sentence,,,6479120fd466
Sentence_for_entry_0185.m4a,sentence,,,91b901101f66
Sentence_for_entry_0186.m4a,sentence,,,78ec6f972d06
Sentence_for_entry_0187.m4a,sentence,,,bf4996cb6025
Sentence_for_entry_0188.m4a,sentence,,,4b70c53f44d1
Sentence_for_entry_0189.m4a,sentence,,,93da29d79a77
Sentence_for_entry_0190.m4a,sentence,,,2c4b22a267f2
Sentence_for_entry_0191.m4a,sentence,,,a1f3bb1c6331
Sentence_for_entry_0192.m4a,sentence,,,3ffaee312460
Sentence_for_entry_0193.m4a,sentence,,,1e38f092ed0e
Sentence_for_entry_0194.m4a,sentence,,,482a9cd9662e
Sentence_for_entry_0195.m4a,sentence,,,646a4762cfb2
Sentence_for_entry_0196.m4a,sentence,,,d9387837add5
Sentence_for_entry_0197.m4a,sentence,,,754a5b71f019
Sentence_for_entry_0198.m4a,sentence,,,5aaa38ea6ea8
Sentence_for_entry_0199.m4a,sentence,,,2ea133552bf2
Sentence_for_entry_0200.m4a,sentence,,,dc7aefa8638c
Sentence_for_entry_0201.m4a,sentence,,,c1a2ce9d2889
Sentence_for_entry_0202_01.m4a,sentence,,,2a9906bb8ecd
Sentence_for_entry_0202_02.m4a,sentence,,,c4428a21b633
Sentence_for_entry_0203.m4a,sentence,,,e979a1dd816d
Sentence_for_entry_0204.m4a,sentence,,,23b211e66b18
Sentence_for_entry_0205.m4a,sentence,,,7c30cc74274c
Sentence_for_entry_0206.m4a,sentence,,,a541df00f7ae
Sentence_for_entry_0207.m4a,sentence,,,e8c794cce52f
Sentence_for_entry_0208.m4a,sentence,,,538e81a8f698
Sentence_for_entry_0209.m4a,sentence,,,abbf5621c6da
Sentence_for_entry_0210.m4a,sentence,,,8b562dba40d2
Sentence_for_entry_0211.m4a,sentence,,,2b3b82cf8841
Sentence_for_entry_0212.m4a,sentence,,,9019e5a7c4dd
Sentence_for_entry_0213.m4a,sentence,,,5b76af870135
Sentence_for_entry_0214.m4a,sentence,,,d115e8a74e64
Sentence_for_entry_0215.m4a,sentence,,,150cf16f072c
Sentence_for_entry_0216.m4a,sentence,,,01e91210773b
Sentence_for_entry_0217.m4a,sentence,,,cbb16dab0124
Sentence_for_entry_0218.m4a,sentence,,,4509da4bc5d3
Sentence_for_entry_0219.m4a,sentence,,,8d818798732b
Sentence_for_entry_0220.m4a,sentence,,,7d74efe1e796
Sentence_for_entry_0221_02.m4a,sentence,,,0fdd8b7800c3
Sentence_for_entry_0221_01.m4a,sentence,,,26a7b44c8081
Sentence_for_entry_0222.m4a,sentence,,,4948447bcbb1
Sentence_for_entry_0223.m4a,sentence,,,62c6949043ff
Sentence_for_entry_0224.m4a,sentence,,,7c6b0bef30ca
Sentence_for_entry_0225.m4a,sentence,,,91bad2c8063f
Sentence_for_entry_0226.m4a,sentence,,,97833fc2111c
entry_0226.1_sentence_2.m4a,sentence,,,b6c3838c02e0
Sentence_for_entry_0227.m4a,sentence,,,bcc4174be936
Sentence_for_entry_0228.m4a,sentence,,,9b00746fe45c
Sentence_for_entry_0229.m4a,sentence,,,8697d045ed3f
Sentence_for_entry_0230.m4a,sentence,,,186d2bd62fc4
Sentence_for_entry_0232.m4a,sentence,,,d66d351fec64
Sentence_for_entry_0233.m4a,sentence,,,94dda4aad422
Sentence_for_entry_0234_01.m4a,sentence,,,82330858d9d2
Sentence_for_entry_0234_02.m4a,sentence,,,8b5a1a5e6824
Sentence_for_entry_0235.m4a,sentence,,,fae635c4a062
Sentence_for_entry_0236.m4a,sentence,,,2fd6a753b862
Sentence_for_entry_0237.m4a,sentence,,,76be7a2bc5c5
Sentence_for_entry_0238.m4a,sentence,,,3f9f72d8bb53
Sentence_for_entry_0239.m4a,sentence,,,50a92cda3931
Sentence_for_entry_0240.m4a,sentence,,,c61ecf1f520b
Sentence_for_entry_0241.m4a,sentence,,,d3d457c215c5
Sentence_for_entry_0242.m4a,sentence,,,e819937b9367
Sentence_for_entry_0243.m4a,sentence,,,5b1cdc051d59
Sentence_for_entry_0244.m4a,sentence,,,687594a2e801
Sentence_for_entry_0245.m4a,sentence,,,641d2e1bfec0
Sentence_for_entry_0246.m4a,sentence,,,7d61c594e003
Sentence_for_entry_0247.m4a,sentence,,,abccd087f178
Sentence_for_entry_0248.m4a,sentence,,,7851ff302c62
Sentence_for_entry_0249.m4a,sentence,,,3fb93de1e132
Sentence_for_entry_0250_01.m4a,sentence,,,4e6c45de2c70
Sentence_for_entry_0250_02.m4a,sentence,,,52688b116ec3
Sentence_for_entry_0251.m4a,sentence,,,ae04809357ce
Sentence_for_entry_0252.m4a,sentence,,,cd7336c3156b
Sentence_for_entry_0253.m4a,sentence,,,58691912a5cc
Sentence_for_entry_0254.m4a,sentence,,,ccb791432197
Sentence_for_entry_0255.m4a,sentence,,,7ee35c7855a8
Sentence_for_entry_0256.m4a,sentence,,,820199eb779d
Sentence_for_entry_0257.m4a,sentence,,,3130085e7948
Sentence_for_entry_0258.m4a,sentence,,,c458c73ba0b4
Sentence_for_entry_0259.m4a,sentence,,,791b46c69875
Sentence_for_entry_0260.m4a,sentence,,,5395d15a8333
Sentence_for_entry_0261.m4a,sentence,,,9a27a2df0b8d
Sentence_for_entry_0262.m4a,sentence,,,d99b1ca21677
Sentence_for_entry_0264.m4a,sentence,,,b100eb91138e
Sentence_for_entry_0265.m4a,sentence,,,f11177163ed9
Sentence_for_entry_0266.m4a,sentence,,,9581b0280e4b
Sentence_for_entry_0267.m4a,sentence,,,d3040cb4714d
Sentence_for_entry_0268.m4a,sentence,,,babd9c3cded0
Sentence_for_entry_0269.m4a,sentence,,,79b4698681fd
Sentence_for_entry_0270.m4a,sentence,,,ed74fe9d359c
Sentence_for_entry_0271.m4a,sentence,,,9d2ad7b0964d
Sentence_for_entry_0272.m4a,sentence,,,465abc2ddc2c
Sentence_for_entry_0273.m4a,sentence,,,92fc81c8a655
Sentence_for_entry_0274.m4a,sentence,,,1725957054c3
Sentence_for_entry_0275.m4a,sentence,,,4d75f86aa413
Sentence_for_entry_0276.m4a,sentence,,,6bdce0f6f1cf
Sentence_for_entry_0277.m4a,sentence,,,90b48ef60cdf
Sentence_for_entry_0277.m4a,sentence,,,92aab85b9046
Sentence_for_entry_0278.m4a,sentence,,,5055141d975b
Sentence_for_entry_0279.m4a,sentence,,,fe3bcd2067a6
Sentence_for_entry_0280.m4a,sentence,,,260390da6a10
Sentence_for_entry_0281.m4a,sentence,,,c7e5655567d4
Sentence_for_entry_0282.m4a,sentence,,,7e8a0982daf0
Sentence_for_entry_0283_01.m4a,sentence,,,118291dcabd0
Sentence_for_entry_0284.m4a,sentence,,,c48b4eac3739
Sentence_for_entry_0285.m4a,sentence,,,f6466ae7ad4c
Sentence_for_entry_0286.m4a,sentence,,,4b3e2abaeb5e
Sentence_for_entry_0287.m4a,sentence,,,1c194e134608
Sentence_for_entry_0288.m4a,sentence,,,795aa68757da
Sentence_for_entry_0289.m4a,sentence,,,4ecf9320f4c1
Sentence_for_entry_0290.m4a,sentence,,,0cc1e11372a1
Sentence_for_entry_0291.m4a,sentence,,,be32a5af90de
Sentence_for_entry_0292.m4a,sentence,,,72731db9392c
Sentence_for_entry_0293.m4a,sentence,,,8b49c8daae0c
Sentence_for_entry_0294.m4a,sentence,,,1c6df87dd209
Sentence_for_entry_0295.m4a,sentence,,,2fef9c483805
Sentence_for_entry_0296.m4a,sentence,,,f802c92098de
Sentence_for_entry_0297.m4a,sentence,,,9af7ff4c53ab
Sentence_for_entry_0298.m4a,sentence,,,4a81ee6a3df6
Sentence_for_entry_0299.m4a,sentence,,,87e6ff908d59
Sentence_for_entry_0300.m4a,sentence,,,4bc622b59bce
Sentence_for_entry_0301.m4a,sentence,,,f5fed4da0be0
Sentence_for_entry_0302.m4a,sentence,,,88a2b7521826
Sentence_for_entry_0303_02.m4a,sentence,,,27d6d1c132d3
Sentence_for_entry_0303_01.m4a,sentence,,,97c20606785f
Sentence_for_entry_0304.m4a,sentence,,,436d493cf543
Sentence_for_entry_0305.m4a,sentence,,,56956a0b81ea
Sentence_for_entry_0306.m4a,sentence,,,6758b48c0173
Sentence_for_entry_0307.m4a,sentence,,,ac1d3cd83b5b
Sentence_for_entry_0308.m4a,sentence,,,f2168e3d7ce3
Sentence_for_entry_0309.m4a,sentence,,,830eea5c95bd
Sentence_for_entry_0310.m4a,sentence,,,5835086bcdc8
Sentence_for_entry_0311_02.m4a,sentence,,,53ba38ee33f0
Sentence_for_entry_0311_01.m4a,sentence,,,5fa511cd936d
Sentence_for_entry_0312.m4a,sentence,,,33d17c7e98f9
Sentence_for_entry_0313.m4a,sentence,,,34f94601c623
Sentence_for_entry_0313.m4a,sentence,,,523692fff648
Sentence_for_entry_0314.m4a,sentence,,,a7851f70015f
Sentence_for_entry_0315.m4a,sentence,,,fa673fc53dc2
Sentence_for_entry_0316.m4a,sentence,,,e4958338c872
Sentence_for_entry_0317.m4a,sentence,,,9c8b443a8b33
Sentence_for_entry_0318.m4a,sentence,,,24f2872ab59d
Sentence_for_entry_0319.m4a,sentence,,,202ae48cb72c
Sentence_for_entry_0320.m4a,sentence,,,486eb746efb5
Sentence_for_entry_0321.m4a,sentence,,,d38500436deb
Sentence_for_entry_0322.m4a,sentence,,,6a424caa3ac4
Sentence_for_entry_0323.m4a,sentence,,,d71844e7d1c5
Sentence_for_entry_0324.m4a,sentence,,,71d8e291ff0e
Sentence_for_entry_0325_01.m4a,sentence,,,0fb064e110bb
Sentence_for_entry_0325_02.m4a,sentence,,,f1c74e81089b
Sentence_for_entry_0326.m4a,sentence,,,d2a9c3850f61
Sentence_for_entry_0327.m4a,sentence,,,cc87aca93eae
Sentence_for_entry_0328.m4a,sentence,,,9b65319d8f8e
Sentence_for_entry_0330.m4a,sentence,,,7c0510fad04c
Sentence_for_entry_0331.m4a,sentence,,,b638eeb73102
Sentence_for_entry_0332.m4a,sentence,,,4bee6d0786c2
Sentence_for_entry_0333.m4a,sentence,,,24338735d7d5
Sentence_for_entry_0334.m4a,sentence,,,d2e634322376
Sentence_for_entry_0335.m4a,sentence,,,a8dcf84ddfa4
Sentence_for_entry_0336.m4a,sentence,,,f0d6a81eb564
Sentence_for_entry_0337.m4a,sentence,,,dbc2cc1d14fa
Sentence_for_entry_0338.m4a,sentence,,,16b6864dd739
Sentence_for_entry_0339.m4a,sentence,,,a490b44f2eea
Sentence_for_entry_0340.m4a,sentence,,,2a193b079313
Sentence_for_entry_0341.m4a,sentence,,,553b40653fd9
Sentence_for_entry_0342.m4a,sentence,,,dbe2a6dc35fb
Sentence_for_entry_0343.m4a,sentence,,,806b8f9e22c0
Sentence_for_entry_0344.m4a,sentence,,,756b41d26e98
Sentence_for_entry_0345.m4a,sentence,,,b9fb71459cb9
Sentence_for_entry_0346.m4a,sentence,,,a7a7f5d33b5c
Sentence_for_entry_0347.m4a,sentence,,,51eaed730b45
Sentence_for_entry_0348.m4a,sentence,,,16008df452d1
Sentence_for_entry_0349.m4a,sentence,,,6c4802985e8c
Sentence_for_entry_0350.m4a,sentence,,,1927dfd6bbc6
Sentence_for_entry_0351.m4a,sentence,,,06f48b2c475a
Sentence_for_entry_0352.m4a,sentence,,,e60aa3a5ced7
Sentence_for_entry_0353.m4a,sentence,,,f33b517543f5
Sentence_for_entry_0354.m4a,sentence,,,c157324df511
Sentence_for_entry_0355.m4a,sentence,,,e7f37ed21f3b
Sentence_for_entry_0356.m4a,sentence,,,b49188492ae3
Sentence_for_entry_0357.m4a,sentence,,,e5884f3fe8bc
Sentence_for_entry_0358.m4a,sentence,,,0ee646f3c5f1
Sentence_for_entry_0359.m4a,sentence,,,175b1d60a633
Sentence_for_entry_0360.m4a,sentence,,,d8d1c43bb1e5
Sentence_for_entry_0361.m4a,sentence,,,a031135f615f
Sentence_for_entry_0362.m4a,sentence,,,db12e21d013c
Sentence_for_entry_0363.m4a,sentence,,,1ed35f4c0b41
Sentence_for_entry_0364.m4a,sentence,,,b0086a507866
Sentence_for_entry_0365.m4a,sentence,,,3aa14dfda386
Sentence_for_entry_0366.m4a,sentence,,,b2833a758ece
Sentence_for_entry_0367.m4a,sentence,,,bcaa82cfbb16
Sentence_for_entry_0368.m4a,sentence,,,0cd0cb81f3f0
Sentence_for_entry_0369.m4a,sentence,,,6e53483d8800
Sentence_for_entry_0370.m4a,sentence,,,9789b73b226e
Sentence_for_entry_0371.m4a,sentence,,,6276e30e7007
Sentence_for_entry_0372.m4a,sentence,,,4fa6cd407f0d
Sentence_for_entry_0373.m4a,sentence,,,e11ac82a03a9
Sentence_for_entry_0374.m4a,sentence,,,0dc1aab776cb
Sentence_for_entry_0375.m4a,sentence,,,759dce6f7a42
Sentence_for_entry_0376.m4a,sentence,,,f69f98835530
Sentence_for_entry_0377.m4a,sentence,,,ca31f6e947f5
Sentence_for_entry_0378.m4a,sentence,,,fa179030d2a7
Sentence_for_entry_0379.m4a,sentence,,,ad03184291f1
Sentence_for_entry_0380.m4a,sentence,,,26005d19e199
Sentence_for_entry_0381.m4a,sentence,,,4f6d58718b20
Sentence_for_entry_0382.m4a,sentence,,,f0932d6a20c2
Sentence_for_entry_0383.m4a,sentence,,,a7dcf1fa708b
Sentence_for_entry_0384.m4a,sentence,,,ed48cb9bad74
Sentence_for_entry_0385.m4a,sentence,,,f7fd6cd7cca3
Sentence_for_entry_0386.m4a,sentence,,,f3ac0381731e
Sentence_for_entry_0387.m4a,sentence,,,0fe0dbbbaa91
Sentence_for_entry_0388.m4a,sentence,,,e528ac85c75e
Sentence_for_entry_0389.m4a,sentence,,,a6d0a7479dfa
Sentence_for_entry_0390.m4a,sentence,,,8a69cd95f60c
Sentence_for_entry_0391.m4a,sentence,,,c15471403c0c
Sentence_for_entry_0392.m4a,sentence,,,d4716d751c4b
Sentence_for_entry_0393.m4a,sentence,,,63a293ff84bf
Sentence_for_entry_0394.m4a,sentence,,,ace92a84005b
Sentence_for_entry_0395.m4a,sentence,,,bff8055cae05
Sentence_for_entry_0396_02.m4a,sentence,,,239e04340bf8
Sentence_for_entry_0396_01.m4a,sentence,,,e3e791bafdaa
Sentence_for_entry_0397.m4a,sentence,,,1e5fb8b84f58
Sentence_for_entry_0398.m4a,sentence,,,85b01fe125ec
Sentence_for_entry_0399.m4a,sentence,,,e3befe79aca2
Sentence_for_entry_0400.m4a,sentence,,,202ddaae66d3
Sentence_for_entry_0401.m4a,sentence,,,b1070f363404
Sentence_for_entry_0402.m4a,sentence,,,eff331903836
Sentence_for_entry_0403.m4a,sentence,,,a1bb6e320d08
Sentence_for_entry_0404.m4a,sentence,,,2660b7fe474a
Sentence_for_entry_0405.m4a,sentence,,,57a8f39e2b11
Sentence_for_entry_0406.m4a,sentence,,,799f4066cba7
Sentence_for_entry_0407.m4a,sentence,,,c0cd41edbe73
Sentence_for_entry_0408.m4a,sentence,,,65ecb39fcda5
Sentence_for_entry_0409.m4a,sentence,,,690b87b830ee
Sentence_for_entry_0410.m4a,sentence,,,325ebce7fbcb
Sentence_for_entry_0411.m4a,sentence,,,45a68463397f
Sentence_for_entry_0412.m4a,sentence,,,54f3a270c3b5
Sentence_for_entry_0413.m4a,sentence,,,9d5cf03ae294
Sentence_for_entry_0414.m4a,sentence,,,0316461db562
Sentence_for_entry_0415.m4a,sentence,,,75a821adea80
Sentence_for_entry_0416.m4a,sentence,,,384a45f6d984
Sentence_for_entry_0417.m4a,sentence,,,d5b9f81005f4
Sentence_for_entry_0418.m4a,sentence,,,435978b5ae7f
Sentence_for_entry_0419.m4a,sentence,,,fda6af00eb8f
Sentence_for_entry_0420.m4a,sentence,,,c7a239f3e4f8
Sentence_for_entry_0421.m4a,sentence,,,706f2aad5076
Sentence_for_entry_0423.m4a,sentence,,,bf287a699af1
Sentence_for_entry_0424.m4a,sentence,,,3887802ba64e
Sentence_for_entry_0425.m4a,sentence,,,32ae74d11c77
Sentence_for_entry_0426.m4a,sentence,,,36915acdd9ab
Sentence_for_entry_0427.m4a,sentence,,,ad3cd2122b17
Sentence_for_entry_0428.m4a,sentence,,,cd0b8c6470e6
Sentence_for_entry_0429.m4a,sentence,,,555483028d60
Sentence_for_entry_0430.m4a,sentence,,,0d7d4a8b2a13
Sentence_for_entry_0431.m4a,sentence,,,971f0c1b7782
Sentence_for_entry_0432.m4a,sentence,,,0bbf75120f20
Sentence_for_entry_0433.m4a,sentence,,,20c8b3cec296
Sentence_for_entry_0434.m4a,sentence,,,cdb717394333
Sentence_for_entry_0435.m4a,sentence,,,e423b6a3b60a
Sentence_for_entry_0436.m4a,sentence,,,016d4d14fc61
Sentence_for_entry_0437.m4a,sentence,,,8dc842832446
Sentence_for_entry_0438.m4a,sentence,,,a003e9f5637a
Sentence_for_entry_0439.m4a,sentence,,,5446631fea5c
Sentence_for_entry_0440.m4a,sentence,,,3d022b816add
Sentence_for_entry_0441.m4a,sentence,,,e4102d44fb78
Sentence_for_entry_0442.m4a,sentence,,,9ab6a2385f96
Sentence_for_entry_0443.m4a,sentence,,,5a39a854e7ae
Sentence_for_entry_0444.m4a,sentence,,,8d540f4f1d41
Sentence_for_entry_0445.m4a,sentence,,,99f2c72b0a71
Sentence_for_entry_0446.m4a,sentence,,,04bd5f851db6
Sentence_for_entry_0447.m4a,sentence,,,252e81ec406f
Sentence_for_entry_0448.m4a,sentence,,,89bab10ebaad
Sentence_for_entry_0449.m4a,sentence,,,81617d365952
Sentence_for_entry_0450.m4a,sentence,,,fe7e7444397c
Sentence_for_entry_0451.m4a,sentence,,,8b10c1a71b70
Sentence_for_entry_0452.m4a,sentence,,,4d076055fc4b
Sentence_for_entry_0453.m4a,sentence,,,13bf2f85792f
Sentence_for_entry_0454.m4a,sentence,,,5951d99a2fc5
Sentence_for_entry_0455.m4a,sentence,,,6c215377c5d4
Sentence_for_entry_0456.m4a,sentence,,,7f55cfd4be0c
Sentence_for_entry_0457.m4a,sentence,,,9352aa02cb2b
Sentence_for_entry_0458.m4a,sentence,,,b323f28a5735
Sentence_for_entry_0459.m4a,sentence,,,4c0118f8e0eb
Sentence_for_entry_0460.m4a,sentence,,,fef8f0380390
Sentence_for_entry_0461.m4a,sentence,,,28226bf587dd
Sentence_for_entry_0462.m4a,sentence,,,ef991e636985
Sentence_for_entry_0463.m4a,sentence,,,b5caf145708d
Sentence_for_entry_0464.m4a,sentence,,,9c6b7e896913
Sentence_for_entry_0465.m4a,sentence,,,ba769ad78b49
Sentence_for_entry_0466.m4a,sentence,,,af459294f597
Sentence_for_entry_0466_02.m4a,sentence,,,fb74560f78ed
Sentence_for_entry_0467.m4a,sentence,,,d3f4e82b24e5
Sentence_for_entry_0468.m4a,sentence,,,e97e7bf1f132
Sentence_for_entry_0469.m4a,sentence,,,8ff63f268f38
Sentence_for_entry_0470.m4a,sentence,,,c1a7a2a655dd
Sentence_for_entry_0471.m4a,sentence,,,e4b951450767
Sentence_for_entry_0472.m4a,sentence,,,bb70641aa3f3
Sentence_for_entry_0473.m4a,sentence,,,698e296a28ec
Sentence_for_entry_0474.m4a,sentence,,,fd5092e7d7cf
Sentence_for_entry_0475.m4a,sentence,,,bfb7dc115593
Sentence_for_entry_0476.m4a,sentence,,,eefd070a2d3b
Sentence_for_entry_0477.m4a,sentence,,,ae30b41f8025
Sentence_for_entry_0478.m4a,sentence,,,6cd196ea92d1
Sentence_for_entry_0479.m4a,sentence,,,04d19ed8a8cc
Sentence_for_entry_0480.m4a,sentence,,,fe6b6cd6f22d
Sentence_for_entry_0481.m4a,sentence,,,b5bbd3ba7e99
Sentence_for_entry_0482.m4a,sentence,,,b8312c505291
Sentence_for_entry_0483.m4a,sentence,,,4fcea9a98498
Sentence_for_entry_0484.m4a,sentence,,,3f9035f615f0
Sentence_for_entry_0485.m4a,sentence,,,87706e70d9a6
Sentence_for_entry_0486.m4a,sentence,,,072cc0af7dca
Sentence_for_entry_0487.m4a,sentence,,,39bbcf1d72e0
Sentence_for_entry_0488.m4a,sentence,,,67b3dd71aad3
Sentence_for_entry_0489.m4a,sentence,,,4c89cbe80dc1
Sentence_for_entry_0490.m4a,sentence,,,6b4e856b5d1a
Sentence_for_entry_0491.m4a,sentence,,,8559aadca4a0
Sentence_for_entry_0492.m4a,sentence,,,b39feec2983c
Sentence_for_entry_0493.m4a,sentence,,,adf94616d214
Sentence_for_entry_0494.m4a,sentence,,,d411636ecd4d
Sentence_for_entry_0495.m4a,sentence,,,2a2494efa3c1
Sentence_for_entry_0496.m4a,sentence,,,d2c1e87bcc23
Sentence_for_entry_0498.m4a,sentence,,,5ef944c1b138
Sentence_for_entry_0499.m4a,sentence,,,7a88a04eb19b
Sentence_for_entry_0500.m4a,sentence,,,de120667ca88
Sentence_for_entry_0501.m4a,sentence,,,b7d977475a8e
Sentence_for_entry_0502.m4a,sentence,,,8c996c7a8ae9
Sentence_for_entry_0503.m4a,sentence,,,d5528673cd95
Sentence_for_entry_0504.m4a,sentence,,,d0d933e4aee1
Sentence_for_entry_0505.m4a,sentence,,,11a55a2837d0
Sentence_for_entry_0506.m4a,sentence,,,30305d476bb6
Sentence_for_entry_0507.m4a,sentence,,,04b0b332a7af
Sentence_for_entry_0508.m4a,sentence,,,681a75ecb60c
Sentence_for_entry_0509.m4a,sentence,,,cf06eaabbd82
Sentence_for_entry_0510.m4a,sentence,,,e0a5e131bf4b
Sentence_for_entry_0511.m4a,sentence,,,ec40d1f0ab8a
Sentence_for_entry_0512.m4a,sentence,,,073fd64f9169
Sentence_for_entry_0513.m4a,sentence,,,314b0fa172a5
Sentence_for_entry_0514.m4a,sentence,,,0eea5d540cde
Sentence_for_entry_0515.m4a,sentence,,,435bf85ff172
Sentence_for_entry_0516.m4a,sentence,,,dcfb4cc2c9bf
Sentence_for_entry_0517.m4a,sentence,,,f236b226d3d2
Sentence_for_entry_0518.m4a,sentence,,,bec79b79696e
Sentence_for_entry_0519.m4a,sentence,,,9096e006ce0d
Sentence_for_entry_0520_01.m4a,sentence,,,7b3c8fe4ba6b
Sentence_for_entry_0520_02.m4a,sentence,,,fa484340720d
Sentence_for_entry_0521.m4a,sentence,,,428bdf08ccd1
Sentence_for_entry_0522.m4a,sentence,,,e1e9bf13f5ab
Sentence_for_entry_0523.m4a,sentence,,,8f5342b06847
Sentence_for_entry_0524.m4a,sentence,,,e6cca7881b24
Sentence_for_entry_0525_02.m4a,sentence,,,1863f29e8bfd
Sentence_for_entry_0525_01.m4a,sentence,,,afd7d22ee93f
Sentence_for_entry_0526.m4a,sentence,,,030c70319885
Sentence_for_entry_0527.m4a,sentence,,,16c167baa473
Sentence_for_entry_0528.m4a,sentence,,,ef64e48dbe83
Sentence_for_entry_0529.m4a,sentence,,,26fb9a6df72f
Sentence_for_entry_0530.m4a,sentence,,,1b4cc2e10193
Sentence_for_entry_0531.m4a,sentence,,,0c107ccb8295
Sentence_for_entry_0532.m4a,sentence,,,5ddeb86055b1
Sentence_for_entry_0533.m4a,sentence,,,50a1c93c171d
Sentence_for_entry_0534.m4a,sentence,,,e678ee794306
Sentence_for_entry_0535.m4a,sentence,,,cf13aa5d8b62
Sentence_for_entry_0536.m4a,sentence,,,d55e47f39d80
Sentence_for_entry_0537.m4a,sentence,,,121e1192d2e1
Sentence_for_entry_0538.m4a,sentence,,,c63eaf40e479
Sentence_for_entry_0539.m4a,sentence,,,70a594b78e4a
Sentence_for_entry_0540.m4a,sentence,,,2b8a2141aa53
Sentence_for_entry_0541.m4a,sentence,,,bd65dfc23456
Sentence_for_entry_0542.m4a,sentence,,,551384ffe042
Sentence_for_entry_0543.m4a,sentence,,,606b4351c1d0
Sentence_for_entry_0544.m4a,sentence,,,d0d165dd99a0
Sentence_for_entry_0545.m4a,sentence,,,f2916916944c
Sentence_for_entry_0549.m4a,sentence,,,5fc6d0b58169
Sentence_for_entry_0550.m4a,sentence,,,9bf0e040691f
Sentence_for_entry_0551.m4a,sentence,,,e3ed8555bf95
Sentence_for_entry_0552.m4a,sentence,,,cefc4997d895
Sentence_for_entry_0553.m4a,sentence,,,63a077b57c5f
Sentence_for_entry_0554.m4a,sentence,,,5d24dbe8a21f
Sentence_for_entry_0555.m4a,sentence,,,245480017c47
Sentence_for_entry_0556.m4a,sentence,,,71a280fbc8cf
Sentence_for_entry_0557.m4a,sentence,,,169cf5fbd212
Sentence_for_entry_0558.m4a,sentence,,,62527ceab351
Sentence_for_entry_0559.m4a,sentence,,,f46e9ad6a53c
Sentence_for_entry_0560.m4a,sentence,,,698ef8dceba2
Sentence_for_entry_0561.m4a,sentence,,,bfa9cc6da065
Sentence_for_entry_0562.m4a,sentence,,,553134692469
Sentence_for_entry_0563.m4a,sentence,,,0ca4a572f52d
Sentence_for_entry_0564.m4a,sentence,,,bc662c2d8bb9
Sentence_for_entry_0565.m4a,sentence,,,3a724059832c
Sentence_for_entry_0566.m4a,sentence,,,2f026e4bad42
Sentence_for_entry_0567.m4a,sentence,,,6b87440f4a3d
Sentence_for_entry_0568.m4a,sentence,,,ce3261409fa9
Sentence_for_entry_0569.m4a,sentence,,,bceb9281b93e
Sentence_for_entry_0570.m4a,sentence,,,b226bc2f6718
Sentence_for_entry_0571.m4a,sentence,,,cab0f2b20315
Sentence_for_entry_0572.m4a,sentence,,,4a9b79f88132
Sentence_for_entry_0573.m4a,sentence,,,d7ce0665fbda
Sentence_for_entry_0574.m4a,sentence,,,ed26eea1cc56
Sentence_for_entry_0575.m4a,sentence,,,0449a282282e
Sentence_for_entry_0576.m4a,sentence,,,9f82f5f0e208
Sentence_for_entry_0577.m4a,sentence,,,933ce1349883
Sentence_for_entry_0578.m4a,sentence,,,61699109edb0
Sentence_for_entry_0579.m4a,sentence,,,84b62fb8c27a
Sentence_for_entry_0580.m4a,sentence,,,b49ed1248c12
Sentence_for_entry_0581.m4a,sentence,,,e4b6d077c14b
Sentence_for_entry_0582.m4a,sentence,,,d41d7667bc17
Sentence_for_entry_0583.m4a,sentence,,,9fa673f3dc26
Sentence_for_entry_0584.m4a,sentence,,,2b5e7f7efca2
Sentence_for_entry_0585.m4a,sentence,,,eb05ec2a0ad7
Sentence_for_entry_0586.m4a,sentence,,,8b14f7835602
Sentence_for_entry_0587.m4a,sentence,,,dc29a60845a0
Sentence_for_entry_0588.m4a,sentence,,,fffe97a184e5
Sentence_for_entry_0589.m4a,sentence,,,3a936b719f67
Sentence_for_entry_0590.m4a,sentence,,,7f3d9a71da92
Sentence_for_entry_0591.m4a,sentence,,,a2f3b9aa2041
Sentence_for_entry_0592.m4a,sentence,,,f00b8dc36542
Sentence_for_entry_0593.m4a,sentence,,,6b24f24b9f1b
Sentence_for_entry_0594.m4a,sentence,,,7001c7b9a4fe
Sentence_for_entry_0595.m4a,sentence,,,a31d35f3be09
Sentence_for_entry_0596.m4a,sentence,,,3f211e2fcf7c
Sentence_for_entry_0597.m4a,sentence,,,56b89392d4fa
Sentence_for_entry_0598.m4a,sentence,,,c15c9657e91d
Sentence_for_entry_0599.m4a,sentence,,,b697333c9f1a
Sentence_for_entry_0600.m4a,sentence,,,7f5daf5defb6
Sentence_for_entry_0601.m4a,sentence,,,7f5ee1a37e27
Sentence_for_entry_0602.m4a,sentence,,,0b95d4f575a9
Sentence_for_entry_0603.m4a,sentence,,,91bd79c73484
Sentence_for_entry_0604.m4a,sentence,,,dc2cb864d13d
Sentence_for_entry_0605.m4a,sentence,,,63bdc9f2ecb9
Sentence_for_entry_0606.m4a,sentence,,,001e7276efbe
Sentence_for_entry_0607.m4a,sentence,,,7f3641aa6273
Sentence_for_entry_0608.m4a,sentence,,,ed58fc7078f8
Sentence_for_entry_0609.m4a,sentence,,,ffbee895f091
Sentence_for_entry_0610.m4a,sentence,,,445de6cc2425
Sentence_for_entry_0611.m4a,sentence,,,8889ec26aa4e
Sentence_for_entry_0612.m4a,sentence,,,599ab93c5e6e
Sentence_for_entry_0613.m4a,sentence,,,5ff8a48ecb8a
Sentence_for_entry_0614.m4a,sentence,,,bdfbf01761b5
Sentence_for_entry_0615.m4a,sentence,,,c5a30af6046f
Sentence_for_entry_0616.m4a,sentence,,,759992501e8d
Sentence_for_entry_0617.m4a,sentence,,,0828b5b279bd
Sentence_for_entry_0618.m4a,sentence,,,d63bc73c574f
Sentence_for_entry_0619.m4a,sentence,,,ceb692312359
Sentence_for_entry_0620.m4a,sentence,,,41529dbc3145
Sentence_for_entry_0621.m4a,sentence,,,3a227228faa8
Sentence_for_entry_0622.m4a,sentence,,,2e25b197ea3a
Sentence_for_entry_0623.m4a,sentence,,,dbb15ce9103e
Sentence_for_entry_0624.m4a,sentence,,,de35dd443a10
Sentence_for_entry_0625.m4a,sentence,,,c36590d5f1b9
Sentence_for_entry_0626.m4a,sentence,,,fcf4f7de0634
Sentence_for_entry_0627.m4a,sentence,,,d7f28476a24d
Sentence_for_entry_0628.m4a,sentence,,,071dc592ffb8
Sentence_for_entry_0630.m4a,sentence,,,6db6b0133796
Sentence_for_entry_0631.m4a,sentence,,,250f60512820
Sentence_for_entry_0632.m4a,sentence,,,24433f673dbb
Sentence_for_entry_0633.m4a,sentence,,,90aa4158efc1
Sentence_for_entry_0634.m4a,sentence,,,288aa06d4d22
Sentence_for_entry_0635.m4a,sentence,,,4037398b4254
Sentence_for_entry_0636.m4a,sentence,,,3109dfa838ac
Sentence_for_entry_0637.m4a,sentence,,,c75e2bed4ba5
Sentence_for_entry_0638.m4a,sentence,,,fc1cf5b3fa48
Sentence_for_entry_0639_02.m4a,sentence,,,83bcfc3a8201
Sentence_for_entry_0639_01.m4a,sentence,,,91d27d38270b
Sentence_for_entry_0640.m4a,sentence,,,e6211edb3a31
Sentence_for_entry_0641.m4a,sentence,,,c2cfcf74f01e
Sentence_for_entry_0642.m4a,sentence,,,494cac5ee686
Sentence_for_entry_0643.m4a,sentence,,,e236ab4e95e1
Sentence_for_entry_0645.m4a,sentence,,,6428c57a5f64
Sentence_for_entry_0649.m4a,sentence,,,f8981bffa8bb
Sentence_for_entry_0650.m4a,sentence,,,61b989b53028
Sentence_for_entry_0651.m4a,sentence,,,e85f6690eab3
Sentence_for_entry_0652.m4a,sentence,,,573b9e654dcb
Sentence_for_entry_0653.m4a,sentence,,,99698eadcd1f
Sentence_for_entry_0654.m4a,sentence,,,3dc4b95be7e3
Sentence_for_entry_0655.m4a,sentence,,,dc32c2a8c5e7
Sentence_for_entry_0656.m4a,sentence,,,19bb92577ddf
Sentence_for_entry_0657.m4a,sentence,,,6c93f6aa525b
Sentence_for_entry_0658.m4a,sentence,,,add980fc6298
Sentence_for_entry_0659.m4a,sentence,,,e78f3230a2b0
Sentence_for_entry_0660.m4a,sentence,,,989c69dc9d11
Sentence_for_entry_0661.m4a,sentence,,,4777e970a618
Sentence_for_entry_0662.m4a,sentence,,,ccf6e45751ae
Sentence_for_entry_0663.m4a,sentence,,,3a4e82160342
Sentence_for_entry_0664.m4a,sentence,,,cff8e02520be
Sentence_for_entry_0665.m4a,sentence,,,46e4cfa58619
Sentence_for_entry_0666.m4a,sentence,,,dbd75478453e
Sentence_for_entry_0667.m4a,sentence,,,eb91e1e808cd
Sentence_for_entry_0668.m4a,sentence,,,66812f6d2b21
Sentence_for_entry_0669.m4a,sentence,,,f41162b2af7b
Sentence_for_entry_0670.m4a,sentence,,,5c25fc5b5a0c
Sentence_for_entry_0671.m4a,sentence,,,dad967e2dcb8
Sentence_for_entry_0672.m4a,sentence,,,13fcf50d9650
Sentence_for_entry_0673.m4a,sentence,,,874db38b2174
Sentence_for_entry_0674.m4a,sentence,,,8de6c7c049dd
Sentence_for_entry_0675.m4a,sentence,,,5e5fc0f53439
Sentence_for_entry_0676.m4a,sentence,,,63b5a322bedc
Sentence_for_entry_0677.m4a,sentence,,,9e8b6fe66f58
Sentence_for_entry_0678.m4a,sentence,,,af4911cbf3e2
Sentence_for_entry_0679.m4a,sentence,,,03eeccdd3cdc
Sentence_for_entry_0680.m4a,sentence,,,81d8492dfce6
Sentence_for_entry_0681.m4a,sentence,,,4c499fff8d37
Sentence_for_entry_0682.m4a,sentence,,,d4c040427270
Sentence_for_entry_0683.m4a,sentence,,,b502d0e1a7fa
Sentence_for_entry_0684.m4a,sentence,,,0c9364e3cd45
Sentence_for_entry_0685.m4a,sentence,,,63160bfb92ac
Sentence_for_entry_0686.m4a,sentence,,,ff27e13893ac
Sentence_for_entry_0687.m4a,sentence,,,0df3241cb2ca
Sentence_for_entry_0688.m4a,sentence,,,fac504a27eaa
Sentence_for_entry_0689.m4a,sentence,,,5057c21ba801
Sentence_for_entry_0690.m4a,sentence,,,8bf86a41e1cd
Sentence_for_entry_0691.m4a,sentence,,,58e270da641c
Sentence_for_entry_0692.m4a,sentence,,,b22369c674fd
Sentence_for_entry_0693.m4a,sentence,,,b2ef42290532
Sentence_for_entry_0694.m4a,sentence,,,a24775d05da5
Sentence_for_entry_0695.m4a,sentence,,,e680df95ed9d
Sentence_for_entry_0697.m4a,sentence,,,7cd019c56d75
Sentence_for_entry_0698.m4a,sentence,,,898a10f385a8
Sentence_for_entry_0699.m4a,sentence,,,acfaa486ca60
Sentence_for_entry_0700.m4a,sentence,,,514763b5d9c8
Sentence_for_entry_0701.m4a,sentence,,,aabff9a330bc
Sentence_for_entry_0702.m4a,sentence,,,bd0001d7af71
Sentence_for_entry_0703.m4a,sentence,,,87c925426940
Sentence_for_entry_0704.m4a,sentence,,,969b83d9af06
Sentence_for_entry_0705.m4a,sentence,,,d60a716b805c
Sentence_for_entry_0706.m4a,sentence,,,1efe2f6a145e
Sentence_for_entry_0707.m4a,sentence,,,7b45fc59a24d
Sentence_for_entry_0708.m4a,sentence,,,6ae68c9c94f9
Sentence_for_entry_0709.m4a,sentence,,,2d03e7f70150
Sentence_for_entry_0711_02.m4a,sentence,,,246793cc293c
Sentence_for_entry_0711_01.m4a,sentence,,,b0f86d598c4f
Sentence_for_entry_0712.m4a,sentence,,,2c1742bc9d43
Sentence_for_entry_0713_01.m4a,sentence,,,27cfe97ff7b3
Sentence_for_entry_0713_02.m4a,sentence,,,c44998377b02
Sentence_for_entry_0714.m4a,sentence,,,9204a1c2ddf0
Sentence_for_entry_0715.m4a,sentence,,,9b64d1647501
Sentence_for_entry_0716.m4a,sentence,,,6706e5a7c7ba
Sentence_for_entry_0717.m4a,sentence,,,219c0deb1df2
Sentence_for_entry_0718.m4a,sentence,,,24cfe83ca77f
Sentence_for_entry_0719.m4a,sentence,,,aa843497715b
Sentence_for_entry_0720.m4a,sentence,,,ed57a38cb487
Sentence_for_entry_0721.m4a,sentence,,,5f713a9a87ce
Sentence_for_entry_0722.m4a,sentence,,,4b6ff1462e2d
Sentence_for_entry_0723.m4a,sentence,,,51a09e97e004
Sentence_for_entry_0724.m4a,sentence,,,a834a883a0b4
Sentence_for_entry_0725.m4a,sentence,,,04d9e9cb1e89
Sentence_for_entry_0726.m4a,sentence,,,a80526860be3
Sentence_for_entry_0727.m4a,sentence,,,ebf10d57b20a
Sentence_for_entry_0728.m4a,sentence,,,cd2bfe6f2ae4
Sentence_for_entry_0730.m4a,sentence,,,b4eedd90a11c
Sentence_for_entry_0731.m4a,sentence,,,8b82495a1736
Sentence_for_entry_0732.m4a,sentence,,,227f6d814a39
Sentence_for_entry_0734.m4a,sentence,,,4881b29ca364
Sentence_for_entry_0735.m4a,sentence,,,0c887fe7825d
Sentence_for_entry_0736.m4a,sentence,,,f6a9760d0f44
Sentence_for_entry_0737.m4a,sentence,,,3ce210fb7b2b
Sentence_for_entry_0738.m4a,sentence,,,51794b45ba62
Sentence_for_entry_0739.m4a,sentence,,,7eac06e78236
Sentence_for_entry_0740.m4a,sentence,,,0f6f66ca6006
Sentence_for_entry_0741.m4a,sentence,,,940f790bdc2d
Sentence_for_entry_0742.m4a,sentence,,,0973e97a155e
Sentence_for_entry_0743.m4a,sentence,,,a331fcf11301
Sentence_for_entry_0744.m4a,sentence,,,dbfdd8f0af2b
Sentence_for_entry_0745.m4a,sentence,,,8b5d33d8e7c3
Sentence_for_entry_0746.m4a,sentence,,,eabce8f3f2ed
Sentence_for_entry_0747.m4a,sentence,,,cc9386a578d1
Sentence_for_entry_0748.m4a,sentence,,,5da398160fd5
Sentence_for_entry_0749.m4a,sentence,,,efc7ad254cf0
Sentence_for_entry_0750.m4a,sentence,,,8611bea6c28b
Sentence_for_entry_0751.m4a,sentence,,,8cb097bb567a
Sentence_for_entry_0752.m4a,sentence,,,d9032f4aa779
Sentence_for_entry_0753.m4a,sentence,,,3aeff03935b6
Sentence_for_entry_0754.m4a,sentence,,,7b469cee23ae
Sentence_for_entry_0755.m4a,sentence,,,c8bff9debfe1
Sentence_for_entry_0756.m4a,sentence,,,4c4f3934ff5a
Sentence_for_entry_0757.m4a,sentence,,,acee2dfa362b
Sentence_for_entry_0758.m4a,sentence,,,9edd6999dfea
Sentence_for_entry_0759.m4a,sentence,,,a05b119b0ccf
Sentence_for_entry_0765_02.m4a,sentence,,,0a8e48196f12
Sentence_for_entry_0765_01.m4a,sentence,,,cadd22162d17
Sentence_for_entry_0766.m4a,sentence,,,40f25232a7d3
Sentence_for_entry_0767.m4a,sentence,,,5363e4101c81
Sentence_for_entry_0768.m4a,sentence,,,1ad0a69a8541
Sentence_for_entry_0769.m4a,sentence,,,88a0611513bb
Sentence_for_entry_0770.m4a,sentence,,,16e2d2d8c98d
Sentence_for_entry_0771.m4a,sentence,,,ce7efbb5a1b3
Sentence_for_entry_0772.m4a,sentence,,,457eea66c5f4
Sentence_for_entry_0773.m4a,sentence,,,4564d0482984
Sentence_for_entry_0775_01.m4a,sentence,,,465ad4b46f24
Sentence_for_entry_0775_02.m4a,sentence,,,fd7426f9d7a2
Sentence_for_entry_0776.m4a,sentence,,,a27cf16d8e20
Sentence_for_entry_0777.m4a,sentence,,,7f0ad98e66c3
Sentence_for_entry_0778.m4a,sentence,,,aaa57820c2de
Sentence_for_entry_0779.m4a,sentence,,,101e29499c94
Sentence_for_entry_0786.m4a,sentence,,,558a1a2740c4
Sentence_for_entry_0787.m4a,sentence,,,c0e47052a3fd
Sentence_for_entry_0788.m4a,sentence,,,a962817bb426
Sentence_for_entry_0789.m4a,sentence,,,edbb7cd132dd
Sentence_for_entry_0790.m4a,sentence,,,38f4af301397
Sentence_for_entry_0791.m4a,sentence,,,66cba3dac7dc
Sentence_for_entry_0792.m4a,sentence,,,58cfc8ea808d
Sentence_for_entry_0793.m4a,sentence,,,53b4da7ea852
Sentence_for_entry_0794.m4a,sentence,,,061f1edd0a21
Sentence_for_entry_0795.m4a,sentence,,,6077d9f088e2
Sentence_for_entry_0796_02.m4a,sentence,,,6f636e98496a
Sentence_for_entry_0796_01.m4a,sentence,,,8c69291a75a2
Sentence_for_entry_0797.m4a,sentence,,,5a2a2f50c5be
Sentence_for_entry_0798.m4a,sentence,,,3ae0ae72b654
Sentence_for_entry_0799.m4a,sentence,,,99003e6ab969
Sentence_for_entry_0800.m4a,sentence,,,2db3e2c204a1
Sentence_for_entry_0801_01.m4a,sentence,,,3011dc9f6ede
Sentence_for_entry_0801_02.m4a,sentence,,,ba157dc3b996
Sentence_for_entry_0802.m4a,sentence,,,a0cfd7512fc7
Sentence_for_entry_0803.m4a,sentence,,,bfaa3438bbfc
Sentence_for_entry_0804.m4a,sentence,,,ee2e28f709fa
Sentence_for_entry_0805.m4a,sentence,,,4450c5ab9e25
Sentence_for_entry_0805.m4a,sentence,,,c3ebc71038c3
Sentence_for_entry_0806.m4a,sentence,,,4fe4f94ef060
Sentence_for_entry_0807.m4a,sentence,,,ef3196ac155d
Sentence_for_entry_0808.m4a,sentence,,,2422f24e2b7c
Sentence_for_entry_0809_01.m4a,sentence,,,1c7447c0ed71
Sentence_for_entry_0809_02.m4a,sentence,,,f32742a158cb
Sentence_for_entry_0810.m4a,sentence,,,2cd5e59df728
Sentence_for_entry_0811.m4a,sentence,,,d01454c30fcc
Sentence_for_entry_0812.m4a,sentence,,,d3354947e90a
Sentence_for_entry_0813.m4a,sentence,,,c8d800535c27
Sentence_for_entry_0814.m4a,sentence,,,3ff2288dac5a
Sentence_for_entry_0815.m4a,sentence,,,7dccb0c12a71
Sentence_for_entry_0816.m4a,sentence,,,3a863e4b382f
Sentence_for_entry_0817.m4a,sentence,,,5d0d37341aa3
Sentence_for_entry_0818.m4a,sentence,,,edddc081db29
Sentence_for_entry_0819.m4a,sentence,,,d5b0546b3415
Sentence_for_entry_0820.m4a,sentence,,,8a6c03e41a19
Sentence_for_entry_0821.m4a,sentence,,,3a1e26efb5e8
Sentence_for_entry_0822.m4a,sentence,,,13cf0c0586ab
Sentence_for_entry_0823.m4a,sentence,,,0c0b954945ed
Sentence_for_entry_0824.m4a,sentence,,,980eb306f6e7
Sentence_for_entry_0825.m4a,sentence,,,f75decb7aef0
Sentence_for_entry_0826.m4a,sentence,,,43b93fe9fc7f
Sentence_for_entry_0827.m4a,sentence,,,51c8bc3fc033
Sentence_for_entry_0828.m4a,sentence,,,24a82f793490
Sentence_for_entry_0829.m4a,sentence,,,7e8bafbc72af
Sentence_for_entry_0830.m4a,sentence,,,0357309fd4af
Sentence_for_entry_0831.m4a,sentence,,,4b2941652ed0
Sentence_for_entry_0832.m4a,sentence,,,92a5ac8318e0
Sentence_for_entry_0833.m4a,sentence,,,0673547f18c6
Sentence_for_entry_0834.m4a,sentence,,,d06d559ce241
Sentence_for_entry_0835.m4a,sentence,,,267113a24083
Sentence_for_entry_0836.m4a,sentence,,,7c757f050803
Sentence_for_entry_0837.m4a,sentence,,,d5c773bb2020
Sentence_for_entry_0838.m4a,sentence,,,8034c398c113
Sentence_for_entry_0839.m4a,sentence,,,95f8cb7f82de
Sentence_for_entry_0840.m4a,sentence,,,f9c41c6d967c
Sentence_for_entry_0841.m4a,sentence,,,cf49c76a7955
Sentence_for_entry_0842.m4a,sentence,,,8b54ea76684b
Sentence_for_entry_0843.m4a,sentence,,,241345a6c397
Sentence_for_entry_0844.m4a,sentence,,,d4b813c64cba
Sentence_for_entry_0845.m4a,sentence,,,3691d494fb65
Sentence_for_entry_0846.m4a,sentence,,,9fd90d98a1c8
Sentence_for_entry_0847.m4a,sentence,,,40f49ec9b383
Sentence_for_entry_0848.m4a,sentence,,,e4b8c953a195
Sentence_for_entry_0849.m4a,sentence,,,b2005edd4020
Sentence_for_entry_0850.m4a,sentence,,,1db96a8d584f
Sentence_for_entry_0851.m4a,sentence,,,991d95df5027
Sentence_for_entry_0852.m4a,sentence,,,0fba8b4500ab
Sentence_for_entry_0853.m4a,sentence,,,4ef18e1244c1
Sentence_for_entry_0854.m4a,sentence,,,0031af4c1653
Sentence_for_entry_0855.m4a,sentence,,,bfd504ba1fc7
Sentence_for_entry_0856.m4a,sentence,,,10bb0ceb8dd9
Sentence_for_entry_0857.m4a,sentence,,,c758abaac092
Sentence_for_entry_0858.m4a,sentence,,,01b9ad8439cf
Sentence_for_entry_0859.m4a,sentence,,,0acb606dfe39
Sentence_for_entry_0860.m4a,sentence,,,49a8250d138f
Sentence_for_entry_0861.m4a,sentence,,,b0d55b95af30
Sentence_for_entry_0862.m4a,sentence,,,d2f7d2082000
Sentence_for_entry_0863_02.m4a,sentence,,,73f64bbaa094
Sentence_for_entry_0863_01.m4a,sentence,,,90afcbbca35c
Sentence_for_entry_0864.m4a,sentence,,,8a7db1b013f6
Sentence_for_entry_0865.m4a,sentence,,,3fa2935c3020
Sentence_for_entry_0866.m4a,sentence,,,4627ccaa049f
Sentence_for_entry_0867.m4a,sentence,,,ce6d59773e49
Sentence_for_entry_0868.m4a,sentence,,,9abcc87e82c0
Sentence_for_entry_0869.m4a,sentence,,,681e6bb9a85b
Sentence_for_entry_0870.m4a,sentence,,,4e819994633f
Sentence_for_entry_0871.m4a,sentence,,,891dad81a38d
Sentence_for_entry_0872.m4a,sentence,,,7382a51da5e8
Sentence_for_entry_0873.m4a,sentence,,,2cc410638c46
Sentence_for_entry_0874.m4a,sentence,,,138297574ff6
Sentence_for_entry_0875.m4a,sentence,,,ebcfc9395f10
Sentence_for_entry_0876.m4a,sentence,,,0cc273ca07b4
Sentence_for_entry_0877.m4a,sentence,,,d7a7e1373364
Sentence_for_entry_0878.m4a,sentence,,,7654702bac91
Sentence_for_entry_0879.m4a,sentence,,,517ff8ba59c6
Sentence_for_entry_0880.m4a,sentence,,,063712fd9723
Sentence_for_entry_0881.m4a,sentence,,,cf5467fc7bcf
Sentence_for_entry_0882.m4a,sentence,,,0852ef30f904
Sentence_for_entry_0883.m4a,sentence,,,765146aee001
Sentence_for_entry_0884.m4a,sentence,,,8694385684f5
Sentence_for_entry_0885.m4a,sentence,,,e6d2e904ab1d
Sentence_for_entry_0886_02.m4a,sentence,,,58f793796df9
Sentence_for_entry_0886_01.m4a,sentence,,,c15f0aa7193b
Sentence_for_entry_0887.m4a,sentence,,,16b47c222cf4
Sentence_for_entry_0888.m4a,sentence,,,95449dd7e359
Sentence_for_entry_0889.m4a,sentence,,,6c691e724dcf
Sentence_for_entry_0890.m4a,sentence,,,785a23281536
Sentence_for_entry_0891.m4a,sentence,,,cfef70545281
Sentence_for_entry_0892.m4a,sentence,,,020ee30387e4
Sentence_for_entry_0893.m4a,sentence,,,e5be3dec2f1d
Sentence_for_entry_0894.m4a,sentence,,,995249bb9107
Sentence_for_entry_0895.m4a,sentence,,,03bce45a81fd
Sentence_for_entry_0896.m4a,sentence,,,6eb86f5a8323
Sentence_for_entry_0897.m4a,sentence,,,427ee000e83b
Sentence_for_entry_0898.m4a,sentence,,,a8a137b78c9c
Sentence_for_entry_0899.m4a,sentence,,,2a1d57ebee14
Sentence_for_entry_0900.m4a,sentence,,,9b364a21a2d1
Sentence_for_entry_0901.m4a,sentence,,,4001924de57e
Sentence_for_entry_0902.m4a,sentence,,,e6e726ef1696
Sentence_for_entry_0903.m4a,sentence,,,9b35a373122a
Sentence_for_entry_0904.m4a,sentence,,,18cc45af5fca
Sentence_for_entry_0905.m4a,sentence,,,72058652f1fe
Sentence_for_entry_0906.m4a,sentence,,,85ff12c3f3b5
Sentence_for_entry_0907.m4a,sentence,,,b57cd2819427
Sentence_for_entry_0908.m4a,sentence,,,24d45fe5ec4d
Sentence_for_entry_0909.m4a,sentence,,,154e6098f42a
Sentence_for_entry_0910.m4a,sentence,,,c3931ca53737
Sentence_for_entry_0911.m4a,sentence,,,53d524274353
Sentence_for_entry_0912.m4a,sentence,,,6f921859ca4d
Sentence_for_entry_0913.m4a,sentence,,,a26ff3a8f8da
Sentence_for_entry_0914.m4a,sentence,,,30855d4aa623
Sentence_for_entry_0915.m4a,sentence,,,84f9dc8ea37a
Sentence_for_entry_0916.m4a,sentence,,,fa3b600a2e69
Sentence_for_entry_0917.m4a,sentence,,,1d1ce0c276f7
Sentence_for_entry_0918.m4a,sentence,,,2e617daf6c46
Sentence_for_entry_0919.m4a,sentence,,,ebea9896a871
Sentence_for_entry_0920.m4a,sentence,,,ca1530097eec
Sentence_for_entry_0921.m4a,sentence,,,d7838992eb32
Sentence_for_entry_0922.m4a,sentence,,,a2a12cd0a744
Sentence_for_entry_0923.m4a,sentence,,,9bb49593bc27
Sentence_for_entry_0924.m4a,sentence,,,356cb073d7ca
Sentence_for_entry_0925.m4a,sentence,,,cf2c0c9a1110
Sentence_for_entry_0926.m4a,sentence,,,fe0dc19c89be
Sentence_for_entry_0927.m4a,sentence,,,58105fb3debb
Sentence_for_entry_0928.m4a,sentence,,,b6a977d5320a
Sentence_for_entry_0929.m4a,sentence,,,1d89a4b57f4a
Sentence_for_entry_0930.m4a,sentence,,,c665958dbdd2
Sentence_for_entry_0931.m4a,sentence,,,1cabf6a6c1bb
Sentence_for_entry_0932.m4a,sentence,,,c6f028e4d1ce
Sentence_for_entry_0933.m4a,sentence,,,4ba149102af4
Sentence_for_entry_0934.m4a,sentence,,,976fb398857d
Sentence_for_entry_0935.m4a,sentence,,,c1bdc4793c20
Sentence_for_entry_0936.m4a,sentence,,,fed4dbc84835
Sentence_for_entry_0937.m4a,sentence,,,399597f540fc
Sentence_for_entry_0938.m4a,sentence,,,2e6ee211bf0e
Sentence_for_entry_0939.m4a,sentence,,,f1565f9b90a9
Sentence_for_entry_0940.m4a,sentence,,,edc4792ddb38
Sentence_for_entry_0941.m4a,sentence,,,3f607e153ff4
Sentence_for_entry_0942.m4a,sentence,,,b78224dfe925
Sentence_for_entry_0943.m4a,sentence,,,97b12a339b44
Sentence_for_entry_0944.m4a,sentence,,,69a1a50a3069
Sentence_for_entry_0945.m4a,sentence,,,b54bf512cbc1
Sentence_for_entry_0946_01.m4a,sentence,,,181ab72887ed
Sentence_for_entry_0946_02.m4a,sentence,,,ed625f3eb238
Sentence_for_entry_0947.m4a,sentence,,,6542fc5c9f23
Sentence_for_entry_0948.m4a,sentence,,,6e2e6705a3c7
Sentence_for_entry_0949.m4a,sentence,,,896b0321a412
Sentence_for_entry_0950.m4a,sentence,,,8c0296d6d707
Sentence_for_entry_0951.m4a,sentence,,,3438ba95c517
Sentence_for_entry_0953.m4a,sentence,,,a64d4a5041cc
Sentence_for_entry_0954.m4a,sentence,,,b2c448731864
Sentence_for_entry_0955.m4a,sentence,,,8c5e82437e6b
Sentence_for_entry_0956.m4a,sentence,,,f31b3f16e294
Sentence_for_entry_0957.m4a,sentence,,,2ab6cc54e06f
Sentence_for_entry_0958_01.m4a,sentence,,,18d1c8aed6c6
Sentence_for_entry_0958_02.m4a,sentence,,,677fd9ef096e
Sentence_for_entry_0959.m4a,sentence,,,a4df3aa52e98
Sentence_for_entry_0960.m4a,sentence,,,524fcc884ef3
Sentence_for_entry_0961.m4a,sentence,,,f290038d3dcf
Sentence_for_entry_0962.m4a,sentence,,,84e67f509959
Sentence_for_entry_0963.m4a,sentence,,,6ed78b862318
Sentence_for_entry_0964.m4a,sentence,,,87e0a072fab4
Sentence_for_entry_0965.m4a,sentence,,,c2ec7d9dad70
Sentence_for_entry_0966.m4a,sentence,,,b153ac9495b6
Sentence_for_entry_0967.m4a,sentence,,,2e9e708896ff
Sentence_for_entry_0968.m4a,sentence,,,28da7fb34694
Sentence_for_entry_0969.m4a,sentence,,,71e0a8fc3c20
Sentence_for_entry_0970.m4a,sentence,,,8038985b8549
Sentence_for_entry_0971.m4a,sentence,,,fcaced9807bc
Sentence_for_entry_0972.m4a,sentence,,,eb203bb07ffd
Sentence_for_entry_0973.m4a,sentence,,,41c345a93e20
Sentence_for_entry_0974.m4a,sentence,,,12c9122ccdfe
Sentence_for_entry_0975.m4a,sentence,,,c3ba9ad0b622
Sentence_for_entry_0976_01.m4a,sentence,,,23859b139234
Sentence_for_entry_0976_02.m4a,sentence,,,4ec2f236c2fb
Sentence_for_entry_0977_02.m4a,sentence,,,c02ebe37dd5e
Sentence_for_entry_0977_01.m4a,sentence,,,f1f3625073e7
Sentence_for_entry_0978.m4a,sentence,,,1c21bca57b78
Sentence_for_entry_0979.m4a,sentence,,,fba781c06f58
Sentence_for_entry_0980.m4a,sentence,,,91149064837e
Sentence_for_entry_0981.m4a,sentence,,,27894d88f8ae
Sentence_for_entry_0982.m4a,sentence,,,a98ef0cf2e55
Sentence_for_entry_0983.m4a,sentence,,,d5b7901a377d
Sentence_for_entry_0984.m4a,sentence,,,27157fc98b44
Sentence_for_entry_0985.m4a,sentence,,,9632f17ceab2
Sentence_for_entry_0986.m4a,sentence,,,f08eaa15ae27
Sentence_for_entry_0987.m4a,sentence,,,4346813e218e
Sentence_for_entry_0988.m4a,sentence,,,1c8e767a55d3
Sentence_for_entry_0989.m4a,sentence,,,fc3a3e8cd261
Sentence_for_entry_0990_01.m4a,sentence,,,4331d23b0d71
Sentence_for_entry_0990_02.m4a,sentence,,,c463e0f5e941
Sentence_for_entry_0991.m4a,sentence,,,aaf4c25b9d21
Sentence_for_entry_0992.m4a,sentence,,,fdb12c77b372
Sentence_for_entry_0993.m4a,sentence,,,13a43bb7c220
Sentence_for_entry_0994.m4a,sentence,,,d1980ee9888e
Sentence_for_entry_0995.m4a,sentence,,,221a025a02b8
Sentence_for_entry_0996.m4a,sentence,,,683fb0c7a2d6
Sentence_for_entry_0997.m4a,sentence,,,dd495f78f64e
Sentence_for_entry_0998.m4a,sentence,,,699b9f72c2f4
Sentence_for_entry_0999.m4a,sentence,,,4937f2a7337f
Sentence_for_entry_1000.m4a,sentence,,,6eca8a40ae24
Sentence_for_entry_1001.m4a,sentence,,,e9dc7a419171
Sentence_for_entry_1002.m4a,sentence,,,29b93276c7f2
Sentence_for_entry_1003.m4a,sentence,,,bfad6e4287a4
Sentence_for_entry_1004.m4a,sentence,,,0941379a7716
Sentence_for_entry_1005.m4a,sentence,,,1d7e3d8bf423
Sentence_for_entry_1006.m4a,sentence,,,7ee710084452
Sentence_for_entry_1007.m4a,sentence,,,6825502f343a
Sentence_for_entry_1008.m4a,sentence,,,bff06d33e060
Sentence_for_entry_1009_01.m4a,sentence,,,7dc3bd3e60db
Sentence_for_entry_1009_02.m4a,sentence,,,da91e18d53e5
Sentence_for_entry_1010.m4a,sentence,,,7505b8bbbd1e
Sentence_for_entry_1011.m4a,sentence,,,f7a75467b5cf
Sentence_for_entry_1012.m4a,sentence,,,b0bdc1ec44dd
Sentence_for_entry_1013.m4a,sentence,,,6283a4182997
Sentence_for_entry_1014.m4a,sentence,,,244764911203
Sentence_for_entry_1015.m4a,sentence,,,33bb7b1f528a
Sentence_for_entry_1016.m4a,sentence,,,2ee76ef9e9d2
Sentence_for_entry_1017.m4a,sentence,,,861bcce17a40
Sentence_for_entry_1018.m4a,sentence,,,fbdb543da75f
Sentence_for_entry_1019.m4a,sentence,,,d0b50ccafcae
Sentence_for_entry_1020.m4a,sentence,,,88cf6a3dd2cd
Sentence_for_entry_1021.m4a,sentence,,,1c9c74437091
Sentence_for_entry_1022.m4a,sentence,,,6de535d17f62
Sentence_for_entry_1023_02.m4a,sentence,,,47514d9ebfd0
Sentence_for_entry_1023_02.m4a,sentence,,,db1d0fdd7256
Sentence_for_entry_1023_01.m4a,sentence,,,ed27e3d2fbbd
Sentence_for_entry_1024.m4a,sentence,,,294f026a2487
Sentence_for_entry_1025.m4a,sentence,,,e615850cdb76
Sentence_for_entry_1026.m4a,sentence,,,ac8cb6203b76
Sentence_for_entry_1027.m4a,sentence,,,9db6f3c6df66
Sentence_for_entry_1028.m4a,sentence,,,0fe2b8be94db
Sentence_for_entry_1029.m4a,sentence,,,7673327dfc95
Sentence_for_entry_1030.m4a,sentence,,,ccab2969e6e6
Sentence_for_entry_1031.m4a,sentence,,,4f4c91346ecb
Sentence_for_entry_1032.m4a,sentence,,,6a83a9360617
Sentence_for_entry_1033.m4a,sentence,,,2f5895fc64ea
Sentence_for_entry_1034.m4a,sentence,,,9149954e7382
Sentence_for_entry_1035.m4a,sentence,,,aaf7f3df3b04
Sentence_for_entry_1036.m4a,sentence,,,cce87d4b5389
Sentence_for_entry_1037.m4a,sentence,,,ad6a4d25cd40
Sentence_for_entry_1038.m4a,sentence,,,aef92ab7e477
Sentence_for_entry_1039.m4a,sentence,,,8b680d08e50b
Sentence_for_entry_1041.m4a,sentence,,,e8fde131c683
Sentence_for_entry_1042.m4a,sentence,,,ec4642e3e490
Sentence_for_entry_1043.m4a,sentence,,,3cc62dfc6f22
Sentence_for_entry_1044.m4a,sentence,,,9d51d9e4fb15
Sentence_for_entry_1045_02.m4a,sentence,,,14344fcee668
Sentence_for_entry_1045_01.m4a,sentence,,,634f518485dd
Sentence_for_entry_1046.m4a,sentence,,,77522f70cf69
Sentence_for_entry_1047.m4a,sentence,,,0e361db13234
Sentence_for_entry_1048.m4a,sentence,,,971a86f6cf14
Sentence_for_entry_1049.m4a,sentence,,,5fc26a84d28e
Sentence_for_entry_1050.m4a,sentence,,,089d2c64fbd0
Sentence_for_entry_1051.m4a,sentence,,,86684df3c492
Sentence_for_entry_1052.m4a,sentence,,,bf47d3725030
Sentence_for_entry_1053.m4a,sentence,,,d71cc6e92efe
Sentence_for_entry_1054.m4a,sentence,,,c0b0ca5c20f9
Sentence_for_entry_1055.m4a,sentence,,,2de2ca94b4d8
Sentence_for_entry_1056_01.m4a,sentence,,,17ecee974e5f
Sentence_for_entry_1056_02.m4a,sentence,,,499f9b8985b7
Sentence_for_entry_1057.m4a,sentence,,,5c9a16b7ac02
Sentence_for_entry_1059.m4a,sentence,,,c6f6ea183d3e
Sentence_for_entry_1058.m4a,sentence,,,d6f4a6e23c39
Sentence_for_entry_1060.m4a,sentence,,,fc8214b2a28e
Sentence_for_entry_1061.m4a,sentence,,,610358e3217c
Sentence_for_entry_1062.m4a,sentence,,,12f1d8f754c5
Sentence_for_entry_1063.m4a,sentence,,,80903bcc3a59
Sentence_for_entry_1064.m4a,sentence,,,ace72cc150f1
Sentence_for_entry_1065.m4a,sentence,,,2c032212f0e9
Sentence_for_entry_1066.m4a,sentence,,,ff3552ad2641
Sentence_for_entry_1067.m4a,sentence,,,86729163d138
Sentence_for_entry_1068.m4a,sentence,,,0b2ed07cec79
Sentence_for_entry_1069.m4a,sentence,,,b6213480402e
Sentence_for_entry_1070.m4a,sentence,,,730decec7317
Sentence_for_entry_1071.m4a,sentence,,,3ebc9fe3b4a4
Sentence_for_entry_1072.m4a,sentence,,,2e0d56b8158e
Sentence_for_entry_1073.m4a,sentence,,,a5ea914a4ae8
Sentence_for_entry_1074.m4a,sentence,,,77f32f7c5a80
Sentence_for_entry_1075_02.m4a,sentence,,,5234c9c4e02d
Sentence_for_entry_1075_03.m4a,sentence,,,5937a6af1246
Sentence_for_entry_1075_01.m4a,sentence,,,e2027a4f732b
Sentence_for_entry_1076_02.m4a,sentence,,,d393fcb5e569
Sentence_for_entry_1076_01.m4a,sentence,,,e821a6361a59
Sentence_for_entry_1077.m4a,sentence,,,65a99d854b2d
Sentence_for_entry_1078.m4a,sentence,,,3c08392c7702
Sentence_for_entry_1079.m4a,sentence,,,ab425c6fd382
Sentence_for_entry_1080.m4a,sentence,,,dadbd46322fc
Sentence_for_entry_1081.m4a,sentence,,,a3c97421a3bc
Sentence_for_entry_1082.m4a,sentence,,,03a12426271b
Sentence_for_entry_1083.m4a,sentence,,,fe1056da2d35
Sentence_for_entry_1084.m4a,sentence,,,66fc3121f528
Sentence_for_entry_1085.m4a,sentence,,,694c811f0e5d
Sentence_for_entry_1086_01.m4a,sentence,,,977a11b4f39d
Sentence_for_entry_1086_02.m4a,sentence,,,f5741ad368db
Sentence_for_entry_1087.m4a,sentence,,,b974ad208352
Sentence_for_entry_1088.m4a,sentence,,,2fcfcb2a485d
Sentence_for_entry_1089.m4a,sentence,,,8f015df4b08b
Sentence_for_entry_1090.m4a,sentence,,,4455317df23f
Sentence_for_entry_1091.m4a,sentence,,,ce83cd70dbf4
Sentence_for_entry_1092.m4a,sentence,,,883fbb2a8032
Sentence_for_entry_1093.m4a,sentence,,,f4c8de81d0c9
Sentence_for_entry_1094.m4a,sentence,,,1103ea0e70b7
Sentence_for_entry_1095.m4a,sentence,,,7c71ebfb7c24
Sentence_for_entry_1096_02.m4a,sentence,,,52a6af875a0e
Sentence_for_entry_1096_01.m4a,sentence,,,8e0cbf90f95d
Sentence_for_entry_1097.m4a,sentence,,,09f1d11394c9
Sentence_for_entry_1098.m4a,sentence,,,d9f631b837d1
Sentence_for_entry_1099.m4a,sentence,,,33ccd05491cd
Sentence_for_entry_1100.m4a,sentence,,,e0cd5fa0c74d
Sentence_for_entry_1101_02.m4a,sentence,,,637f995021a5
Sentence_for_entry_1101_01.m4a,sentence,,,eec35764d795
Sentence_for_entry_1102.m4a,sentence,,,5285de76ffd2
Sentence_for_entry_1103.m4a,sentence,,,8dd0e82fcaeb
Sentence_for_entry_1104.m4a,sentence,,,526641e34823
Sentence_for_entry_1105.m4a,sentence,,,65e0240b299d
Sentence_for_entry_1106.m4a,sentence,,,36f0c9979815
Sentence_for_entry_1107.m4a,sentence,,,860215cf5f4e
Sentence_for_entry_1108.m4a,sentence,,,f13738347083
Sentence_for_entry_1109.m4a,sentence,,,be218c6cba80
Sentence_for_entry_1110.m4a,sentence,,,1e3eec75f1ae
Sentence_for_entry_1111.m4a,sentence,,,ae6cb9dc6798
Sentence_for_entry_1112.m4a,sentence,,,10b5a59bdd49
Sentence_for_entry_1113.m4a,sentence,,,925518aaf26b
Sentence_for_entry_1114.m4a,sentence,,,48dc438ffd38
Sentence_for_entry_1115.m4a,sentence,,,33219442b8e7
Sentence_for_entry_1116.m4a,sentence,,,2b308273ca91
Sentence_for_entry_1117.m4a,sentence,,,3fc840d33346
Sentence_for_entry_1118.m4a,sentence,,,96ae58beaf78
Sentence_for_entry_1119.m4a,sentence,,,a94810647396
Sentence_for_entry_1120.m4a,sentence,,,9237bc36cd0f
Sentence_for_entry_1124.m4a,sentence,,,350950329885
Sentence_for_entry_1125.m4a,sentence,,,cdedfebe2131
Sentence_for_entry_1126.m4a,sentence,,,90d51413ab4c
Sentence_for_entry_1127.m4a,sentence,,,3f03797bce37
Sentence_for_entry_1130.m4a,sentence,,,aa7ede9a17d5
Sentence_for_entry_1132.m4a,sentence,,,d32bd3000b4c
Sentence_for_entry_1133_01.m4a,sentence,,,a4202a26198c
Sentence_for_entry_1133_03.m4a,sentence,,,c813bd7f0616
Sentence_for_entry_1133_02.m4a,sentence,,,d2884c060803
Sentence_for_entry_1134.m4a,sentence,,,f88cf7a9337c
Sentence_for_entry_1135.m4a,sentence,,,b587d7dc940f
Sentence_for_entry_1136_02.m4a,sentence,,,6789191f87e6
Sentence_for_entry_1136_01.m4a,sentence,,,f44ac757bccc
Sentence_for_entry_1137.m4a,sentence,,,ca25547bb5bd
Sentence_for_entry_1138.m4a,sentence,,,6b963b955690
Sentence_for_entry_1139.m4a,sentence,,,38b68c978fa1
Sentence_for_entry_1140.m4a,sentence,,,99a636242342
Sentence_for_entry_1141.m4a,sentence,,,bfa363c3332f
Sentence_for_entry_1142.m4a,sentence,,,4543f1177208
Sentence_for_entry_1143_01.m4a,sentence,,,b9d30fbcbff3
Sentence_for_entry_1143_02.m4a,sentence,,,cb3dd4e80f1e
Sentence_for_entry_1144.m4a,sentence,,,ff0c6243bf52
Sentence_for_entry_1145.m4a,sentence,,,6ad43ae59e65
Sentence_for_entry_1146.m4a,sentence,,,785090f49d0d
Sentence_for_entry_1147.m4a,sentence,,,b73c7d640846
Sentence_for_entry_1148.m4a,sentence,,,b08dbd191a8a
Sentence_for_entry_1150.m4a,sentence,,,1241564e6636
Sentence_for_entry_1152.m4a,sentence,,,6001ea415b68
Sentence_for_entry_1153.m4a,sentence,,,ffbd121aa3d1
Sentence_for_entry_1154.m4a,sentence,,,62159f130ac2
Sentence_for_entry_1160.m4a,sentence,,,b7c5a8b8a630
Sentence_for_entry_1161.m4a,sentence,,,075dc79c35d8
Sentence_for_entry_1162.m4a,sentence,,,a8eb0ce599a4
Sentence_for_entry_1163.m4a,sentence,,,0520cbce0815
Sentence_for_entry_1164.m4a,sentence,,,344e20515fd2
Sentence_for_entry_1165.m4a,sentence,,,40c83cde1058
Sentence_for_entry_1166.m4a,sentence,,,12a8a2099886
Sentence_for_entry_1167_02.m4a,sentence,,,a5a93ae8e94c
Sentence_for_entry_1167_01.m4a,sentence,,,e34bb0195c53
Sentence_for_entry_1168.m4a,sentence,,,ecac80e2fd76
Sentence_for_entry_1170.m4a,sentence,,,6943bf4c42de
Sentence_for_entry_1171.m4a,sentence,,,f3eaa68372e4
Sentence_for_entry_1172.m4a,sentence,,,748776a4fa0f
Sentence_for_entry_1173.m4a,sentence,,,b0de726b30a7
Sentence_for_entry_1174.m4a,sentence,,,013a20ecf742
Sentence_for_entry_1176.m4a,sentence,,,ed858279694f
Sentence_for_entry_1178.m4a,sentence,,,3675b4c4603e
Sentence_for_entry_1179.m4a,sentence,,,56467e88911b
Sentence_for_entry_1180.m4a,sentence,,,114fced5dc32
Sentence_for_entry_1181.m4a,sentence,,,a267d3ac4344
Sentence_for_entry_1182.m4a,sentence,,,360daede2385
Sentence_for_entry_1183.m4a,sentence,,,c75f6ac7a039
Sentence_for_entry_1184.m4a,sentence,,,8b2f64267be5
Sentence_for_entry_1185.m4a,sentence,,,5ecef9212a54
Sentence_for_entry_1186.m4a,sentence,,,0f42f7229153
Sentence_for_entry_1187.m4a,sentence,,,d4ffcbe528da
Sentence_for_entry_1188.m4a,sentence,,,81bea19d197d
Sentence_for_entry_1189.m4a,sentence,,,f77013403256
Sentence_for_entry_1190.m4a,sentence,,,1d0a4796a804
Sentence_for_entry_1191.m4a,sentence,,,fabf0b045df5
Sentence_for_entry_1192_02.m4a,sentence,,,46502c6cf593
Sentence_for_entry_1192_01.m4a,sentence,,,d78971496cd6
Sentence_for_entry_1193.m4a,sentence,,,7f59f0447b3f
Sentence_for_entry_1194.m4a,sentence,,,a406d7d382bf
Sentence_for_entry_1195.m4a,sentence,,,b1409dc0e106
Sentence_for_entry_1196.m4a,sentence,,,f0ba6d92fd98
Sentence_for_entry_1197.m4a,sentence,,,8ce3033899fb
Sentence_for_entry_1201.m4a,sentence,,,4005b7d714ae
Sentence_for_entry_1202.m4a,sentence,,,452060ec8333
Sentence_for_entry_1203.m4a,sentence,,,5776acff9b62
Sentence_for_entry_1205.m4a,sentence,,,6d96f67be92d
Sentence_for_entry_1206.m4a,sentence,,,8d6a46181978
Sentence_for_entry_1207.m4a,sentence,,,1128aa4b27bf
Sentence_for_entry_1208.m4a,sentence,,,1b5ad81ba5c4
Sentence_for_entry_1209.m4a,sentence,,,ff15960f1153
Sentence_for_entry_1210.m4a,sentence,,,add3a6e9df73
Sentence_for_entry_1211.m4a,sentence,,,a4a6dcce6c72
Sentence_for_entry_1212.m4a,sentence,,,2bd968ada4c3
Sentence_for_entry_1213.m4a,sentence,,,5c89fd68d8d5
Sentence_for_entry_1214.m4a,sentence,,,3d989453ea5f
Sentence_for_entry_1215.m4a,sentence,,,6b2a9d8959dc
Sentence_for_entry_1216.m4a,sentence,,,f87f3f75cd2f
Sentence_for_entry_1217.m4a,sentence,,,8fe8305d38a2
Sentence_for_entry_1218.m4a,sentence,,,a9cce09968ca
Sentence_for_entry_1219.m4a,sentence,,,c3c6c112c8d4
Sentence_for_entry_1220.m4a,sentence,,,6a1e9f78ad75
Sentence_for_entry_1221.m4a,sentence,,,bb7fdde6916e
Sentence_for_entry_1222.m4a,sentence,,,8263675a22cd
Sentence_for_entry_1223.m4a,sentence,,,6df2850314c3
Sentence_for_entry_1225.m4a,sentence,,,719af832159d
Sentence_for_entry_1226.m4a,sentence,,,074c2fa2a3ea
Sentence_for_entry_1227.m4a,sentence,,,541908bf8b0e
Sentence_for_entry_1228.m4a,sentence,,,707e1d07ad9d
Sentence_for_entry_1229.m4a,sentence,,,7084be575e1d
Sentence_for_entry_1230.m4a,sentence,,,8b6b3eecd75e
Sentence_for_entry_1231.m4a,sentence,,,ac8239616a29
Sentence_for_entry_1232.m4a,sentence,,,b4861a1af93f
Sentence_for_entry_1233.m4a,sentence,,,324b8bc10831
Sentence_for_entry_1234.m4a,sentence,,,48d83add7f04
Sentence_for_entry_1235.m4a,sentence,,,5f9677120c00
Sentence_for_entry_1236.m4a,sentence,,,b7229a055e25
Sentence_for_entry_1237.m4a,sentence,,,64463d7498b2
Sentence_for_entry_1238.m4a,sentence,,,f1f4ba1e8ee5
Sentence_for_entry_1239.m4a,sentence,,,26d8d4d370b5
Sentence_for_entry_1240.m4a,sentence,,,2022f48099ce
Sentence_for_entry_1241.m4a,sentence,,,0f8e60e20e09
Sentence_for_entry_1242.m4a,sentence,,,5b4d821c1c0f
Sentence_for_entry_1243.m4a,sentence,,,9e4563454e66
Sentence_for_entry_1244.m4a,sentence,,,822b127ebadd
Sentence_for_entry_1245.m4a,sentence,,,1c395f118849
Sentence_for_entry_1246.m4a,sentence,,,d4521f0740bc
Sentence_for_entry_1247.m4a,sentence,,,5575eb86f0a2
Sentence_for_entry_1248.m4a,sentence,,,029dd0e68894
Sentence_for_entry_1249.m4a,sentence,,,21122c8bc822
Sentence_for_entry_1250.m4a,sentence,,,684b60aa8e66
Sentence_for_entry_1251.m4a,sentence,,,c05051a6551f
Sentence_for_entry_1252.m4a,sentence,,,ada9b0cf9a1d
Sentence_for_entry_1253.m4a,sentence,,,5f9e112d8ddb
Sentence_for_entry_1254.m4a,sentence,,,b0dc0eaf1f2a
Sentence_for_entry_1255.m4a,sentence,,,7d7386b2c4d8
Sentence_for_entry_1256.m4a,sentence,,,b0c6da4781bf
Sentence_for_entry_1257.m4a,sentence,,,ecbdcf132ecf
Sentence_for_entry_1261.m4a,sentence,,,ecdaa6cd32c4
Sentence_for_entry_1262.m4a,sentence,,,0223454679a9
Sentence_for_entry_1263.m4a,sentence,,,9ee5bf1f56fc
Sentence_for_entry_1264.m4a,sentence,,,7e0f447a3595
Sentence_for_entry_1265.m4a,sentence,,,979f63f9c40d
Sentence_for_entry_1266.m4a,sentence,,,6b5f643a06ae
Sentence_for_entry_1267.m4a,sentence,,,2fb44edbc640
Sentence_for_entry_1268.m4a,sentence,,,d5e8c1151991
Sentence_for_entry_1269.m4a,sentence,,,ee5e530550a1
Sentence_for_entry_1270.m4a,sentence,,,9860c9dcdfac
Sentence_for_entry_1271.m4a,sentence,,,e4366fa0ad69
Sentence_for_entry_1272.m4a,sentence,,,da67bfce9400
Sentence_for_entry_1273.m4a,sentence,,,b8bebaddc039
Sentence_for_entry_1274.m4a,sentence,,,e461aa3d284a
Sentence_for_entry_1275.m4a,sentence,,,abf24cb6b54a
Sentence_for_entry_1276.m4a,sentence,,,2fff0f34d256
Sentence_for_entry_1277.m4a,sentence,,,f7db74ca1f85
Sentence_for_entry_1278.m4a,sentence,,,0b121f4ba655
Sentence_for_entry_1279.m4a,sentence,,,a1017f0b37f6
Sentence_for_entry_1280.m4a,sentence,,,92dbd3cfe953
Sentence_for_entry_1281.m4a,sentence,,,a5adefa30fe9
Sentence_for_entry_1282.m4a,sentence,,,10dc70fb0c1d
Sentence_for_entry_1283.m4a,sentence,,,dcb3cc6b1dac
Sentence_for_entry_1284.m4a,sentence,,,f754fb54edaa
Sentence_for_entry_1285.m4a,sentence,,,9cdc4b0bafb1
Sentence_for_entry_1286.m4a,sentence,,,22f81776ec37
Sentence_for_entry_1287.m4a,sentence,,,bf4be7c7b4dc
Sentence_for_entry_1288.m4a,sentence,,,5a7f6d43fc65
Sentence_for_entry_1289.m4a,sentence,,,26829868c4de
Sentence_for_entry_1290.m4a,sentence,,,af654462110e
Sentence_for_entry_1291.m4a,sentence,,,5bd4776b49d2
Sentence_for_entry_1292.m4a,sentence,,,e7ebd79aed5c
Sentence_for_entry_1293.m4a,sentence,,,d02bc40233f2
Sentence_for_entry_1294.m4a,sentence,,,24340b07fcfa
Sentence_for_entry_1295.m4a,sentence,,,2375b409b02d
Sentence_for_entry_1296_01.m4a,sentence,,,03242c342219
Sentence_for_entry_1296_02.m4a,sentence,,,e54232a127c3
Sentence_for_entry_1297.m4a,sentence,,,fb9693a027cd
Sentence_for_entry_1298.m4a,sentence,,,2645fad29c70
Sentence_for_entry_1299.m4a,sentence,,,714175fe287d
Sentence_for_entry_1300.m4a,sentence,,,2b7fd9e31a1a
Sentence_for_entry_1301.m4a,sentence,,,8c0e13bb3141
Sentence_for_entry_1302.m4a,sentence,,,bb19a29db085
Sentence_for_entry_1303.m4a,sentence,,,8f68f19b8edb
Sentence_for_entry_1304.m4a,sentence,,,e08a4d4358d2
Sentence_for_entry_1305.m4a,sentence,,,2ae9069723a6
Sentence_for_entry_1306.m4a,sentence,,,446cd63815e4
Sentence_for_entry_1307_02.m4a,sentence,,,51ccb60656a9
Sentence_for_entry_1307_01.m4a,sentence,,,9aef7a95dcb9
Sentence_for_entry_1308.m4a,sentence,,,d30b76fdc255
Sentence_for_entry_1309.m4a,sentence,,,d114faf10c89
Sentence_for_entry_1310.m4a,sentence,,,e08c535caf81
Sentence_for_entry_1311.m4a,sentence,,,699e3308313a
Sentence_for_entry_1312.m4a,sentence,,,3213ca9fbee1
Sentence_for_entry_1313.m4a,sentence,,,564a2de51024
Sentence_for_entry_1314_01.m4a,sentence,,,2acae8483753
Sentence_for_entry_1314_02.m4a,sentence,,,32313841e265
Sentence_for_entry_1315.m4a,sentence,,,84905c5025a0
Sentence_for_entry_1316.m4a,sentence,,,0b55de5ba1a7
Sentence_for_entry_1319.m4a,sentence,,,4d716234571c
Sentence_for_entry_1320.m4a,sentence,,,f30b309448e7
Sentence_for_entry_1321.m4a,sentence,,,116e44c92733
Sentence_for_entry_1322.m4a,sentence,,,80189d317a40
Sentence_for_entry_1323.m4a,sentence,,,89c54d043d39
Sentence_for_entry_1324_01.m4a,sentence,,,13f9fbe45d02
Sentence_for_entry_1324_02.m4a,sentence,,,4787349e1a02
Sentence_for_entry_1325.m4a,sentence,,,85126ddb46df
Sentence_for_entry_1326.m4a,sentence,,,1c5027f3426c
Sentence_for_entry_1327.m4a,sentence,,,50209f79a8a6
Sentence_for_entry_1328.m4a,sentence,,,62e190fb5267
Sentence_for_entry_1329.m4a,sentence,,,73ed748a916a
Sentence_for_entry_1330.m4a,sentence,,,1cd39e6e1e02
Sentence_for_entry_1331.m4a,sentence,,,9fd6a1bc3afd
Sentence_for_entry_1332.m4a,sentence,,,236ab0132ded
Sentence_for_entry_1333.m4a,sentence,,,2cf4920b5e38
Sentence_for_entry_1334.m4a,sentence,,,9d30f416a06c
Sentence_for_entry_1335.m4a,sentence,,,d9e2632d20fb
Sentence_for_entry_1336.m4a,sentence,,,a67dd7a8ae53
Sentence_for_entry_1337.m4a,sentence,,,a949357e0082
Sentence_for_entry_1338.m4a,sentence,,,0d73c13282ac
Sentence_for_entry_1339.m4a,sentence,,,09b33935fdff
Sentence_for_entry_1340.m4a,sentence,,,697f53333cc5
Sentence_for_entry_1341.m4a,sentence,,,a458f12ed836
Sentence_for_entry_1342.m4a,sentence,,,ab0e9cbb4c51
Sentence_for_entry_1343.m4a,sentence,,,08babd2d749b
Sentence_for_entry_1344.m4a,sentence,,,2b15600e5da5
Sentence_for_entry_1345.m4a,sentence,,,1dbc866cbb0d
Sentence_for_entry_1346.m4a,sentence,,,0d257366af87
Sentence_for_entry_1347.m4a,sentence,,,eeb80eb93015
Sentence_for_entry_1348.m4a,sentence,,,20f7c12983ab
Sentence_for_entry_1349.m4a,sentence,,,39faf8db17f6
Sentence_for_entry_1352.m4a,sentence,,,694d441ca414
Sentence_for_entry_1353.m4a,sentence,,,348d0ab357d2
Sentence_for_entry_1355.m4a,sentence,,,167e63d4d9c6
Sentence_for_entry_1356.m4a,sentence,,,487462bea17d
Sentence_for_entry_1357.m4a,sentence,,,84378cdcd914
Sentence_for_entry_1359.m4a,sentence,,,cd170c69a4f4
Sentence_for_entry_1362.m4a,sentence,,,bad9be6c1afc
Sentence_for_entry_1363_01.m4a,sentence,,,71b97317e1d8
Sentence_for_entry_1363_02.m4a,sentence,,,a3a2cc71e4c2
Sentence_for_entry_1364.m4a,sentence,,,090bc486fdc6
Sentence_for_entry_1365.m4a,sentence,,,779df3ee3872
Sentence_for_entry_1366.m4a,sentence,,,987d8866c4ad
Sentence_for_entry_1367.m4a,sentence,,,9a56e0569790
Sentence_for_entry_1368_01.m4a,sentence,,,152f32941d39
Sentence_for_entry_1368_02.m4a,sentence,,,93bc1ebc2639
Sentence_for_entry_1369.m4a,sentence,,,5bcb6a146e16
Sentence_for_entry_1370.m4a,sentence,,,f2b916706b8d
Sentence_for_entry_1371.m4a,sentence,,,8946dc22d439
Sentence_for_entry_1372.m4a,sentence,,,797daa51b2c6
Sentence_for_entry_1373.m4a,sentence,,,4ebc7654769e
Sentence_for_entry_1374.m4a,sentence,,,12622524531c
Sentence_for_entry_1375.m4a,sentence,,,808b49aeb273
Sentence_for_entry_1376.m4a,sentence,,,bfc37bf4fd42
Sentence_for_entry_1377.m4a,sentence,,,299aa6ab9b75
Sentence_for_entry_1378.m4a,sentence,,,b063562605a9
Sentence_for_entry_1379.m4a,sentence,,,e75b184286a5
Sentence_for_entry_1380.m4a,sentence,,,68b7612a80b6
Sentence_for_entry_1381.m4a,sentence,,,772caf08eec5
Sentence_for_entry_1382.m4a,sentence,,,8be68e7ab3c9
Sentence_for_entry_1383.m4a,sentence,,,932769d532d6
Sentence_for_entry_1384.m4a,sentence,,,c735fd5b5030
Sentence_for_entry_1385.m4a,sentence,,,c28815aafe45
Sentence_for_entry_1386.m4a,sentence,,,15386cd2787b
Sentence_for_entry_1387.m4a,sentence,,,b4a504a8587d
Sentence_for_entry_1388.m4a,sentence,,,5b746c03c184
Sentence_for_entry_1389.m4a,sentence,,,8c22782d97cc
Sentence_for_entry_1390.m4a,sentence,,,0ccb4aff6765
Sentence_for_entry_1391.m4a,sentence,,,17ead8331c31
Sentence_for_entry_1392.m4a,sentence,,,2f054b84e40b
Sentence_for_entry_1393.m4a,sentence,,,030154692561
Sentence_for_entry_1394.m4a,sentence,,,1bca1b70d0b7
Sentence_for_entry_1395.m4a,sentence,,,ec0715c07326
Sentence_for_entry_1396_01.m4a,sentence,,,d6dd0d6e1187
Sentence_for_entry_1396_02.m4a,sentence,,,d74f8c51400c
Sentence_for_entry_1399.m4a,sentence,,,258fe4f14326
Sentence_for_entry_1400.m4a,sentence,,,c73d92a622e7
Sentence_for_entry_1401.m4a,sentence,,,0d525b1a6570
Sentence_for_entry_1404.m4a,sentence,,,f44c33f55d9a
Sentence_for_entry_1406.m4a,sentence,,,ee2c0b0d7b4b
Sentence_for_entry_1407.m4a,sentence,,,6930202a7914
Sentence_for_entry_1410.m4a,sentence,,,54c02fa16274
Sentence_for_entry_1410_02.m4a,sentence,,,75c1a8f20fbe
Sentence_for_entry_1411.m4a,sentence,,,5c9e7fe08dc5
Sentence_for_entry_1412.m4a,sentence,,,d601987d9bbf
Sentence_for_entry_1413.m4a,sentence,,,66df061655d0
Sentence_for_entry_1414.m4a,sentence,,,0e999f02ebab
Sentence_for_entry_1415.m4a,sentence,,,05f1260dd37e
Sentence_for_entry_1416.m4a,sentence,,,2323a7fe447c
Sentence_for_entry_1417.m4a,sentence,,,3d323b3c0892
Sentence_for_entry_1419.m4a,sentence,,,ea14df8e2bdf
Sentence_for_entry_1420.m4a,sentence,,,fa88e057edd8
Sentence_for_entry_1421.m4a,sentence,,,56e0fb4179b0
Sentence_for_entry_1422.m4a,sentence,,,a967a52759f4
Sentence_for_entry_1423.m4a,sentence,,,d3b02ef48a0e
Sentence_for_entry_1424.m4a,sentence,,,828880b88aaa
Sentence_for_entry_1425.m4a,sentence,,,127ffa813121
Sentence_for_entry_1426_01.m4a,sentence,,,51b4d70ae86f
Sentence_for_entry_1426_02.m4a,sentence,,,d4b994ef4a77
Sentence_for_entry_1427.m4a,sentence,,,1d4553133b69
Sentence_for_entry_1429.m4a,sentence,,,84286644db50
Sentence_for_entry_1430.m4a,sentence,,,4ab9091aab31
Sentence_for_entry_1431.m4a,sentence,,,c53a2a8bb00c
Sentence_for_entry_1433.m4a,sentence,,,cd4bc1c7e968
Sentence_for_entry_1434.m4a,sentence,,,e5caa433c506
Sentence_for_entry_1435.m4a,sentence,,,f3846beacc6f
Sentence_for_entry_1436.m4a,sentence,,,81b5202eabd5
Sentence_for_entry_1437.m4a,sentence,,,59c1b7268321
Sentence_for_entry_1438.m4a,sentence,,,71c726a098a3
Sentence_for_entry_1439.m4a,sentence,,,03a0b8e88938
Sentence_for_entry_1441.m4a,sentence,,,803344911a07
Sentence_for_entry_1442.m4a,sentence,,,465f033dba14
Sentence_for_entry_1443.m4a,sentence,,,0e1b0d361149
Sentence_for_entry_1444.m4a,sentence,,,6ed0e9168f5f
Sentence_for_entry_1445.m4a,sentence,,,ac3ea1ad0e4f
Sentence_for_entry_1446.m4a,sentence,,,19465f60d115
Sentence_for_entry_1447.m4a,sentence,,,8f285aaa44d9
Sentence_for_entry_1450.m4a,sentence,,,1cd38addffb0
Sentence_for_entry_1451.m4a,sentence,,,a0065fe0023d
Sentence_for_entry_1452.m4a,sentence,,,db494ce63cc9
Sentence_for_entry_1453_02.m4a,sentence,,,a72457ab3b66
Sentence_for_entry_1453_01.m4a,sentence,,,d22b36c54a3f
Sentence_for_entry_1454.m4a,sentence,,,6e83bcffc9de
Sentence_for_entry_1455.m4a,sentence,,,2c21bf22e771
Sentence_for_entry_1456.m4a,sentence,,,b2d8014abc5c
Sentence_for_entry_1458.m4a,sentence,,,701807120ee1
Sentence_for_entry_1459.m4a,sentence,,,842ff5564fb2
Sentence_for_entry_1460.m4a,sentence,,,e10866968739
Sentence_for_entry_1461.m4a,sentence,,,8ad625ab9d86
Sentence_for_entry_1462.m4a,sentence,,,2083c089f0b1
Sentence_for_entry_1463.m4a,sentence,,,be45eb751295
Sentence_for_entry_1464.m4a,sentence,,,8d94beafaf47
Sentence_for_entry_1465_02.m4a,sentence,,,66ab3b982f15
Sentence_for_entry_1465_01.m4a,sentence,,,80dc4f2e8225
Sentence_for_entry_1466.m4a,sentence,,,ec5f53465c12
Sentence_for_entry_1467.m4a,sentence,,,9225daa1cbd6
Sentence_for_entry_1468.m4a,sentence,,,2e9ffc18b691
Sentence_for_entry_1469.m4a,sentence,,,87798c6e6d15
Sentence_for_entry_1470.m4a,sentence,,,612991932da4
Sentence_for_entry_1471.m4a,sentence,,,b08728056a42
Sentence_for_entry_1472.m4a,sentence,,,870072302b38
Sentence_for_entry_1473.m4a,sentence,,,1f923b94f77f
Sentence_for_entry_1474.m4a,sentence,,,2f29921f62a4
Sentence_for_entry_1475.m4a,sentence,,,f6ec055633c2
Sentence_for_entry_1476.m4a,sentence,,,f7353303cb29
Sentence_for_entry_1477.m4a,sentence,,,fcac572610b1
Sentence_for_entry_1478.m4a,sentence,,,884680a787e8
Sentence_for_entry_1479.m4a,sentence,,,933d91d63ecc
Sentence_for_entry_1480.m4a,sentence,,,4d819d65022e
Sentence_for_entry_1481.m4a,sentence,,,cf9f0d9531dc
Sentence_for_entry_1482.m4a,sentence,,,43a115d82544
Sentence_for_entry_1483.m4a,sentence,,,746ff6ad4c93
Sentence_for_entry_1484.m4a,sentence,,,b468b80bb52c
Sentence_for_entry_1485.m4a,sentence,,,b289fef83232
Sentence_for_entry_1486.m4a,sentence,,,0f48d80fe17b
Sentence_for_entry_1487.m4a,sentence,,,d3073f7637ae
Sentence_for_entry_1488.m4a,sentence,,,814815f567cc
Sentence_for_entry_1489.m4a,sentence,,,00827a9443d4
Sentence_for_entry_1490.m4a,sentence,,,b2599b9df435
Sentence_for_entry_1491.m4a,sentence,,,43916ffd14e2
Sentence_for_entry_1492.m4a,sentence,,,9670035c2ad9
Sentence_for_entry_1493.m4a,sentence,,,faff90d398c6
Sentence_for_entry_1494.m4a,sentence,,,65c80b7017b1
Sentence_for_entry_1495.m4a,sentence,,,4e5a3a43295c
Sentence_for_entry_1496.m4a,sentence,,,cf73d7d7d132
Sentence_for_entry_1497.m4a,sentence,,,3993f25583fc
Sentence_for_entry_1498.m4a,sentence,,,8845724372fa
Sentence_for_entry_1499.m4a,sentence,,,e81286bf1120
Sentence_for_entry_1500.m4a,sentence,,,fc4eadb059ce
Sentence_for_entry_1501.m4a,sentence,,,088bc1ec065f
Sentence_for_entry_1502.m4a,sentence,,,795fd1ac4d12
Sentence_for_entry_1503.m4a,sentence,,,ffd6419bb00d
Sentence_for_entry_1504.m4a,sentence,,,9c7007b67aef
Sentence_for_entry_1505.m4a,sentence,,,adb31f1704aa
Sentence_for_entry_1506.m4a,sentence,,,79b1e4bd3ffa
Sentence_for_entry_1507.m4a,sentence,,,a7c80286a023
Sentence_for_entry_1508.m4a,sentence,,,1f969b05201c
Sentence_for_entry_1509.m4a,sentence,,,2bb1e759dc9b
Sentence_for_entry_1510_01.m4a,sentence,,,74cd2bd14bd2
Sentence_for_entry_1510_02.m4a,sentence,,,9d951723d25d
Sentence_for_entry_1511.m4a,sentence,,,bd5eaeabcbbb
Sentence_for_entry_1512.m4a,sentence,,,c71cc23c5463
Sentence_for_entry_1513.m4a,sentence,,,1bb361df775c
Sentence_for_entry_1514.m4a,sentence,,,7f7455f4f922
Sentence_for_entry_1516.m4a,sentence,,,be8979bab1b5
Sentence_for_entry_1517.m4a,sentence,,,3b41c7702494
Sentence_for_entry_1518.m4a,sentence,,,2cde8b2f19bd
Sentence_for_entry_1519.m4a,sentence,,,b7d04010723c
Sentence_for_entry_1520.m4a,sentence,,,a923d09d36e0
Sentence_for_entry_1521.m4a,sentence,,,e83092dc8b50
Sentence_for_entry_1522.m4a,sentence,,,9e7b3675dfed
Sentence_for_entry_1523.m4a,sentence,,,96921e06b3d2
Sentence_for_entry_1524.m4a,sentence,,,bcee0a6b5d66
Sentence_for_entry_1525.m4a,sentence,,,23b97723b0ac
Sentence_for_entry_1526.m4a,sentence,,,a427e0f0d0c6
Sentence_for_entry_1527.m4a,sentence,,,5750380daf43
Sentence_for_entry_1528.m4a,sentence,,,e6cf79ae342c
Sentence_for_entry_1529.m4a,sentence,,,f5494af5365a
Sentence_for_entry_1530.m4a,sentence,,,05b5116f0a15
Sentence_for_entry_1531.m4a,sentence,,,048ffffc9b8e
Sentence_for_entry_1532.m4a,sentence,,,e0b8cdc3a33b
Sentence_for_entry_1533.m4a,sentence,,,e813b297b326
Sentence_for_entry_1534.m4a,sentence,,,0822f0446abf
Sentence_for_entry_1535.m4a,sentence,,,d248a81677eb
Sentence_for_entry_1536.m4a,sentence,,,b6e2ba297894
Sentence_for_entry_1537.m4a,sentence,,,2b2a1e40e8c8
Sentence_for_entry_1538.m4a,sentence,,,10091e4c9002
Sentence_for_entry_1539.m4a,sentence,,,3efc22a653f5
Sentence_for_entry_1540.m4a,sentence,,,6c372a855f01
Sentence_for_entry_1541.m4a,sentence,,,c5099713a755
Sentence_for_entry_1542.m4a,sentence,,,c6d19a2c6cfc
Sentence_for_entry_1543.m4a,sentence,,,e5e12d53f6ed
Sentence_for_entry_1544.m4a,sentence,,,2e30ba9471ed
Sentence_for_entry_1545.m4a,sentence,,,a9268508ac4b
Sentence_for_entry_1546.m4a,sentence,,,70b3cd912c19
Sentence_for_entry_1547.m4a,sentence,,,5c3233e6e392
Sentence_for_entry_1548.m4a,sentence,,,2f96db4c6ef4
Sentence_for_entry_1549.m4a,sentence,,,492e631c744f
Sentence_for_entry_1550.m4a,sentence,,,990069a2b5a0
Sentence_for_entry_1551.m4a,sentence,,,6e0e383c1f5b
Sentence_for_entry_1552.m4a,sentence,,,44b1dbc7ca2d
Sentence_for_entry_1553.m4a,sentence,,,5d0046fc9f47
Sentence_for_entry_1554.m4a,sentence,,,8ae7fae98ee9
Sentence_for_entry_1555.m4a,sentence,,,d950738c0ef9
Sentence_for_entry_1556.m4a,sentence,,,2991c47dcf23
Sentence_for_entry_1557.m4a,sentence,,,51c8212567c0
Sentence_for_entry_1558.m4a,sentence,,,ed507d4f9200
Sentence_for_entry_1559.m4a,sentence,,,c9c796f11dd0
Sentence_for_entry_1560.m4a,sentence,,,9e821594e033
Sentence_for_entry_1561.m4a,sentence,,,a35edfda26af
Sentence_for_entry_1562.m4a,sentence,,,2d91821a8927
Sentence_for_entry_1563.m4a,sentence,,,fd0be7af11a9
Sentence_for_entry_1564.m4a,sentence,,,c55872aec32c
Sentence_for_entry_1565.m4a,sentence,,,4a05f5e05efb
Sentence_for_entry_1566.m4a,sentence,,,3e165c04f1ad
Sentence_for_entry_1567.m4a,sentence,,,4d6879ceaba0
Sentence_for_entry_1568.m4a,sentence,,,932d67bd09fd
Sentence_for_entry_1569.m4a,sentence,,,0daf16e22dc0
Sentence_for_entry_1570.m4a,sentence,,,55ec398aad58
Sentence_for_entry_1571.m4a,sentence,,,29350b6f733a
Sentence_for_entry_1572.m4a,sentence,,,0ab5ee483525
Sentence_for_entry_1573.m4a,sentence,,,e32d723b2059
Sentence_for_entry_1574.m4a,sentence,,,46817ccf60ad
Sentence_for_entry_1575.m4a,sentence,,,849809150504
Sentence_for_entry_1576.m4a,sentence,,,113de0f82298
Sentence_for_entry_1577.m4a,sentence,,,fbb630ebae0e
Sentence_for_entry_1578.m4a,sentence,,,671dd2183e2d
Sentence_for_entry_1579.m4a,sentence,,,6fe39a7ec10a
Sentence_for_entry_1580_02.m4a,sentence,,,17d6b32555b4
Sentence_for_entry_1580_01.m4a,sentence,,,b2c4c79f5e4a
Sentence_for_entry_1581.m4a,sentence,,,ed03077ad35f
Sentence_for_entry_1582_02.m4a,sentence,,,41715b923a90
Sentence_for_entry_1582_01.m4a,sentence,,,a00966e8b5d4
Sentence_for_entry_1583.m4a,sentence,,,41296ab747f7
Sentence_for_entry_1584.m4a,sentence,,,6eba628814f8
Sentence_for_entry_1585.m4a,sentence,,,6bea78cc9bb2
Sentence_for_entry_1586.m4a,sentence,,,ec923824dba3
Sentence_for_entry_1587.m4a,sentence,,,3830baee55c3
Sentence_for_entry_1588.m4a,sentence,,,95765142623b
Sentence_for_entry_1589.m4a,sentence,,,e0f9e4e7ab5d
Sentence_for_entry_1590.m4a,sentence,,,d23f3a7e2a10
Sentence_for_entry_1591.m4a,sentence,,,8684ba047e09
Sentence_for_entry_1592.m4a,sentence,,,1f6ff96c4776
Sentence_for_entry_1593.m4a,sentence,,,3fc3210e2880
Sentence_for_entry_1594.m4a,sentence,,,08316cb18c61
Sentence_for_entry_1595.m4a,sentence,,,12a2f3d17b90
Sentence_for_entry_1596.m4a,sentence,,,c6f9b4ab1bbe
Sentence_for_entry_1597.m4a,sentence,,,8cd850485630
Sentence_for_entry_1598.m4a,sentence,,,783a5d639eae
Sentence_for_entry_1599.m4a,sentence,,,b522385dbf4a
Sentence_for_entry_1600.m4a,sentence,,,aa34a40e386d
Sentence_for_entry_1601.m4a,sentence,,,f81cb493fcaa
Sentence_for_entry_1602.m4a,sentence,,,d594cd64b1d6
Sentence_for_entry_1603.m4a,sentence,,,4e4905d938a3
Sentence_for_entry_1604.m4a,sentence,,,e4a9f4ea5e8c
Sentence_for_entry_1605.m4a,sentence,,,7a7431b41556
Sentence_for_entry_1606.m4a,sentence,,,6e7488fd94e1
Sentence_for_entry_1607.m4a,sentence,,,9825d2932c84
Sentence_for_entry_1608.m4a,sentence,,,2531cdb7bfe5
Sentence_for_entry_1609.m4a,sentence,,,ed4670332db9
Sentence_for_entry_1610.m4a,sentence,,,f8197f934d4f
Sentence_for_entry_1611.m4a,sentence,,,f072f8cdba7a
Sentence_for_entry_1612.m4a,sentence,,,8eabf91d19d1
Sentence_for_entry_1613.m4a,sentence,,,7d7925444211
Sentence_for_entry_1614.m4a,sentence,,,a20ca18a2612
Sentence_for_entry_1615.m4a,sentence,,,610e293236ff
Sentence_for_entry_1616.m4a,sentence,,,1f00e2a0cb40
Sentence_for_entry_1617.m4a,sentence,,,50ea3d88b653
Sentence_for_entry_1618.m4a,sentence,,,0989ccb839be
Sentence_for_entry_1619.m4a,sentence,,,8ec54e8f05db
Sentence_for_entry_1620.m4a,sentence,,,160f3028c631
Sentence_for_entry_1621.m4a,sentence,,,e96c0d68fae5
Sentence_for_entry_1622.m4a,sentence,,,cfe167070231
Sentence_for_entry_1623.m4a,sentence,,,4b19af467c0b
Sentence_for_entry_1624.m4a,sentence,,,cd062453e666
Sentence_for_entry_1625.m4a,sentence,,,a6adf1489d5d
Sentence_for_entry_1626.m4a,sentence,,,bb020728a01d
Sentence_for_entry_1627.m4a,sentence,,,7055e5db7e0f
Sentence_for_entry_1628.m4a,sentence,,,ba277809a4d2
Sentence_for_entry_1629.m4a,sentence,,,db7fff00d44f
Sentence_for_entry_1630.m4a,sentence,,,0ffa1ef615da
Sentence_for_entry_1631.m4a,sentence,,,643a78c3aef1
Sentence_for_entry_1632.m4a,sentence,,,1da9f0c54c4a
Sentence_for_entry_1633.m4a,sentence,,,5056a5bcc0ec
Sentence_for_entry_1634.m4a,sentence,,,23629560f7c5
Sentence_for_entry_1635.m4a,sentence,,,2c699f0d2602
Sentence_for_entry_1636.m4a,sentence,,,75d1445c7bdc
Sentence_for_entry_1637.m4a,sentence,,,99c43830bb4d
Sentence_for_entry_1638.m4a,sentence,,,3a14141cd2a6
Sentence_for_entry_1639.m4a,sentence,,,0e787c4640bd
Sentence_for_entry_1640.m4a,sentence,,,9f4b2b8cbc1c
Sentence_for_entry_1641.m4a,sentence,,,86608660122d
Sentence_for_entry_1642.m4a,sentence,,,57a8698bf7ce
Sentence_for_entry_1643.m4a,sentence,,,632a556f91a6
Sentence_for_entry_1644.m4a,sentence,,,a63a9907bd63
Sentence_for_entry_1645.m4a,sentence,,,d180c3a75666
Sentence_for_entry_1646.m4a,sentence,,,8c23af6e6c77
Sentence_for_entry_1647.m4a,sentence,,,02848f48eb97
Sentence_for_entry_1648.m4a,sentence,,,ddeac3f0755c
Sentence_for_entry_1649.m4a,sentence,,,7e64c5ae4d5a
Sentence_for_entry_1650.m4a,sentence,,,637777f57429
Sentence_for_entry_1651.m4a,sentence,,,52484cfad978
Sentence_for_entry_1652.m4a,sentence,,,9f8095c44c9e
Sentence_for_entry_1653.m4a,sentence,,,19b411fc5d24
Sentence_for_entry_1654.m4a,sentence,,,a23b3b9cf07b
Sentence_for_entry_1655.m4a,sentence,,,25c070dac860
Sentence_for_entry_1656.m4a,sentence,,,5682ba819072
Sentence_for_entry_1657.m4a,sentence,,,1a1f28d91398
Sentence_for_entry_1659.m4a,sentence,,,10e1a10620f3
Sentence_for_entry_1660.m4a,sentence,,,2c259a49a13b
Sentence_for_entry_1661.m4a,sentence,,,e16f948cc0c5
Sentence_for_entry_1662.m4a,sentence,,,009b2aa0d924
Sentence_for_entry_1663.m4a,sentence,,,4f74fa23f030
Sentence_for_entry_1664.m4a,sentence,,,7ef9a5743a80
Sentence_for_entry_1665.m4a,sentence,,,c1e8f325c240
Sentence_for_entry_1666.m4a,sentence,,,f2b5d8b48a44
Sentence_for_entry_1667.m4a,sentence,,,c503d59f8ece
Sentence_for_entry_1668.m4a,sentence,,,96b578b91a44
Sentence_for_entry_1669.m4a,sentence,,,9c72e9cb0b3c
Sentence_for_entry_1670.m4a,sentence,,,aeee60c3147e
Sentence_for_entry_1671.m4a,sentence,,,42a24c39685d
Sentence_for_entry_1672.m4a,sentence,,,db34641381da
Sentence_for_entry_1673.m4a,sentence,,,98c5bd695627
Sentence_for_entry_1674.m4a,sentence,,,33a04b6e1043
Sentence_for_entry_1675.m4a,sentence,,,73f14cc20888
Sentence_for_entry_1676.m4a,sentence,,,5ceae3d21b2a
Sentence_for_entry_1677.m4a,sentence,,,616527522bd7
Sentence_for_entry_1678.m4a,sentence,,,75780f780be7
Sentence_for_entry_1679.m4a,sentence,,,7fc1e8b8c82c
Sentence_for_entry_1680.m4a,sentence,,,a6ddd547a05e
Sentence_for_entry_1681.m4a,sentence,,,bda213f5e4a0
Sentence_for_entry_1682_02.m4a,sentence,,,008893d16ce7
Sentence_for_entry_1682_01.m4a,sentence,,,e89db2bfe6b5
Sentence_for_entry_1683.m4a,sentence,,,68c59218a6c6
Sentence_for_entry_1684.m4a,sentence,,,1ee1450cd87f
Sentence_for_entry_1685.m4a,sentence,,,74042a00c9a7
Sentence_for_entry_1686_02.m4a,sentence,,,453ba073bd56
Sentence_for_entry_1686_01.m4a,sentence,,,9589b0992138
Sentence_for_entry_1687.m4a,sentence,,,342215e5ea8b
Sentence_for_entry_1688.m4a,sentence,,,f0a528e7e511
Sentence_for_entry_1689.m4a,sentence,,,903259aa701c
Sentence_for_entry_1690.m4a,sentence,,,551f0a99b683
Sentence_for_entry_1691.m4a,sentence,,,21b182b8acfe
Sentence_for_entry_1692.m4a,sentence,,,15978e73fef5
Sentence_for_entry_1693.m4a,sentence,,,7312dc701385
Sentence_for_entry_1694.m4a,sentence,,,18ccf5fae49b
Sentence_for_entry_1695.m4a,sentence,,,d81d58ac4579
Sentence_for_entry_1696.m4a,sentence,,,fe8659e6da96
Sentence_for_entry_1697.m4a,sentence,,,c5173bb98f78
Sentence_for_entry_1698.m4a,sentence,,,f144aeb2d8c3
Sentence_for_entry_1699.m4a,sentence,,,aaf584bcc596
Sentence_for_entry_1700.m4a,sentence,,,0af601a5d55d
Sentence_for_entry_1701.m4a,sentence,,,9937c8b33947
Sentence_for_entry_1702.m4a,sentence,,,77833ce4c72a
Sentence_for_entry_1703.m4a,sentence,,,8aabfe0dc1e5
Sentence_for_entry_1704.m4a,sentence,,,43c863afe558
Sentence_for_entry_1705.m4a,sentence,,,e14eb6fce22a
Sentence_for_entry_1706.m4a,sentence,,,d8fb56ba2680
Sentence_for_entry_1707.m4a,sentence,,,a2b0df6ecb1e
Sentence_for_entry_1708.m4a,sentence,,,92f045f1845d
Sentence_for_entry_1709.m4a,sentence,,,de1ff6c00632
Sentence_for_entry_1710.m4a,sentence,,,72bdd6b8190d
Sentence_for_entry_1711.m4a,sentence,,,e751fb72977d
Sentence_for_entry_1712.m4a,sentence,,,2ffd8ac908eb
Sentence_for_entry_1713.m4a,sentence,,,80a06e54b89d
Sentence_for_entry_1714.m4a,sentence,,,18521d3b48bf
Sentence_for_entry_1715_01.m4a,sentence,,,31878a67a307
Sentence_for_entry_1715_02.m4a,sentence,,,9bb8b489e93d
Sentence_for_entry_1716.m4a,sentence,,,7cb5ab1c4ce0
Sentence_for_entry_1717.m4a,sentence,,,d49db883c824
Sentence_for_entry_1718.m4a,sentence,,,f23b03f927b5
Sentence_for_entry_1719.m4a,sentence,,,435b30b98e26
Sentence_for_entry_1721.m4a,sentence,,,9dac46ad4f0b
Sentence_for_entry_1722.m4a,sentence,,,09050cdfa8a6
Sentence_for_entry_1723.m4a,sentence,,,7e82f965327d
Sentence_for_entry_1724.m4a,sentence,,,c31ebbc695b0
Sentence_for_entry_1725.m4a,sentence,,,051e0b068923
Sentence_for_entry_1726.m4a,sentence,,,272c7d59a20d
Sentence_for_entry_1727.m4a,sentence,,,1fcf44fa12e1
Sentence_for_entry_1728.m4a,sentence,,,6ebd630ee081
Sentence_for_entry_1729.m4a,sentence,,,8d71a6ac0f85
Sentence_for_entry_1730.m4a,sentence,,,de76da919de0
Sentence_for_entry_1731.m4a,sentence,,,43bd8cb4456f
Sentence_for_entry_1732_01.m4a,sentence,,,08aee66a3c9d
Sentence_for_entry_1732_02.m4a,sentence,,,7c7f47e07665
Sentence_for_entry_1733.m4a,sentence,,,280b30e26942
Sentence_for_entry_1734.m4a,sentence,,,c376ff95a461
Sentence_for_entry_1735.m4a,sentence,,,b774bac49c75
Sentence_for_entry_1736.m4a,sentence,,,5a36822c2a19
Sentence_for_entry_1737.m4a,sentence,,,36950a0fcc65
Sentence_for_entry_1738.m4a,sentence,,,27a64876f37f
Sentence_for_entry_1739.m4a,sentence,,,88eff8740648
Sentence_for_entry_1740.m4a,sentence,,,77396227300d
Sentence_for_entry_1741.m4a,sentence,,,cdf239fe56a4
Sentence_for_entry_1742.m4a,sentence,,,bb59cd26fc03
Sentence_for_entry_1743.m4a,sentence,,,4b6c0fcf9923
Sentence_for_entry_1744.m4a,sentence,,,4071d0e2ba1a
Sentence_for_entry_1745.m4a,sentence,,,e3dfb287ba22
Sentence_for_entry_1746.m4a,sentence,,,c9651f9dcc6f
Sentence_for_entry_1747.m4a,sentence,,,c5fadc40e971
Sentence_for_entry_1748.m4a,sentence,,,a525911f9cc0
Sentence_for_entry_1749.m4a,sentence,,,f017f932a219
Sentence_for_entry_1750.m4a,sentence,,,3aa73c9893a7
Sentence_for_entry_1751.m4a,sentence,,,5feb46fc3f50
Sentence_for_entry_1752.m4a,sentence,,,271a3399d48b
Sentence_for_entry_1753.m4a,sentence,,,e46d9856ce49
Sentence_for_entry_1754.m4a,sentence,,,91d0abf0bd82
Sentence_for_entry_1755.m4a,sentence,,,1af27ca10267
Sentence_for_entry_1756.m4a,sentence,,,b5e28220b4a7
Sentence_for_entry_1757.m4a,sentence,,,4b4f606933ae
Sentence_for_entry_1758.m4a,sentence,,,7f368070fda3
Sentence_for_entry_1759.m4a,sentence,,,826b182c7203
Sentence_for_entry_1760.m4a,sentence,,,031cbc0a1b28
Sentence_for_entry_1761.m4a,sentence,,,260cece0bb3a
Sentence_for_entry_1762.m4a,sentence,,,d7ea8cb14113
Sentence_for_entry_1763.m4a,sentence,,,3222bdbd1113
Sentence_for_entry_1764.m4a,sentence,,,13adcbb434e9
Sentence_for_entry_1765.m4a,sentence,,,5403f361bbd7
Sentence_for_entry_1766.m4a,sentence,,,2fe90604e200
Sentence_for_entry_1767.m4a,sentence,,,67a0eea67754
Sentence_for_entry_1768.m4a,sentence,,,42cd3fcd6a3e
Sentence_for_entry_1769.m4a,sentence,,,9eb2487a08e6
Sentence_for_entry_1770.m4a,sentence,,,6f1393ab9292
Sentence_for_entry_1771_01.m4a,sentence,,,148ed6578263
Sentence_for_entry_1771_02.m4a,sentence,,,20809fff81f6
Sentence_for_entry_1773.m4a,sentence,,,5b795f0191cf
Sentence_for_entry_1774.m4a,sentence,,,d7e01ab162d2
Sentence_for_entry_1775.m4a,sentence,,,46e36bc2fb78
Sentence_for_entry_1776.m4a,sentence,,,4e8634a9f45a
Sentence_for_entry_1777.m4a,sentence,,,577055b1b2a3
Sentence_for_entry_1778.m4a,sentence,,,b7d882d6c642
Sentence_for_entry_1779.m4a,sentence,,,699065b4a396
Sentence_for_entry_1780.m4a,sentence,,,1df9b317efda
Sentence_for_entry_1781.m4a,sentence,,,064cd2ab53ec
Sentence_for_entry_1782.m4a,sentence,,,72622b31e8e3
Sentence_for_entry_1783.m4a,sentence,,,18f171649baf
Sentence_for_entry_1784.m4a,sentence,,,3d03c033cd57
Sentence_for_entry_1785.m4a,sentence,,,45ba9281204a
Sentence_for_entry_1786.m4a,sentence,,,fa736188811d
Sentence_for_entry_1787.m4a,sentence,,,42048fca9855
Sentence_for_entry_1788.m4a,sentence,,,d28ec9a1e6be
Sentence_for_entry_1789.m4a,sentence,,,99888f6bbde7
Sentence_for_entry_1790.m4a,sentence,,,7d432827adf0
Sentence_for_entry_1791.m4a,sentence,,,c2eac0fd2df7
Sentence_for_entry_1792.m4a,sentence,,,b4f09b63efb4
Sentence_for_entry_1793.m4a,sentence,,,c75cc476936c
Sentence_for_entry_1794.m4a,sentence,,,13ea847c361a
Sentence_for_entry_1795_02.m4a,sentence,,,730ec3510f29
Sentence_for_entry_1795_01.m4a,sentence,,,dc5bd4b83ab6
Sentence_for_entry_1796_02.m4a,sentence,,,3c874ee89995
Sentence_for_entry_1796_01.m4a,sentence,,,f42ded1cb724
Sentence_for_entry_1797.m4a,sentence,,,54e69ff0a752
Sentence_for_entry_1798.m4a,sentence,,,f1261260fd2d
Sentence_for_entry_1799.m4a,sentence,,,544e6def0ef3
Sentence_for_entry_1800.m4a,sentence,,,fc8077db2276
Sentence_for_entry_1801.m4a,sentence,,,626789941857
Sentence_for_entry_1802.m4a,sentence,,,20ecc3bb54bf
Sentence_for_entry_1803.m4a,sentence,,,551d78d1a935
Sentence_for_entry_1804.m4a,sentence,,,680e52592757
Sentence_for_entry_1805.m4a,sentence,,,0f3d5011d38e
Sentence_for_entry_1806.m4a,sentence,,,687725e47bca
Sentence_for_entry_1807.m4a,sentence,,,ca6dbd04640b
Sentence_for_entry_1808.m4a,sentence,,,20a9e4067433
Sentence_for_entry_1809.m4a,sentence,,,0ff9fec2d7ae
Sentence_for_entry_1810_02.m4a,sentence,,,3f4677f02b5f
Sentence_for_entry_1810_01.m4a,sentence,,,9595c41009ac
Sentence_for_entry_1811.m4a,sentence,,,00b1ec6cd736
Sentence_for_entry_1812.m4a,sentence,,,71d82758dc8f
Sentence_for_entry_1813.m4a,sentence,,,e48630db22bc
Sentence_for_entry_1816.m4a,sentence,,,15d42c1af029
Sentence_for_entry_1818.m4a,sentence,,,2fac382b2bf0
Sentence_for_entry_1819.m4a,sentence,,,88c57a952cb1
Sentence_for_entry_1820.m4a,sentence,,,be20673ef221
Sentence_for_entry_1822.m4a,sentence,,,e96606087d3d
Sentence_for_entry_1823.m4a,sentence,,,f4323d3b68d0
Sentence_for_entry_1825.m4a,sentence,,,6e2bcc0cb683
Sentence_for_entry_1826.m4a,sentence,,,8d6463a26b0d
Sentence_for_entry_1827.m4a,sentence,,,a866f5991f91
Sentence_for_entry_1828.m4a,sentence,,,9c30b253e06e
Sentence_for_entry_1829.m4a,sentence,,,c024cecba607
Sentence_for_entry_1830.m4a,sentence,,,9ee05cf6d526
Sentence_for_entry_1831.m4a,sentence,,,53ad877b60fd
Sentence_for_entry_1832.m4a,sentence,,,4a4d684d1952
Sentence_for_entry_1833.m4a,sentence,,,9e40ba63abf9
Sentence_for_entry_1834.m4a,sentence,,,52632b315d39
Sentence_for_entry_1835.m4a,sentence,,,b07889496476
Sentence_for_entry_1836.m4a,sentence,,,56a772894865
Sentence_for_entry_1837.m4a,sentence,,,cf5948f9eeb8
Sentence_for_entry_1838.m4a,sentence,,,692baed0aa94
Sentence_for_entry_1838.m4a,sentence,,,c58d04a81796
Sentence_for_entry_1839.m4a,sentence,,,5857490de970
Sentence_for_entry_1840.m4a,sentence,,,d11f51b36794
Sentence_for_entry_1841.m4a,sentence,,,45dba98037a5
Sentence_for_entry_1843.m4a,sentence,,,17d968dff9ca
Sentence_for_entry_1845.m4a,sentence,,,b6100d933d1f
Sentence_for_entry_1846.m4a,sentence,,,79383c3ff174
Sentence_for_entry_1847.m4a,sentence,,,f45bfef24685
Sentence_for_entry_1848.m4a,sentence,,,f43b2bd6b2f6
Sentence_for_entry_1848.m4a,sentence,,,95bde58e63b4
Sentence_for_entry_1850.m4a,sentence,,,587eea24ddb8
Sentence_for_entry_1851.m4a,sentence,,,45602362e31a
Sentence_for_entry_1855.m4a,sentence,,,24e9fdf2beb4
Sentence_for_entry_1858.m4a,sentence,,,36ef84470b4e
Sentence_for_entry_1859.m4a,sentence,,,3625ff850041
Sentence_for_entry_1860.m4a,sentence,,,7a3582b470f0
Sentence_for_entry_1861.m4a,sentence,,,15d63cd2e4b8
Sentence_for_entry_1862.m4a,sentence,,,731ea3f4625e
Sentence_for_entry_1863.m4a,sentence,,,84ba3bfc1ca8
Sentence_for_entry_1864.m4a,sentence,,,fd50b5609f58
